Category,Type,Model,Manufacturer,Physical Location Type,Physical Location,Assigned Locations,Status,Serial Number,No. of Units,Change Date,PO/Contract Number,FRD/Release Number
Seismometer,Feedback,STS-2.5 1500 V/m/s Standard Feedback,G. Streckeisen AG,Station - Site,AAK,AAK (AS060),In Use,110649,1,07-OCT-2020,,
Seismometer,Feedback,STS-2.5 1500 V/m/s Standard Feedback,G. Streckeisen AG,Station - Site,AFI,AFI (AS095),In Use,110609,1,28-JUL-2013,,
Seismometer,Feedback,CMG-ESP 750 V/m/s² Feedback,Guralp Systems Ltd.,Station - Site,AK01,AKASG (PS45),In Use,V3214,1,30-NOV-2006,,
Seismometer,Feedback,3VB 750 V/m/s² Feedback,Guralp Systems Ltd.,Station - Site,AK19,AKASG (PS45),In Use,V3J85,1,23-JUN-2018,2013-0084,0092
Seismometer,Feedback,CMG-ESP 750 V/m/s² Feedback,Guralp Systems Ltd.,Station - Site,AK05,AKASG (PS45),In Use,V3202,1,26-FEB-2002,,
Seismometer,Feedback,CMG-3T 20000 V/m/s Feedback,Guralp Systems Ltd.,Station - Site,AKBB,AKASG (PS45),In Use,T36342,1,02-FEB-2024,,
Seismometer,Feedback,CMG-ESP 750 V/m/s² Feedback,Guralp Systems Ltd.,Station - Site,AK18,AKASG (PS45),In Use,V3215,1,26-FEB-2002,,
Seismometer,Feedback,CMG-ESP 750 V/m/s² Feedback,Guralp Systems Ltd.,Station - Site,AK06,AKASG (PS45),In Use,V3200,1,26-FEB-2002,,
Seismometer,Feedback,3VB 750 V/m/s² Feedback,Guralp Systems Ltd.,Station - Site,AK17,AKASG (PS45),In Use,V3J82,1,24-JUN-2018,2013-0084,0092
Seismometer,Feedback,CMG-ESP 750 V/m/s² Feedback,Guralp Systems Ltd.,Station - Site,AK04,AKASG (PS45),In Use,V3217,1,26-FEB-2002,,
Seismometer,Feedback,CMG-ESP 750 V/m/s² Feedback,Guralp Systems Ltd.,Station - Site,AK13,AKASG (PS45),In Use,V3207,1,26-FEB-2002,,
Seismometer,Feedback,CMG-ESP 750 V/m/s² Feedback,Guralp Systems Ltd.,Station - Site,AK03,AKASG (PS45),In Use,V3225,1,26-FEB-2002,,
Seismometer,Feedback,CMG-ESP 750 V/m/s² Feedback,Guralp Systems Ltd.,Station - Site,AK11,AKASG (PS45),In Use,V3210,1,26-FEB-2002,,
Seismometer,Feedback,CMG-ESP 750 V/m/s² Feedback,Guralp Systems Ltd.,Station - Site,AK23,AKASG (PS45),In Use,V3223,1,26-FEB-2002,,
Seismometer,Feedback,3VB 750 V/m/s² Feedback,Guralp Systems Ltd.,Station - Site,AK16,AKASG (PS45),In Use,V3J86,1,26-JUN-2018,2013-0084,0092
Seismometer,Feedback,3VB 750 V/m/s² Feedback,Guralp Systems Ltd.,Station - Site,AK20,AKASG (PS45),In Use,V3J81,1,26-JUN-2018,2013-0084,0092
Seismometer,Feedback,CMG-ESP 750 V/m/s² Feedback,Guralp Systems Ltd.,Station - Site,AK14,AKASG (PS45),In Use,V3198,1,13-JAN-2016,,
Seismometer,Feedback,CMG-ESP 750 V/m/s² Feedback,Guralp Systems Ltd.,Station - Site,AK02,AKASG (PS45),In Use,V3213,1,26-FEB-2002,,
Seismometer,Feedback,CMG-ESP 750 V/m/s² Feedback,Guralp Systems Ltd.,Station - Site,AK22,AKASG (PS45),In Use,V3201,1,01-MAR-2007,,
Seismometer,Feedback,CMG-ESP 750 V/m/s² Feedback,Guralp Systems Ltd.,Station - Site,AK09,AKASG (PS45),In Use,V3212,1,26-FEB-2002,,
Seismometer,Feedback,CMG-3ESPV 750 V/m/s² Feedback,Guralp Systems Ltd.,Station - Site,AK15,AKASG (PS45),In Use,V3196,1,22-APR-2009,,
Seismometer,Feedback,CMG-ESP 750 V/m/s² Feedback,Guralp Systems Ltd.,Station - Site,AK12,AKASG (PS45),In Use,V3216,1,09-AUG-2017,,
Seismometer,Feedback,3VB 750 V/m/s² Feedback,Guralp Systems Ltd.,Station - Site,AK21,AKASG (PS45),In Use,V3J83,1,26-JUN-2018,2013-0084,0092
Seismometer,Feedback,CMG-ESP 750 V/m/s² Feedback,Guralp Systems Ltd.,Station - Site,AK08,AKASG (PS45),In Use,V3211,1,26-FEB-2002,,
Seismometer,Feedback,CMG-ESP 750 V/m/s² Feedback,Guralp Systems Ltd.,Station - Site,AK10,AKASG (PS45),In Use,V3221,1,30-MAR-2004,,
Seismometer,Feedback,CMG-ESP 750 V/m/s² Feedback,Guralp Systems Ltd.,Station - Site,AK07,AKASG (PS45),In Use,V3204,1,23-JUL-2009,,
Seismometer,Feedback,CMG-3TB 10000 V/m/s Feedback,Guralp Systems Ltd.,Station - Site,AKTO,AKTO (AS059),In Use,T36284,1,27-OCT-2016,,
Seismometer,Feedback,STS-5a 1500 V/m/s Feedback,G. Streckeisen AG,Station - Site,ANMO,ANMO (AS111),In Use,130912,1,30-APR-2019,,
Seismometer,Feedback,STS-2 1500 V/m/s Low-Power Feedback,G. Streckeisen AG,Station - Site,APG,APG (AS037),In Use,100108,1,14-DEC-2017,,
Seismometer,Feedback,CMG-3T HYB 40000 V/m/s Feedback,Guralp Systems Ltd.,Station - Site,ARC3,ARCES (PS28),In Use,T38216,1,23-SEP-2014,2009-1767,0009
Seismometer,Feedback,CMG-3T HYB 40000 V/m/s Feedback,Guralp Systems Ltd.,Station - Site,ARB3,ARCES (PS28),In Use,T38252,1,23-SEP-2014,2009-1767,0009
Seismometer,Feedback,CMG-3T HYB 40000 V/m/s Feedback,Guralp Systems Ltd.,Station - Site,ARD6,ARCES (PS28),In Use,T38258,1,12-SEP-2018,2009-1767,0009
Seismometer,Feedback,CMG-3T HYB 40000 V/m/s Feedback,Guralp Systems Ltd.,Station - Site,ARC2,ARCES (PS28),In Use,T38206,1,05-JAN-2023,2009-1767,0009
Seismometer,Feedback,CMG-3T HYB 40000 V/m/s Feedback,Guralp Systems Ltd.,Station - Site,ARB2,ARCES (PS28),In Use,T38202,1,23-SEP-2014,2009-1767,0009
Seismometer,Feedback,CMG-3T HYB 40000 V/m/s Feedback,Guralp Systems Ltd.,Station - Site,ARC6,ARCES (PS28),In Use,T37446,1,23-SEP-2014,2009-1767,0009
Seismometer,Feedback,CMG-3T HYB 40000 V/m/s Feedback,Guralp Systems Ltd.,Station - Site,ARA2,ARCES (PS28),In Use,T38259,1,23-SEP-2014,2009-1767,0009
Seismometer,Feedback,CMG-3T HYB 40000 V/m/s Feedback,Guralp Systems Ltd.,Station - Site,ARA3,ARCES (PS28),In Use,T38329,1,23-SEP-2014,2009-1767,0009
Seismometer,Feedback,CMG-3T HYB 40000 V/m/s Feedback,Guralp Systems Ltd.,Station - Site,ARD8,ARCES (PS28),In Use,T38253,1,23-SEP-2014,2009-1767,0009
Seismometer,Feedback,CMG-3T HYB 40000 V/m/s Feedback,Guralp Systems Ltd.,Station - Site,ARD7,ARCES (PS28),In Use,T38254,1,23-SEP-2014,2009-1767,0009
Seismometer,Feedback,CMG-3T HYB 40000 V/m/s Feedback,Guralp Systems Ltd.,Station - Site,ARC4,ARCES (PS28),In Use,T38217,1,23-SEP-2014,2009-1767,0009
Seismometer,Feedback,CMG-3T HYB 40000 V/m/s Feedback,Guralp Systems Ltd.,Station - Site,ARB1,ARCES (PS28),In Use,T38215,1,23-SEP-2014,2009-1767,0009
Seismometer,Feedback,CMG-3T HYB 40000 V/m/s Feedback,Guralp Systems Ltd.,Station - Site,ARB4,ARCES (PS28),In Use,T38214,1,23-SEP-2014,2009-1767,0009
Seismometer,Feedback,CMG-3T HYB 40000 V/m/s Feedback,Guralp Systems Ltd.,Station - Site,ARC1,ARCES (PS28),In Use,T38218,1,23-SEP-2014,2009-1767,0009
Seismometer,Feedback,CMG-3T HYB 40000 V/m/s Feedback,Guralp Systems Ltd.,Station - Site,ARD2,ARCES (PS28),In Use,T38256,1,23-SEP-2014,2009-1767,0009
Seismometer,Feedback,CMG-3T HYB 40000 V/m/s Feedback,Guralp Systems Ltd.,Station - Site,ARD3,ARCES (PS28),In Use,T38209,1,23-SEP-2014,2009-1767,0009
Seismometer,Feedback,CMG-3T HYB 40000 V/m/s Feedback,Guralp Systems Ltd.,Station - Site,ARC5,ARCES (PS28),In Use,T38323,1,23-SEP-2014,2009-1767,0009
Seismometer,Feedback,CMG-3T HYB 40000 V/m/s Feedback,Guralp Systems Ltd.,Station - Site,ARC7,ARCES (PS28),In Use,T37560,1,23-SEP-2014,2009-1767,0009
Seismometer,Feedback,CMG-3T HYB 40000 V/m/s Feedback,Guralp Systems Ltd.,Station - Site,ARD5,ARCES (PS28),In Use,T38200,1,23-SEP-2014,2009-1767,0009
Seismometer,Feedback,CMG-3T HYB 40000 V/m/s Feedback,Guralp Systems Ltd.,Station - Site,ARD4,ARCES (PS28),In Use,T38201,1,23-SEP-2014,2009-1767,0009
Seismometer,Feedback,CMG-3T HYB 40000 V/m/s Feedback,Guralp Systems Ltd.,Station - Site,ARB5,ARCES (PS28),In Use,T38199,1,23-SEP-2014,2009-1767,0009
Seismometer,Feedback,CMG-3T HYB 40000 V/m/s Feedback,Guralp Systems Ltd.,Station - Site,ARD9,ARCES (PS28),In Use,T38205,1,26-SEP-2016,2009-1767,0009
Seismometer,Feedback,CMG-3T HYB 40000 V/m/s Feedback,Guralp Systems Ltd.,Station - Site,ARA0,ARCES (PS28),In Use,T38255,1,23-SEP-2014,2009-1767,0009
Seismometer,Feedback,CMG-3T HYB 40000 V/m/s Feedback,Guralp Systems Ltd.,Station - Site,ARA1,ARCES (PS28),In Use,T38251,1,23-SEP-2014,2009-1767,0009
Seismometer,Feedback,CMG-3T HYB 40000 V/m/s Feedback,Guralp Systems Ltd.,Station - Site,ARD1,ARCES (PS28),In Use,T38208,1,13-OCT-2020,2009-1767,0009
Seismometer,Feedback,STS-2.5 1500 V/m/s Standard Feedback,G. Streckeisen AG,Station - Site,ARTI,ARTI (AS085),In Use,110642,1,09-SEP-2018,,
Seismometer,Passive,23900A Passive,"Geotech Instruments, LLC",Station - Site,AS01,ASAR (PS03),In Use,145,1,11-JUN-2005,,
Seismometer,Passive,23900A Passive,"Geotech Instruments, LLC",Station - Site,AS02,ASAR (PS03),In Use,221,1,21-JUN-2005,,
Seismometer,Passive,23900A Passive,"Geotech Instruments, LLC",Station - Site,AS03,ASAR (PS03),In Use,093,1,26-OCT-2017,,
Seismometer,Passive,23900A Passive,"Geotech Instruments, LLC",Station - Site,AS04,ASAR (PS03),In Use,139,1,21-JUN-2005,,
Seismometer,Passive,23900A Passive,"Geotech Instruments, LLC",Station - Site,AS05,ASAR (PS03),In Use,173,1,14-JUN-2005,,
Seismometer,Passive,23900A Passive,"Geotech Instruments, LLC",Station - Site,AS06,ASAR (PS03),In Use,,1,10-JUN-2005,,
Seismometer,Passive,23900A Passive,"Geotech Instruments, LLC",Station - Site,AS06,ASAR (PS03),In Use,135,1,20-JUN-2013,,
Seismometer,Passive,23900A Passive,"Geotech Instruments, LLC",Station - Site,AS07,ASAR (PS03),In Use,149,1,11-JUN-2005,,
Seismometer,Passive,23900A Passive,"Geotech Instruments, LLC",Station - Site,AS08,ASAR (PS03),In Use,169,1,16-JUN-2005,,
Seismometer,Feedback,CMG-3TB 10000 V/m/s Feedback,Guralp Systems Ltd.,Station - Site,AS31,ASAR (PS03),In Use,T3P27B,1,15-AUG-2023,,
Seismometer,Passive,23900A Passive,"Geotech Instruments, LLC",Station - Site,AS09,ASAR (PS03),In Use,075B,1,17-JUN-2005,,
Seismometer,Passive,23900A Passive,"Geotech Instruments, LLC",Station - Site,AS10,ASAR (PS03),In Use,78,1,17-JUN-2005,,
Seismometer,Passive,23900A Passive,"Geotech Instruments, LLC",Station - Site,AS11,ASAR (PS03),In Use,165,1,28-JUN-2005,,
Seismometer,Passive,23900A Passive,"Geotech Instruments, LLC",Station - Site,AS12,ASAR (PS03),In Use,146,1,14-JUN-2005,,
Seismometer,Passive,23900A Passive,"Geotech Instruments, LLC",Station - Site,AS13,ASAR (PS03),In Use,166,1,20-JUN-2005,,
Seismometer,Passive,23900A Passive,"Geotech Instruments, LLC",Station - Site,AS14,ASAR (PS03),In Use,23,1,15-JUN-2005,,
Seismometer,Passive,23900 Passive,"Geotech Instruments, LLC",Station - Site,AS14,ASAR (PS03),In Use,085,1,04-MAR-2022,,
Seismometer,Passive,23900A Passive,"Geotech Instruments, LLC",Station - Site,AS15,ASAR (PS03),In Use,50,1,22-JUN-2005,,
Seismometer,Passive,23900A Passive,"Geotech Instruments, LLC",Station - Site,AS16,ASAR (PS03),In Use,056,1,24-JUN-2005,,
Seismometer,Passive,23900A Passive,"Geotech Instruments, LLC",Station - Site,AS17,ASAR (PS03),In Use,95,1,10-JUN-2005,,
Seismometer,Passive,23900A Passive,"Geotech Instruments, LLC",Station - Site,AS18,ASAR (PS03),In Use,79,1,20-JUN-2005,,
Seismometer,Passive,23900A Passive,"Geotech Instruments, LLC",Station - Site,AS19,ASAR (PS03),In Use,071,1,11-JAN-2019,,
Seismometer,Feedback,Trillium T120-BH2 Feedback,"Nanometrics, Inc.",Station - Site,ASF,ASF (AS056),In Use,003299,1,20-NOV-2023,2019-1171,0055
Seismometer,Feedback,CMG-3TB 10000 V/m/s Feedback,Guralp Systems Ltd.,Station - Site,ATAH,ATAH (AS077),In Use,T3998,1,28-FEB-2006,,
Seismometer,Feedback,STS-2 1500 V/m/s Standard Feedback,G. Streckeisen AG,Station - Site,ATD,ATD (AS028),In Use,90315,1,18-DEC-2004,,
Seismometer,Feedback,Trillium 120 P Feedback,"Nanometrics, Inc.",Station - Site,BATI,BATI (AS045),In Use,1085,1,04-OCT-2011,,
Seismometer,Feedback,Trillium 120-QA Feedback,"Nanometrics, Inc.",Station - Facility,CF-ISN-CA,BBB (AS015),In Use,002535,1,02-NOV-2023,,
Seismometer,Feedback,Trillium 120-QA Feedback,"Nanometrics, Inc.",Station - Site,BBB,BBB (AS015),In Use,2631,1,09-MAY-2023,,
Seismometer,Feedback,CMG-3TB 20000 V/m/s Feedback,Guralp Systems Ltd.,Station - Site,BBTS,BBTS (AS097),In Use,T39159,1,31-JAN-2018,,
Seismometer,Feedback,CMG-3TB 20000 V/m/s Feedback,Guralp Systems Ltd.,Station - Site,BDFB,BDFB (PS07),In Use,T3P87,1,05-MAY-2012,,
Seismometer,Feedback,CMG-3TB 10000 V/m/s Feedback,Guralp Systems Ltd.,Station - Site,BELG,BELG (AS094),In Use,T37183,1,23-MAY-2014,2009-1767,0006
Seismometer,Feedback,Trillium T120-BH1 Feedback,"Nanometrics, Inc.",Station - Site,BIL,BIL (AS090),In Use,001065,1,09-OCT-2021,,
Seismometer,Feedback,STS-2.5 1500 V/m/s Standard Feedback,G. Streckeisen AG,Station - Site,BORG,BORG (AS038),In Use,90932,1,17-APR-2012,,
Seismometer,Passive,GS-21 Passive,"Geotech Instruments, LLC",Station - Site,BOSA1,BOSA (PS39),In Use,252A1,1,11-MAY-2019,,
Seismometer,Feedback,KS54000 Feedback,"Geotech Instruments, LLC",Station - Site,BOSAB,BOSA (PS39),In Use,096,1,29-MAY-2014,,
Seismometer,Passive,GS-21 Passive,"Geotech Instruments, LLC",Station - Site,BOSAB,BOSA (PS39),In Use,112,1,21-DEC-2004,,
Seismometer,Feedback,3T 1500 V/m/s Feedback,Guralp Systems Ltd.,Station - Site,BRDH,BRDH (AS007),In Use,T310075,1,06-OCT-2018,2013-0084,0102
Seismometer,Feedback,CMG-3TB 10000 V/m/s Feedback,Guralp Systems Ltd.,Station - Site,BR237,BRTR (PS43),In Use,T35623B,1,24-JUN-2021,,
Seismometer,Feedback,CMG-3TB 10000 V/m/s² Feedback,Guralp Systems Ltd.,Station - Site,BR234,BRTR (PS43),In Use,T35127B,1,26-JUL-2023,,
Seismometer,Feedback,CMG-3TB 10000 V/m/s² Feedback,Guralp Systems Ltd.,Station - Site,BR232,BRTR (PS43),In Use,T35094B,1,31-OCT-2018,,
Seismometer,Feedback,CMG-3TB 10000 V/m/s Feedback,Guralp Systems Ltd.,Station - Site,BR131,BRTR (PS43),In Use,T34911B,1,30-NOV-2023,,
Seismometer,Feedback,CMG-3TB 10000 V/m/s² Feedback,Guralp Systems Ltd.,Station - Site,BR235,BRTR (PS43),In Use,T35057B,1,31-OCT-2018,,
Seismometer,Feedback,CMG-3TB 10000 V/m/s² Feedback,Guralp Systems Ltd.,Station - Site,BR233,BRTR (PS43),In Use,T35011B,1,31-OCT-2018,,
Seismometer,Feedback,CMG-3TB 10000 V/m/s² Feedback,Guralp Systems Ltd.,Station - Site,BR236,BRTR (PS43),In Use,T3P36B,1,31-OCT-2018,,
Seismometer,Feedback,CMG-3TB 10000 V/m/s² Feedback,Guralp Systems Ltd.,Station - Site,BR231,BRTR (PS43),In Use,T35124B,1,31-OCT-2018,,
Seismometer,Passive,GS-21 Passive,"Geotech Instruments, LLC",Station - Site,BVA1,BVAR (AS057),In Use,312,1,17-DEC-2002,,
Seismometer,Passive,GS-21 Passive,"Geotech Instruments, LLC",Station - Site,BVA2,BVAR (AS057),In Use,315,1,17-DEC-2002,,
Seismometer,Passive,GS-21 Passive,"Geotech Instruments, LLC",Station - Site,BVA3,BVAR (AS057),In Use,314,1,17-DEC-2002,,
Seismometer,Passive,GS-21 Passive,"Geotech Instruments, LLC",Station - Site,BVA4,BVAR (AS057),In Use,310,1,17-DEC-2002,,
Seismometer,Feedback,CMG-3TB 20000 V/m/s Feedback,Guralp Systems Ltd.,Station - Site,BVA0,BVAR (AS057),In Use,T3B55,1,20-AUG-2013,,
Seismometer,Passive,GS-21 Passive,"Geotech Instruments, LLC",Station - Site,BVB5,BVAR (AS057),In Use,311,1,17-DEC-2002,,
Seismometer,Passive,GS-21 Passive,"Geotech Instruments, LLC",Station - Site,BVB6,BVAR (AS057),In Use,313,1,17-DEC-2002,,
Seismometer,Passive,GS-21 Passive,"Geotech Instruments, LLC",Station - Site,BVB7,BVAR (AS057),In Use,306,1,17-DEC-2002,,
Seismometer,Passive,GS-21 Passive,"Geotech Instruments, LLC",Station - Site,BVB8,BVAR (AS057),In Use,307,1,17-DEC-2002,,
Seismometer,Passive,GS-21 Passive,"Geotech Instruments, LLC",Station - Site,BVB9,BVAR (AS057),In Use,309,1,17-DEC-2002,,
Seismometer,Feedback,STS-2 1500 V/m/s Low-Power Feedback,G. Streckeisen AG,Station - Site,CFAA,CFA (AS001),In Use,110039,1,22-DEC-2004,,
Seismometer,Passive,23900A Passive,"Geotech Instruments, LLC",Station - Site,CM01,CMAR (PS41),In Use,075A,1,14-AUG-2009,,
Seismometer,Passive,23900A Passive,"Geotech Instruments, LLC",Station - Site,CM02,CMAR (PS41),In Use,85,1,14-AUG-2009,,
Seismometer,Passive,23900A Passive,"Geotech Instruments, LLC",Station - Site,CM03,CMAR (PS41),In Use,,1,01-JUL-2005,,
Seismometer,Passive,23900A Passive,"Geotech Instruments, LLC",Station - Site,CM04,CMAR (PS41),In Use,65,1,26-OCT-2021,,
Seismometer,Passive,23900A Passive,"Geotech Instruments, LLC",Station - Site,CM05,CMAR (PS41),In Use,,1,01-JUL-2005,,
Seismometer,Passive,23900A Passive,"Geotech Instruments, LLC",Station - Site,CM06,CMAR (PS41),In Use,64,1,01-JUL-2005,,
Seismometer,Passive,23900A Passive,"Geotech Instruments, LLC",Station - Site,CM07,CMAR (PS41),In Use,70,1,01-JUL-2005,,
Seismometer,Passive,23900A Passive,"Geotech Instruments, LLC",Station - Site,CM08,CMAR (PS41),In Use,107,1,01-JUL-2005,,
Seismometer,Feedback,KS54000 Feedback,"Geotech Instruments, LLC",Station - Site,CM34,CMAR (PS41),In Use,147,1,01-OCT-2012,,
Seismometer,Feedback,KS54000 Feedback,"Geotech Instruments, LLC",Station - Site,CM33,CMAR (PS41),In Use,176,1,23-APR-2013,,
Seismometer,Passive,23900A Passive,"Geotech Instruments, LLC",Station - Site,CM09,CMAR (PS41),In Use,69,1,01-JUL-2005,,
Seismometer,Feedback,KS54000 Feedback,"Geotech Instruments, LLC",Station - Site,CM31,CMAR (PS41),In Use,150,1,20-JUN-2016,,
Seismometer,Feedback,KS54000 Feedback,"Geotech Instruments, LLC",Station - Site,CM36,CMAR (PS41),In Use,064,1,01-JUL-2005,,
Seismometer,Passive,23900A Passive,"Geotech Instruments, LLC",Station - Site,CM10,CMAR (PS41),In Use,,1,01-JUL-2005,,
Seismometer,Passive,23900A Passive,"Geotech Instruments, LLC",Station - Site,CM11,CMAR (PS41),In Use,083,1,08-MAY-2019,,
Seismometer,Passive,23900A Passive,"Geotech Instruments, LLC",Station - Site,CM12,CMAR (PS41),In Use,,1,01-JUL-2005,,
Seismometer,Passive,23900A Passive,"Geotech Instruments, LLC",Station - Site,CM13,CMAR (PS41),In Use,89,1,01-JUL-2005,,
Seismometer,Passive,23900A Passive,"Geotech Instruments, LLC",Station - Site,CM14,CMAR (PS41),In Use,,1,01-JUL-2005,,
Seismometer,Passive,23900A Passive,"Geotech Instruments, LLC",Station - Site,CM15,CMAR (PS41),In Use,062,1,11-MAY-2022,,
Seismometer,Passive,23900A Passive,"Geotech Instruments, LLC",Station - Site,CM16,CMAR (PS41),In Use,,1,01-JUL-2005,,
Seismometer,Passive,23900A Passive,"Geotech Instruments, LLC",Station - Site,CM17,CMAR (PS41),In Use,34,1,01-JUL-2005,,
Seismometer,Feedback,KS54000 Feedback,"Geotech Instruments, LLC",Station - Site,KS34,CMAR (PS41),In Use,087,1,12-JUN-2023,,
Seismometer,Feedback,KS54000 Feedback,"Geotech Instruments, LLC",Station - Site,CM35,CMAR (PS41),In Use,,1,01-JUL-2005,,
Seismometer,Passive,23900A Passive,"Geotech Instruments, LLC",Station - Site,CM18,CMAR (PS41),In Use,105,1,01-JUL-2005,,
Seismometer,Feedback,STS-2.5 1500 V/m/s Standard Feedback,G. Streckeisen AG,Station - Site,CMIG,CMIG (AS064),In Use,101003,1,06-DEC-2018,,
Seismometer,Feedback,KS54000 Feedback,"Geotech Instruments, LLC",Station - Site,CPUPB,CPUP (PS30),In Use,002,1,08-FEB-2022,,
Seismometer,Passive,GS-21 Passive,"Geotech Instruments, LLC",Station - Site,CPUP1,CPUP (PS30),In Use,237-A1,1,25-MAY-2018,,
Seismometer,Feedback,STS-2 1500 V/m/s Standard Feedback,G. Streckeisen AG,Station - Site,CTA,CTA (AS004),In Use,120605,1,06-SEP-2019,,
Seismometer,Feedback,STS-2 1500 V/m/s Standard Feedback,G. Streckeisen AG,Station - Site,DAV,DAV (AS079),In Use,19125,1,27-JUL-2015,,
Seismometer,Feedback,STS-2 1500 V/m/s Standard Feedback,G. Streckeisen AG,Station - Site,DAV,DAV (AS079),In Use,90318,1,25-MAR-2007,,
Seismometer,Feedback,STS-2.5 1500 V/m/s Standard Feedback,G. Streckeisen AG,Station - Site,DAVOX,DAVOX (AS102),In Use,120330,1,27-SEP-2019,,
Seismometer,Feedback,KS54000 Feedback,"Geotech Instruments, LLC",Station - Site,DBICB,DBIC (PS15),In Use,007,1,18-OCT-2018,,
Seismometer,Passive,GS-21 Passive,"Geotech Instruments, LLC",Station - Site,DBIC1,DBIC (PS15),In Use,110,1,03-OCT-2019,,
Seismometer,Passive,GS-21 Passive,"Geotech Instruments, LLC",Station - Site,DBIC1,DBIC (PS15),In Use,282,1,24-APR-2023,,
Seismometer,Feedback,CMG-3V HYB 40000 V/m/s Feedback,Guralp Systems Ltd.,Depot,NORSAR Hamar Maintenance Center,DEPOT,In Use,V3J20,1,03-JUN-2020,,
Seismometer,Feedback,KS54000 Feedback,"Geotech Instruments, LLC",Depot,U.S. Air Force Technical Applications Center,DEPOT,In Use,075,1,20-JUN-2016,,
Seismometer,Feedback,Trillium 120-QA Feedback,"Nanometrics, Inc.",Station - Site,DLBC,DLBC (AS013),In Use,2599,1,19-JUN-2019,,
Seismometer,Feedback,STS-2 1500 V/m/s Low-Power Feedback,G. Streckeisen AG,Station - Site,DZM,DZM (AS032),In Use,120654,1,18-MAR-2010,,
Seismometer,Feedback,STS-2 1500 V/m/s Standard Feedback,G. Streckeisen AG,Station - Site,EIL,EIL (AS048),In Use,119504,1,24-APR-2023,,
Seismometer,Feedback,CMG-3V 750 V/m/s² Feedback,Guralp Systems Ltd.,Station - Site,EKR6,EKA (AS104),In Use,V3I34,1,12-NOV-2008,,
Seismometer,Feedback,CMG-3T HYB 10000 V/m/s² Feedback,Guralp Systems Ltd.,Station - Site,EKR31,EKA (AS104),In Use,T38429,1,18-APR-2017,,
Seismometer,Feedback,CMG-3V 750 V/m/s² Feedback,Guralp Systems Ltd.,Station - Site,EKR10,EKA (AS104),In Use,V3I30,1,17-FEB-2009,,
Seismometer,Feedback,CMG-3V 750 V/m/s² Feedback,Guralp Systems Ltd.,Station - Site,EKR3,EKA (AS104),In Use,V3I26,1,13-NOV-2008,,
Seismometer,Feedback,CMG-3V 750 V/m/s² Feedback,Guralp Systems Ltd.,Station - Site,EKB3,EKA (AS104),In Use,V3I49,1,14-NOV-2008,,
Seismometer,Feedback,CMG-3V 750 V/m/s² Feedback,Guralp Systems Ltd.,Station - Site,EKR4,EKA (AS104),In Use,V3I48,1,11-NOV-2008,,
Seismometer,Feedback,CMG-3V 750 V/m/s² Feedback,Guralp Systems Ltd.,Station - Site,EKB1,EKA (AS104),In Use,V3I33,1,13-NOV-2008,,
Seismometer,Feedback,CMG-3V 750 V/m/s² Feedback,Guralp Systems Ltd.,Station - Site,EKB9,EKA (AS104),In Use,V3I41,1,17-NOV-2008,,
Seismometer,Feedback,CMG-3V 750 V/m/s² Feedback,Guralp Systems Ltd.,Station - Site,EKR5,EKA (AS104),In Use,V3I43,1,14-SEP-2009,,
Seismometer,Feedback,CMG-3V 750 V/m/s² Feedback,Guralp Systems Ltd.,Station - Site,EKR9,EKA (AS104),In Use,V3I36,1,12-NOV-2008,,
Seismometer,Feedback,CMG-3V 750 V/m/s² Feedback,Guralp Systems Ltd.,Station - Site,EKR7,EKA (AS104),In Use,V3I37,1,12-NOV-2008,,
Seismometer,Feedback,CMG-3V 750 V/m/s² Feedback,Guralp Systems Ltd.,Station - Site,EKB7,EKA (AS104),In Use,V3I40,1,17-NOV-2008,,
Seismometer,Feedback,CMG-3V 750 V/m/s² Feedback,Guralp Systems Ltd.,Station - Site,EKB4,EKA (AS104),In Use,V3I31,1,14-NOV-2008,,
Seismometer,Feedback,CMG-3V 750 V/m/s² Feedback,Guralp Systems Ltd.,Station - Site,EKR8,EKA (AS104),In Use,V3I42,1,12-NOV-2008,,
Seismometer,Feedback,CMG-3V 750 V/m/s² Feedback,Guralp Systems Ltd.,Station - Site,EKB10,EKA (AS104),In Use,V3I38,1,08-JUN-2009,,
Seismometer,Feedback,CMG-3V 750 V/m/s² Feedback,Guralp Systems Ltd.,Station - Site,EKB2,EKA (AS104),In Use,V3I27,1,13-NOV-2008,,
Seismometer,Feedback,CMG-3V 750 V/m/s² Feedback,Guralp Systems Ltd.,Station - Site,EKB5,EKA (AS104),In Use,V3I39,1,21-JUL-2010,,
Seismometer,Feedback,CMG-3V HYB 10000 V/m/s Feedback,Guralp Systems Ltd.,Station - Site,EKB,EKA (AS104),In Use,T38387,1,18-APR-2019,,
Seismometer,Feedback,CMG-3T HYB 10000 V/m/s² Feedback,Guralp Systems Ltd.,Station - Site,EKB31,EKA (AS104),In Use,T37996,1,18-APR-2017,,
Seismometer,Feedback,CMG-3V 750 V/m/s² Feedback,Guralp Systems Ltd.,Station - Site,EKB6,EKA (AS104),In Use,V3I45,1,14-NOV-2008,,
Seismometer,Feedback,CMG-3V 750 V/m/s² Feedback,Guralp Systems Ltd.,Station - Site,EKR2,EKA (AS104),In Use,V3I29,1,10-NOV-2008,,
Seismometer,Feedback,CMG-3V 750 V/m/s² Feedback,Guralp Systems Ltd.,Station - Site,EKB8,EKA (AS104),In Use,V3I32,1,17-NOV-2008,,
Seismometer,Feedback,CMG-3V 750 V/m/s² Feedback,Guralp Systems Ltd.,Station - Site,EKR1,EKA (AS104),In Use,V3I28,1,10-NOV-2008,,
Seismometer,Feedback,STS-2.5 1500 V/m/s Standard Feedback,G. Streckeisen AG,Station - Site,ELK,ELK (AS113),In Use,111043,1,09-NOV-2012,,
Seismometer,Feedback,CMG-3ESPV 750 V/m/s² Feedback,Guralp Systems Ltd.,Station - Site,ES08,ESDC (PS40),In Use,V3268,1,25-MAR-2014,,
Seismometer,Feedback,CMG-3TB 10000 V/m/s Feedback,Guralp Systems Ltd.,Station - Site,ESBB1,ESDC (PS40),In Use,T36374,1,26-MAR-2014,,
Seismometer,Feedback,CMG-3ESPV 750 V/m/s² Feedback,Guralp Systems Ltd.,Station - Site,ES03,ESDC (PS40),In Use,V3242,1,25-MAR-2014,,
Seismometer,Feedback,CMG-3ESPV 750 V/m/s² Feedback,Guralp Systems Ltd.,Station - Site,ES12,ESDC (PS40),In Use,V3261,1,25-MAR-2014,,
Seismometer,Feedback,CMG-3ESPV 750 V/m/s² Feedback,Guralp Systems Ltd.,Station - Site,ES18,ESDC (PS40),In Use,V3266,1,25-MAR-2014,,
Seismometer,Feedback,CMG-3ESPV 750 V/m/s² Feedback,Guralp Systems Ltd.,Station - Site,ES04,ESDC (PS40),In Use,V3271,1,26-NOV-2001,,
Seismometer,Feedback,CMG-3ESPV 750 V/m/s² Feedback,Guralp Systems Ltd.,Station - Site,ES15,ESDC (PS40),In Use,V3257,1,25-MAR-2014,,
Seismometer,Feedback,CMG-3ESPV 750 V/m/s² Feedback,Guralp Systems Ltd.,Station - Site,ES17,ESDC (PS40),In Use,V3262,1,25-MAR-2014,,
Seismometer,Feedback,CMG-3ESPV 750 V/m/s² Feedback,Guralp Systems Ltd.,Station - Site,ES10,ESDC (PS40),In Use,V3246,1,25-MAR-2014,,
Seismometer,Feedback,CMG-3ESPV 750 V/m/s² Feedback,Guralp Systems Ltd.,Station - Site,ES11,ESDC (PS40),In Use,V3244,1,25-MAR-2014,,
Seismometer,Feedback,CMG-3ESPV 750 V/m/s² Feedback,Guralp Systems Ltd.,Station - Site,ES19,ESDC (PS40),In Use,V3245,1,25-MAR-2014,,
Seismometer,Feedback,CMG-3T 20000 V/m/s Feedback,Guralp Systems Ltd.,Station - Site,ESBB,ESDC (PS40),In Use,T3B10,1,06-OCT-2021,,
Seismometer,Feedback,CMG-3ESPV 750 V/m/s² Feedback,Guralp Systems Ltd.,Station - Site,ES09,ESDC (PS40),In Use,V3272,1,25-MAR-2014,,
Seismometer,Feedback,CMG-3ESPV 750 V/m/s² Feedback,Guralp Systems Ltd.,Station - Site,ES16,ESDC (PS40),In Use,V3265,1,25-MAR-2014,,
Seismometer,Feedback,CMG-3ESPV 750 V/m/s² Feedback,Guralp Systems Ltd.,Station - Site,ES01,ESDC (PS40),In Use,V3259,1,25-MAR-2014,,
Seismometer,Feedback,CMG-3ESPV 750 V/m/s² Feedback,Guralp Systems Ltd.,Station - Site,ES02,ESDC (PS40),In Use,V3270,1,25-MAR-2014,,
Seismometer,Feedback,CMG-3ESPV 750 V/m/s² Feedback,Guralp Systems Ltd.,Station - Site,ES05,ESDC (PS40),In Use,V3260,1,25-MAR-2014,,
Seismometer,Feedback,CMG-3ESPV 750 V/m/s² Feedback,Guralp Systems Ltd.,Station - Site,ES13,ESDC (PS40),In Use,V3263,1,25-MAR-2014,,
Seismometer,Feedback,CMG-3ESPV 750 V/m/s² Feedback,Guralp Systems Ltd.,Station - Site,ES07,ESDC (PS40),In Use,V3273,1,18-SEP-2020,,
Seismometer,Feedback,CMG-3ESPV 750 V/m/s² Feedback,Guralp Systems Ltd.,Station - Site,ES06,ESDC (PS40),In Use,V3274,1,25-MAR-2014,,
Seismometer,Feedback,CMG-3ESPV 750 V/m/s² Feedback,Guralp Systems Ltd.,Station - Site,ES14,ESDC (PS40),In Use,V3258,1,25-MAR-2014,,
Seismometer,Feedback,Trillium TH120-2 Feedback,"Nanometrics, Inc.",Station - Site,FIC3,FINES (PS17),In Use,003117,1,15-SEP-2023,2019-1171,0051
Seismometer,Feedback,Trillium TH120-2 Feedback,"Nanometrics, Inc.",Station - Site,FIB5,FINES (PS17),In Use,003104,1,15-SEP-2023,2019-1171,0051
Seismometer,Feedback,Trillium TH120-2 Feedback,"Nanometrics, Inc.",Station - Site,FIB4,FINES (PS17),In Use,003125,1,15-SEP-2023,2019-1171,0051
Seismometer,Feedback,Trillium TH120-2 Feedback,"Nanometrics, Inc.",Station - Site,FIC6,FINES (PS17),In Use,002696,1,15-SEP-2023,2019-1171,0046
Seismometer,Feedback,Trillium TH120-2 Feedback,"Nanometrics, Inc.",Station - Site,FIA3,FINES (PS17),In Use,003103,1,15-SEP-2023,2019-1171,0051
Seismometer,Feedback,Trillium TH120-2 Feedback,"Nanometrics, Inc.",Station - Site,FIC1,FINES (PS17),In Use,003120,1,15-SEP-2023,2019-1171,0051
Seismometer,Feedback,Trillium TH120-2 Feedback,"Nanometrics, Inc.",Station - Site,FIC5,FINES (PS17),In Use,003111,1,15-SEP-2023,2019-1171,0051
Seismometer,Feedback,Trillium TH120-2 Feedback,"Nanometrics, Inc.",Station - Site,FIA0,FINES (PS17),In Use,003114,1,15-SEP-2023,2019-1171,0051
Seismometer,Feedback,Trillium T360-SV1-GSN Feedback,"Nanometrics, Inc.",Station - Site,FIA1,FINES (PS17),In Use,000205,1,03-JAN-2023,2019-1171,0046
Seismometer,Feedback,Trillium TH120-2 Feedback,"Nanometrics, Inc.",Station - Site,FIB3,FINES (PS17),In Use,003110,1,15-SEP-2023,2019-1171,0051
Seismometer,Feedback,Trillium TH120-2 Feedback,"Nanometrics, Inc.",Station - Site,FIC2,FINES (PS17),In Use,003124,1,15-SEP-2023,2019-1171,0051
Seismometer,Feedback,Trillium TH120-2 Feedback,"Nanometrics, Inc.",Station - Site,FIB2,FINES (PS17),In Use,002656,1,15-SEP-2023,2019-1171,0046
Seismometer,Feedback,Trillium TH120-2 Feedback,"Nanometrics, Inc.",Station - Site,FIB1,FINES (PS17),In Use,003115,1,15-SEP-2023,2019-1171,0051
Seismometer,Feedback,Trillium TH120-2 Feedback,"Nanometrics, Inc.",Station - Site,FIC4,FINES (PS17),In Use,003113,1,15-SEP-2023,2019-1171,0051
Seismometer,Feedback,Trillium TH120-2 Feedback,"Nanometrics, Inc.",Station - Site,FIA2,FINES (PS17),In Use,003116,1,15-SEP-2023,2019-1171,0051
Seismometer,Feedback,Trillium TH120-2 Feedback,"Nanometrics, Inc.",Station - Site,FIB6,FINES (PS17),In Use,003123,1,15-SEP-2023,2019-1171,0051
Seismometer,Feedback,Trillium Compact 120s Feedback,"Nanometrics, Inc.",Station - Site,FITZ,FITZ (AS005),In Use,5210,1,22-NOV-2017,,
Seismometer,Feedback,CMG-3TB 10000 V/m/s Feedback,Guralp Systems Ltd.,Station - Site,FITZ,FITZ (AS005),In Use,T3N30,1,10-MAY-2018,,
Seismometer,Feedback,Trillium 120-QA Feedback,"Nanometrics, Inc.",Station - Site,FRB,FRB (AS012),In Use,2497,1,03-AUG-2022,,
Seismometer,Feedback,STS-2.5 1500 V/m/s Standard Feedback,G. Streckeisen AG,Station - Site,FURI,FURI (AS030),In Use,90916,1,17-MAR-2021,,
Seismometer,Passive,GS-13 Passive,"Geotech Instruments, LLC",Station - Site,GEA0,GERES (PS19),In Use,192,1,02-OCT-2020,,
Seismometer,Passive,GS-13 Passive,"Geotech Instruments, LLC",Station - Site,GEA1,GERES (PS19),In Use,178,1,06-JUN-2002,,
Seismometer,Passive,GS-13 Passive,"Geotech Instruments, LLC",Station - Site,GEA2,GERES (PS19),In Use,202,1,11-NOV-2018,,
Seismometer,Passive,GS-13 Passive,"Geotech Instruments, LLC",Station - Site,GEA2,GERES (PS19),In Use,210,1,11-JAN-2018,,
Seismometer,Passive,GS-13 Passive,"Geotech Instruments, LLC",Station - Site,GEA2,GERES (PS19),In Use,195,1,11-JAN-2018,,
Seismometer,Passive,GS-13 Passive,"Geotech Instruments, LLC",Station - Site,GEA3,GERES (PS19),In Use,956,1,02-OCT-2020,,
Seismometer,Passive,GS-13 Passive,"Geotech Instruments, LLC",Station - Site,GEB1,GERES (PS19),In Use,186,1,06-JUN-2002,,
Seismometer,Passive,GS-13 Passive,"Geotech Instruments, LLC",Station - Site,GEB2,GERES (PS19),In Use,964,1,22-APR-2021,2019-1171,0003
Seismometer,Passive,GS-13 Passive,"Geotech Instruments, LLC",Station - Site,GEB3,GERES (PS19),In Use,585,1,11-JAN-2018,,
Seismometer,Passive,GS-13 Passive,"Geotech Instruments, LLC",Station - Site,GEB4,GERES (PS19),In Use,184,1,06-JUN-2002,,
Seismometer,Passive,GS-13 Passive,"Geotech Instruments, LLC",Station - Site,GEB5,GERES (PS19),In Use,188,1,06-JUN-2002,,
Seismometer,Passive,GS-13 Passive,"Geotech Instruments, LLC",Station - Site,GEC1,GERES (PS19),In Use,189,1,06-JUN-2002,,
Seismometer,Feedback,CMG-3T 1500 V/m/s Feedback,Guralp Systems Ltd.,Station - Site,GEC7A,GERES (PS19),In Use,T39661,1,27-MAY-2020,2013-0084,0077
Seismometer,Passive,GS-13 Passive,"Geotech Instruments, LLC",Station - Site,GEC2B,GERES (PS19),In Use,198,1,11-JAN-2018,,
Seismometer,Passive,GS-13 Passive,"Geotech Instruments, LLC",Station - Site,GEC3,GERES (PS19),In Use,185,1,06-JUN-2002,,
Seismometer,Passive,GS-13 Passive,"Geotech Instruments, LLC",Station - Site,GEC4,GERES (PS19),In Use,194,1,06-JUN-2002,,
Seismometer,Passive,GS-13 Passive,"Geotech Instruments, LLC",Station - Site,GEC5,GERES (PS19),In Use,193,1,06-JUN-2002,,
Seismometer,Passive,GS-13 Passive,"Geotech Instruments, LLC",Station - Site,GEC6,GERES (PS19),In Use,190,1,06-JUN-2002,,
Seismometer,Passive,GS-13 Passive,"Geotech Instruments, LLC",Station - Site,GEC7,GERES (PS19),In Use,208,1,06-JUN-2002,,
Seismometer,Passive,GS-13 Passive,"Geotech Instruments, LLC",Station - Site,GED1,GERES (PS19),In Use,211,1,06-JUN-2002,,
Seismometer,Passive,GS-13 Passive,"Geotech Instruments, LLC",Station - Site,GED1,GERES (PS19),In Use,205,1,13-MAY-2019,,
Seismometer,Passive,GS-13 Passive,"Geotech Instruments, LLC",Station - Site,GED1,GERES (PS19),In Use,970,1,02-OCT-2020,2019-1171,0003
Seismometer,Passive,GS-13 Passive,"Geotech Instruments, LLC",Station - Site,GED2,GERES (PS19),In Use,179,1,06-JUN-2002,,
Seismometer,Passive,GS-13 Passive,"Geotech Instruments, LLC",Station - Site,GED3,GERES (PS19),In Use,187,1,06-JUN-2002,,
Seismometer,Passive,GS-13 Passive,"Geotech Instruments, LLC",Station - Site,GED4,GERES (PS19),In Use,207,1,06-JUN-2002,,
Seismometer,Passive,GS-13 Passive,"Geotech Instruments, LLC",Station - Site,GED4,GERES (PS19),In Use,212,1,06-JUN-2002,,
Seismometer,Passive,GS-13 Passive,"Geotech Instruments, LLC",Station - Site,GED4,GERES (PS19),In Use,522,1,06-JUN-2002,,
Seismometer,Passive,GS-13 Passive,"Geotech Instruments, LLC",Station - Site,GED5,GERES (PS19),In Use,968,1,11-OCT-2021,2019-1171,0003
Seismometer,Passive,GS-13 Passive,"Geotech Instruments, LLC",Station - Site,GED6,GERES (PS19),In Use,180,1,28-OCT-2020,,
Seismometer,Passive,GS-13 Passive,"Geotech Instruments, LLC",Station - Site,GED7,GERES (PS19),In Use,200,1,11-JAN-2018,,
Seismometer,Passive,GS-13 Passive,"Geotech Instruments, LLC",Station - Site,GED7,GERES (PS19),In Use,191,1,11-JAN-2018,,
Seismometer,Passive,GS-13 Passive,"Geotech Instruments, LLC",Station - Site,GED8,GERES (PS19),In Use,196,1,02-SEP-2020,,
Seismometer,Passive,GS-13 Passive,"Geotech Instruments, LLC",Station - Site,GED9,GERES (PS19),In Use,177,1,06-JUN-2002,,
Seismometer,Feedback,CMG-3T 1500 V/m/s Feedback,Guralp Systems Ltd.,Station - Site,GEC2A,GERES (PS19),In Use,T38187,1,16-OCT-2018,2013-0084,0018
Seismometer,Feedback,CMG-3V HYB 6000 V/m/s Feedback,Guralp Systems Ltd.,Station - Site,GYB4,GEYT (PS44),In Use,V3I57,1,01-JUL-2016,2008-0589,
Seismometer,Feedback,CMG-3V HYB 6000 V/m/s Feedback,Guralp Systems Ltd.,Station - Site,GYA1,GEYT (PS44),In Use,V3I53,1,27-JUL-2017,2008-0589,
Seismometer,Feedback,CMG-3TB 12000 V/m/s Feedback,Guralp Systems Ltd.,Station - Site,GYA0B,GEYT (PS44),In Use,T35652,1,16-DEC-2009,,
Seismometer,Feedback,CMG-3V HYB 6000 V/m/s Feedback,Guralp Systems Ltd.,Station - Site,GYB5,GEYT (PS44),In Use,V3I56,1,14-NOV-2016,2008-0589,
Seismometer,Feedback,CMG-3V HYB 6000 V/m/s Feedback,Guralp Systems Ltd.,Station - Site,GYA0,GEYT (PS44),In Use,V3I60,1,22-MAY-2018,2008-0589,
Seismometer,Feedback,CMG-3V HYB 6000 V/m/s Feedback,Guralp Systems Ltd.,Station - Site,GYB2,GEYT (PS44),In Use,V3J34,1,21-SEP-2016,2012-1328,
Seismometer,Feedback,CMG-3V HYB 6000 V/m/s Feedback,Guralp Systems Ltd.,Station - Site,GYB3,GEYT (PS44),In Use,V3I55,1,08-MAY-2019,2008-0589,
Seismometer,Feedback,CMG-3V HYB 6000 V/m/s Feedback,Guralp Systems Ltd.,Station - Site,GYA2,GEYT (PS44),In Use,V3J35,1,02-JUL-2016,2012-1328,
Seismometer,Feedback,CMG-3V HYB 6000 V/m/s Feedback,Guralp Systems Ltd.,Station - Site,GYB1,GEYT (PS44),In Use,V3I54,1,16-DEC-2009,2008-0589,
Seismometer,Feedback,CMG-3V HYB 6000 V/m/s Feedback,Guralp Systems Ltd.,Station - Site,GYA3,GEYT (PS44),In Use,V3I62,1,16-DEC-2009,2008-0589,
Seismometer,Feedback,Trillium 240 Feedback,"Nanometrics, Inc.",Station - Site,GNI,GNI (AS003),In Use,000617,1,13-OCT-2010,,
Seismometer,Feedback,STS-2 20000 V/m/s Low-Power Feedback,G. Streckeisen AG,Station - Site,GUMO,GUMO (AS105),In Use,30735,1,15-JAN-2010,,
Seismometer,Feedback,Trillium 120-QA Feedback,"Nanometrics, Inc.",Station - Site,H02S1,H02S (HA02),In Use,2543,1,25-JUL-2019,,
Seismometer,Feedback,Trillium 120-QA Feedback,"Nanometrics, Inc.",Station - Site,H02S2,H02S (HA02),In Use,2598,1,23-JUL-2019,,
Seismometer,Passive,CPHM500 Passive,"Commissariat a l' Energie Atomique, Département Analyse Surveillance Environnement",Station - Site,H05N1,H05N (HA05),In Use,500002,1,13-JUL-2022,,
Seismometer,Passive,CPHM500 Passive,"Commissariat a l' Energie Atomique, Département Analyse Surveillance Environnement",Station - Site,H05N1,H05N (HA05),In Use,500006,1,15-MAY-2019,,
Seismometer,Passive,CPHM500 Passive,"Commissariat a l' Energie Atomique, Département Analyse Surveillance Environnement",Station - Site,H05N1,H05N (HA05),In Use,500017,1,15-MAY-2019,,
Seismometer,Passive,HM500 Passive,"Commissariat a l' Energie Atomique, Département Analyse Surveillance Environnement",Station - Site,H05S1,H05S (HA05),In Use,014,1,11-FEB-2019,,
Seismometer,Passive,HM500 Passive,"Commissariat a l' Energie Atomique, Département Analyse Surveillance Environnement",Station - Site,H05S1,H05S (HA05),In Use,072,1,11-FEB-2019,,
Seismometer,Passive,HM500 Passive,"Commissariat a l' Energie Atomique, Département Analyse Surveillance Environnement",Station - Site,H05S1,H05S (HA05),In Use,003,1,11-FEB-2019,,
Seismometer,Feedback,STS-2 1500 V/m/s Low-Power Feedback,G. Streckeisen AG,Station - Site,H06E1,"H06E (HA06), H06N (HA06), H06S (HA06)",In Use,100114,1,06-NOV-2021,,
Seismometer,Feedback,STS-2 1500 V/m/s Standard Feedback,G. Streckeisen AG,Station - Site,H06N1,H06N (HA06),In Use,120210,1,17-JUL-2005,,
Seismometer,Passive,GS-13 Passive,"Geotech Instruments, LLC",Station - Site,H06S1,H06S (HA06),In Use,549,1,17-JUL-2005,,
Seismometer,Passive,GS-13 Passive,"Geotech Instruments, LLC",Station - Site,H06S1,H06S (HA06),In Use,552,1,19-MAY-2004,,
Seismometer,Passive,GS-13 Passive,"Geotech Instruments, LLC",Station - Site,H06S1,H06S (HA06),In Use,550,1,03-FEB-2005,,
Seismometer,Feedback,Trillium 120 P Feedback,"Nanometrics, Inc.",Station - Site,H07N1,H07N (HA07),In Use,000766,1,15-OCT-2021,2019-1171,0009
Seismometer,Feedback,Trillium 120 P Feedback,"Nanometrics, Inc.",Station - Site,H07S1,H07S (HA07),In Use,000767,1,15-OCT-2021,2019-1171,0009
Seismometer,Passive,GS-13 Passive,"Geotech Instruments, LLC",Station - Site,H09N1,H09N (HA09),In Use,609,1,01-FEB-2004,,
Seismometer,Passive,GS-13 Passive,"Geotech Instruments, LLC",Station - Site,H09N1,H09N (HA09),In Use,611,1,01-FEB-2004,,
Seismometer,Passive,GS-13 Passive,"Geotech Instruments, LLC",Station - Site,H09N1,H09N (HA09),In Use,616,1,01-FEB-2004,,
Seismometer,Passive,GS-13 Passive,"Geotech Instruments, LLC",Station - Site,H09W1,H09W (HA09),In Use,607,1,01-FEB-2004,,
Seismometer,Passive,GS-13 Passive,"Geotech Instruments, LLC",Station - Site,H09W1,H09W (HA09),In Use,612,1,01-FEB-2004,,
Seismometer,Passive,GS-13 Passive,"Geotech Instruments, LLC",Station - Site,H09W1,H09W (HA09),In Use,615,1,01-FEB-2004,,
Seismometer,Feedback,3T-120 Feedback,Guralp Systems Ltd.,Station - Site,HFB2,HFS (AS101),In Use,T310772,1,18-JAN-2022,,
Seismometer,Feedback,3T-120 Feedback,Guralp Systems Ltd.,Station - Site,HFB5,HFS (AS101),In Use,T310801,1,18-JAN-2022,,
Seismometer,Feedback,3T-120 Feedback,Guralp Systems Ltd.,Station - Site,HFA1,HFS (AS101),In Use,T310800,1,18-JAN-2022,,
Seismometer,Feedback,3T-120 Feedback,Guralp Systems Ltd.,Station - Site,HFA2,HFS (AS101),In Use,T310774,1,18-JAN-2022,,
Seismometer,Feedback,3T-120 Feedback,Guralp Systems Ltd.,Station - Site,HFB3,HFS (AS101),In Use,T310773,1,18-JAN-2022,,
Seismometer,Feedback,3T-120 Feedback,Guralp Systems Ltd.,Station - Site,HFA0,HFS (AS101),In Use,T310792,1,18-JAN-2022,,
Seismometer,Feedback,3T-120 Feedback,Guralp Systems Ltd.,Station - Site,HFC2,HFS (AS101),In Use,T310798,1,18-JAN-2022,,
Seismometer,Feedback,3T-120 Feedback,Guralp Systems Ltd.,Station - Site,HFB1,HFS (AS101),In Use,T310771,1,18-JAN-2022,,
Seismometer,Feedback,3T-120 Feedback,Guralp Systems Ltd.,Station - Site,HFB4,HFS (AS101),In Use,T310799,1,18-JAN-2022,,
Seismometer,Feedback,3T-120 Feedback,Guralp Systems Ltd.,Station - Site,HFA3,HFS (AS101),In Use,T310775,1,18-JAN-2022,,
Seismometer,Feedback,CMG-3ESPV 750 V/m/s² Feedback,Guralp Systems Ltd.,Station - Site,HIB3,HILR (PS12),In Use,V3236,1,27-NOV-2017,,
Seismometer,Feedback,CMG-3ESPV 750 V/m/s² Feedback,Guralp Systems Ltd.,Station - Site,HIA1,HILR (PS12),In Use,V3230,1,27-NOV-2017,,
Seismometer,Feedback,CMG-3ESPV 750 V/m/s² Feedback,Guralp Systems Ltd.,Station - Site,HIA3,HILR (PS12),In Use,V3233,1,27-NOV-2017,,
Seismometer,Feedback,CMG-3ESPV 750 V/m/s² Feedback,Guralp Systems Ltd.,Station - Site,HIB5,HILR (PS12),In Use,V3238,1,27-NOV-2017,,
Seismometer,Feedback,CMG-3ESPV 750 V/m/s² Feedback,Guralp Systems Ltd.,Station - Site,HIB1,HILR (PS12),In Use,V3234,1,27-NOV-2017,,
Seismometer,Feedback,CMG-3ESPV 750 V/m/s² Feedback,Guralp Systems Ltd.,Station - Site,HIA2,HILR (PS12),In Use,V3232,1,27-NOV-2017,,
Seismometer,Feedback,CMG-3ESPV 750 V/m/s² Feedback,Guralp Systems Ltd.,Station - Site,HIB4,HILR (PS12),In Use,V3237,1,27-NOV-2017,,
Seismometer,Feedback,CMG-3ESPV 750 V/m/s² Feedback,Guralp Systems Ltd.,Station - Site,HIA0,HILR (PS12),In Use,V3227,1,27-NOV-2017,,
Seismometer,Feedback,CMG-3ESPV 750 V/m/s² Feedback,Guralp Systems Ltd.,Station - Site,HIB2,HILR (PS12),In Use,V3235,1,27-NOV-2017,,
Seismometer,Feedback,Trillium 360-PH Feedback,"Nanometrics, Inc.",Station - Site,HNR,HNR (AS098),In Use,001028,1,30-JAN-2020,,
Seismometer,Feedback,Trillium 120-PH Feedback,"Nanometrics, Inc.",Station - Site,HNR,HNR (AS098),In Use,001055,1,30-JAN-2020,,
Seismometer,Feedback,Trillium 120-PH Feedback,"Nanometrics, Inc.",Station - Site,HNR,HNR (AS098),In Use,001014,1,05-SEP-2016,,
Seismometer,Feedback,STS-2 20000 V/m/s High-Gain Feedback,G. Streckeisen AG,Station - Site,IDI,IDI (AS036),In Use,60140,1,08-APR-2003,,
Seismometer,Passive,23900A Passive,"Geotech Instruments, LLC",Station - Site,IL01,ILAR (PS49),In Use,,1,31-AUG-2006,,
Seismometer,Passive,23900A Passive,"Geotech Instruments, LLC",Station - Site,IL02,ILAR (PS49),In Use,,1,31-AUG-2006,,
Seismometer,Passive,23900A Passive,"Geotech Instruments, LLC",Station - Site,IL03,ILAR (PS49),In Use,170,1,31-AUG-2006,,
Seismometer,Passive,23900A Passive,"Geotech Instruments, LLC",Station - Site,IL04,ILAR (PS49),In Use,,1,31-AUG-2006,,
Seismometer,Passive,23900A Passive,"Geotech Instruments, LLC",Station - Site,IL05,ILAR (PS49),In Use,,1,31-AUG-2006,,
Seismometer,Passive,23900A Passive,"Geotech Instruments, LLC",Station - Site,IL06,ILAR (PS49),In Use,089,1,16-AUG-2018,,
Seismometer,Passive,23900A Passive,"Geotech Instruments, LLC",Station - Site,IL07,ILAR (PS49),In Use,164,1,13-JUL-2009,,
Seismometer,Passive,23900A Passive,"Geotech Instruments, LLC",Station - Site,IL08,ILAR (PS49),In Use,097,1,06-JUL-2022,,
Seismometer,Passive,23900A Passive,"Geotech Instruments, LLC",Station - Site,IL09,ILAR (PS49),In Use,1,1,31-AUG-2006,,
Seismometer,Passive,23900A Passive,"Geotech Instruments, LLC",Station - Site,IL10,ILAR (PS49),In Use,195,1,08-OCT-2019,,
Seismometer,Passive,23900A Passive,"Geotech Instruments, LLC",Station - Site,IL11,ILAR (PS49),In Use,255,1,31-AUG-2006,,
Seismometer,Passive,23900A Passive,"Geotech Instruments, LLC",Station - Site,IL12,ILAR (PS49),In Use,208,1,31-AUG-2006,,
Seismometer,Passive,23900A Passive,"Geotech Instruments, LLC",Station - Site,IL13,ILAR (PS49),In Use,096,1,29-MAR-2014,,
Seismometer,Passive,23900A Passive,"Geotech Instruments, LLC",Station - Site,IL14,ILAR (PS49),In Use,,1,31-AUG-2006,,
Seismometer,Passive,23900A Passive,"Geotech Instruments, LLC",Station - Site,IL15,ILAR (PS49),In Use,115,1,25-OCT-2018,,
Seismometer,Passive,23900A Passive,"Geotech Instruments, LLC",Station - Site,IL16,ILAR (PS49),In Use,109,1,07-JAN-2014,,
Seismometer,Passive,23900A Passive,"Geotech Instruments, LLC",Station - Site,IL17,ILAR (PS49),In Use,111,1,31-AUG-2006,,
Seismometer,Passive,23900A Passive,"Geotech Instruments, LLC",Station - Site,IL18,ILAR (PS49),In Use,76,1,31-AUG-2006,,
Seismometer,Feedback,Trillium 120-QA Feedback,"Nanometrics, Inc.",Station - Site,INK,INK (AS017),In Use,2572,1,22-FEB-2021,,
Seismometer,Feedback,STS-2.5 1500 V/m/s Standard Feedback,G. Streckeisen AG,Station - Site,IPFO,IPFO (AS108),In Use,111044,1,03-FEB-2023,,
Seismometer,Feedback,Trillium 120 P Feedback,"Nanometrics, Inc.",Station - Site,JAY,JAY (AS041),In Use,480,1,10-NOV-2011,,
Seismometer,Feedback,CMG-3T 1500 V/m/s Feedback,Guralp Systems Ltd.,Station - Site,JCJ,JCJ (AS055),In Use,T310243,1,17-OCT-2020,,
Seismometer,Feedback,3T 1500 V/m/s Feedback,Guralp Systems Ltd.,Station - Site,JHJ,JHJ (AS053),In Use,T310199,1,04-AUG-2020,2013-0084,0118
Seismometer,Feedback,3T 1500 V/m/s Feedback,Guralp Systems Ltd.,Station - Site,JKA,JKA (AS054),In Use,T310242,1,08-SEP-2020,2013-0084,0118
Seismometer,Feedback,STS-2 20000 V/m/s High-Gain Feedback,G. Streckeisen AG,Station - Site,JMIC,JMIC (AS073),In Use,30234,1,02-OCT-2003,,
Seismometer,Feedback,3T 1500 V/m/s Feedback,Guralp Systems Ltd.,Station - Site,JNU,JNU (AS051),In Use,T310149,1,16-JUN-2020,2013-0084,0118
Seismometer,Feedback,3T 1500 V/m/s Feedback,Guralp Systems Ltd.,Station - Site,JOW,JOW (AS052),In Use,T310150,1,09-JUL-2020,2013-0084,0118
Seismometer,Feedback,STS-2 1500 V/m/s Low-Power Feedback,G. Streckeisen AG,Station - Site,JTS,JTS (AS025),In Use,110826,1,04-MAY-2012,,
Seismometer,Feedback,Trillium 120-PH Feedback,"Nanometrics, Inc.",Station - Site,KAPI,KAPI (AS044),In Use,0025,1,21-JUL-2015,,
Seismometer,Feedback,3TB 5000 V/m/s Feedback,Guralp Systems Ltd.,Station - Site,KBZ,KBZ (PS32),In Use,T310091,1,17-MAY-2023,2013-0084,0108
Seismometer,Feedback,Trillium 360-PH Feedback,"Nanometrics, Inc.",Station - Facility,CF-KDAK,KDAK (AS110),In Use,1030,1,08-NOV-2018,,
Seismometer,Feedback,CMG-3TB 20000 V/m/s Feedback,Guralp Systems Ltd.,Station - Site,KEST,KEST (PS42),In Use,T3T87,1,22-FEB-2006,,
Seismometer,Feedback,CMG-3TB 3000 V/m/s Feedback,Guralp Systems Ltd.,Station - Site,KIRV,KIRV (AS082),In Use,T36056,1,22-MAY-2012,,
Seismometer,Feedback,STS-2 1500 V/m/s Low-Power Feedback,G. Streckeisen AG,Station - Site,KLR,KLR (AS089),In Use,70846,1,11-OCT-2010,,
Seismometer,Feedback,STS-2.5 1500 V/m/s Standard Feedback,G. Streckeisen AG,Station - Site,KMBO,KMBO (PS24),In Use,192402,1,01-OCT-2021,2016-2054,0026
Seismometer,Feedback,Trillium 240 Feedback,"Nanometrics, Inc.",Station - Site,KOWA,KOWA (AS062),In Use,618,1,24-JUN-2010,,
Seismometer,Feedback,3T 1500 V/m/s Feedback,Guralp Systems Ltd.,Station - Facility,CF-SG-PG1,KRVT (AS076),In Use,T35348,1,09-MAR-2020,,
Seismometer,Feedback,KS54000 Feedback,"Geotech Instruments, LLC",Station - Site,KS32,KSRS (PS31),In Use,106,1,12-JUN-2023,,
Seismometer,Passive,23900A Passive,"Geotech Instruments, LLC",Station - Site,KS01,KSRS (PS31),In Use,116,1,01-MAY-2005,,
Seismometer,Passive,23900A Passive,"Geotech Instruments, LLC",Station - Site,KS02,KSRS (PS31),In Use,015,1,01-MAY-2005,,
Seismometer,Feedback,KS54000 Feedback,"Geotech Instruments, LLC",Station - Site,KS36,KSRS (PS31),In Use,101,1,15-JUN-2009,,
Seismometer,Passive,23900A Passive,"Geotech Instruments, LLC",Station - Site,KS03,KSRS (PS31),In Use,024,1,16-DEC-2020,,
Seismometer,Feedback,KS54000 Feedback,"Geotech Instruments, LLC",Station - Site,KS35,KSRS (PS31),In Use,081,1,03-SEP-2015,,
Seismometer,Passive,23900A Passive,"Geotech Instruments, LLC",Station - Site,KS04,KSRS (PS31),In Use,171,1,05-MAY-2019,,
Seismometer,Passive,23900A Passive,"Geotech Instruments, LLC",Station - Site,KS05,KSRS (PS31),In Use,147,1,12-JUN-2009,,
Seismometer,Passive,23900A Passive,"Geotech Instruments, LLC",Station - Site,KS06,KSRS (PS31),In Use,176,1,01-MAY-2005,,
Seismometer,Passive,23900A Passive,"Geotech Instruments, LLC",Station - Site,KS07,KSRS (PS31),In Use,102,1,01-MAY-2005,,
Seismometer,Feedback,KS54000 Feedback,"Geotech Instruments, LLC",Station - Site,KS33,KSRS (PS31),In Use,049,1,01-MAY-2005,,
Seismometer,Passive,23900A Passive,"Geotech Instruments, LLC",Station - Site,KS08,KSRS (PS31),In Use,142,1,30-AUG-2019,,
Seismometer,Passive,23900A Passive,"Geotech Instruments, LLC",Station - Site,KS09,KSRS (PS31),In Use,037,1,05-OCT-2020,,
Seismometer,Passive,23900A Passive,"Geotech Instruments, LLC",Station - Site,KS10,KSRS (PS31),In Use,070,1,01-MAY-2005,,
Seismometer,Passive,23900 Passive,"Geotech Instruments, LLC",Station - Site,KS11,KSRS (PS31),In Use,161,1,26-APR-2021,,
Seismometer,Feedback,KS54000 Feedback,"Geotech Instruments, LLC",Station - Site,KS37,KSRS (PS31),In Use,095,1,01-MAY-2005,,
Seismometer,Feedback,KS54000 Feedback,"Geotech Instruments, LLC",Station - Site,KS14,KSRS (PS31),In Use,071,1,01-MAY-2005,,
Seismometer,Passive,23900A Passive,"Geotech Instruments, LLC",Station - Site,KS12,KSRS (PS31),In Use,98,1,02-JUN-2021,,
Seismometer,Passive,23900A Passive,"Geotech Instruments, LLC",Station - Site,KS13,KSRS (PS31),In Use,106,1,28-FEB-2019,,
Seismometer,Passive,23900A Passive,"Geotech Instruments, LLC",Station - Site,KS15,KSRS (PS31),In Use,202,1,01-MAY-2005,,
Seismometer,Passive,KS20171 Passive,"Geotech Instruments, LLC",Station - Site,KS16,KSRS (PS31),In Use,198,1,20-OCT-2021,,
Seismometer,Passive,23900A Passive,"Geotech Instruments, LLC",Station - Site,KS17,KSRS (PS31),In Use,80,1,26-OCT-2021,,
Seismometer,Feedback,KS54000 Feedback,"Geotech Instruments, LLC",Station - Site,KS31,KSRS (PS31),In Use,084,1,24-FEB-2023,,
Seismometer,Feedback,KS54000 Feedback,"Geotech Instruments, LLC",Station - Site,KS31,KSRS (PS31),In Use,057,1,24-FEB-2023,,
Seismometer,Passive,23900A Passive,"Geotech Instruments, LLC",Station - Site,KS18,KSRS (PS31),In Use,224,1,10-DEC-2020,,
Seismometer,Feedback,KS54000 Feedback,"Geotech Instruments, LLC",Station - Site,KS34,KSRS (PS31),In Use,078,1,01-NOV-2023,,
Seismometer,Passive,23900 Passive,"Geotech Instruments, LLC",Station - Site,KS19,KSRS (PS31),In Use,74,1,03-NOV-2021,,
Seismometer,Feedback,CMG-3V HYB 10000 V/m/s Feedback,Guralp Systems Ltd.,Station - Site,KUR06,KURK (AS058),In Use,V3378,1,16-JUL-2006,,
Seismometer,Feedback,CMG-3V HYB 10000 V/m/s Feedback,Guralp Systems Ltd.,Station - Site,KUR02,KURK (AS058),In Use,V3371,1,15-JUL-2006,,
Seismometer,Feedback,CMG-3V HYB 10000 V/m/s Feedback,Guralp Systems Ltd.,Station - Site,KUR15,KURK (AS058),In Use,V3379,1,18-JUL-2006,,
Seismometer,Feedback,CMG-3V HYB 10000 V/m/s Feedback,Guralp Systems Ltd.,Station - Site,KUR20,KURK (AS058),In Use,V3366,1,17-JUL-2006,,
Seismometer,Feedback,CMG-3V HYB 10000 V/m/s Feedback,Guralp Systems Ltd.,Station - Site,KUR10,KURK (AS058),In Use,V3367,1,17-JUL-2006,,
Seismometer,Feedback,CMG-3V HYB 10000 V/m/s Feedback,Guralp Systems Ltd.,Station - Site,KUR17,KURK (AS058),In Use,V3376,1,17-JUL-2006,,
Seismometer,Feedback,CMG-3V HYB 10000 V/m/s Feedback,Guralp Systems Ltd.,Station - Site,KUR09,KURK (AS058),In Use,V3363,1,17-JUL-2006,,
Seismometer,Feedback,CMG-3V HYB 10000 V/m/s Feedback,Guralp Systems Ltd.,Station - Site,KUR19,KURK (AS058),In Use,V3380,1,17-JUL-2006,,
Seismometer,Feedback,CMG-3V HYB 10000 V/m/s Feedback,Guralp Systems Ltd.,Station - Site,KUR08,KURK (AS058),In Use,V3360,1,16-JUL-2006,,
Seismometer,Feedback,CMG-3V HYB 10000 V/m/s Feedback,Guralp Systems Ltd.,Station - Site,KUR01,KURK (AS058),In Use,V3373,1,15-JUL-2006,,
Seismometer,Feedback,CMG-3V HYB 10000 V/m/s Feedback,Guralp Systems Ltd.,Station - Site,KUR04,KURK (AS058),In Use,V3381,1,14-JUL-2006,,
Seismometer,Feedback,CMG-3V HYB 10000 V/m/s Feedback,Guralp Systems Ltd.,Station - Site,KUR05,KURK (AS058),In Use,V3372,1,14-JUL-2006,,
Seismometer,Feedback,CMG-3V HYB 10000 V/m/s Feedback,Guralp Systems Ltd.,Station - Site,KUR11,KURK (AS058),In Use,V3368,1,15-JUL-2006,,
Seismometer,Feedback,CMG-3V HYB 10000 V/m/s Feedback,Guralp Systems Ltd.,Station - Site,KUR14,KURK (AS058),In Use,V3362,1,29-JUN-2023,,
Seismometer,Feedback,CMG-3V HYB 10000 V/m/s Feedback,Guralp Systems Ltd.,Station - Site,KUR13,KURK (AS058),In Use,V3361,1,15-JUL-2006,,
Seismometer,Feedback,CMG-3V HYB 10000 V/m/s Feedback,Guralp Systems Ltd.,Station - Site,KUR07,KURK (AS058),In Use,V3374,1,16-JUL-2006,,
Seismometer,Feedback,CMG-3V HYB 10000 V/m/s Feedback,Guralp Systems Ltd.,Station - Site,KUR12,KURK (AS058),In Use,V3370,1,15-JUL-2006,,
Seismometer,Feedback,CMG-3TB 10000 V/m/s Feedback,Guralp Systems Ltd.,Station - Site,KURBB,KURK (AS058),In Use,T38607,1,26-OCT-2016,,
Seismometer,Feedback,CMG-3V HYB 10000 V/m/s Feedback,Guralp Systems Ltd.,Station - Site,KUR16,KURK (AS058),In Use,V3369,1,18-JUL-2006,,
Seismometer,Feedback,CMG-3V HYB 10000 V/m/s Feedback,Guralp Systems Ltd.,Station - Site,KUR03,KURK (AS058),In Use,V3365,1,14-JUL-2006,,
Seismometer,Feedback,CMG-3V HYB 10000 V/m/s Feedback,Guralp Systems Ltd.,Station - Site,KUR18,KURK (AS058),In Use,V3375,1,17-JUL-2006,,
Seismometer,Passive,GS-13 Passive,"Geotech Instruments, LLC",Station - Site,KIV1,KVAR (AS083),In Use,587,1,15-DEC-2004,,
Seismometer,Passive,GS-13 Passive,"Geotech Instruments, LLC",Station - Site,KIV2,KVAR (AS083),In Use,390,1,15-DEC-2004,,
Seismometer,Passive,GS-13 Passive,"Geotech Instruments, LLC",Station - Site,KIV3,KVAR (AS083),In Use,597,1,15-DEC-2004,,
Seismometer,Feedback,STS-2 1500 V/m/s Standard Feedback,G. Streckeisen AG,Station - Site,KIV0,KVAR (AS083),In Use,30237,1,09-JUL-2010,,
Seismometer,Feedback,KS54000 Feedback,"Geotech Instruments, LLC",Station - Site,LBTBB,LBTB (AS009),In Use,100,1,13-SEP-2011,,
Seismometer,Feedback,STS-2 1500 V/m/s Standard Feedback,G. Streckeisen AG,Station - Site,LEM,LEM (AS040),In Use,90314,1,18-AUG-2007,,
Seismometer,Passive,GS-21 Passive,"Geotech Instruments, LLC",Station - Site,LPAZ1,LPAZ (PS06),In Use,255,1,14-MAR-2018,,
Seismometer,Feedback,KS54000 Feedback,"Geotech Instruments, LLC",Station - Site,LPAZB,LPAZ (PS06),In Use,004,1,14-MAR-2018,,
Seismometer,Feedback,STS-2 1500 V/m/s Standard Feedback,G. Streckeisen AG,Station - Site,LPIG,LPIG (AS065),In Use,90319,1,06-SEP-1996,,
Seismometer,Feedback,FBA-23DH Feedback,"Kinemetrics, Inc.",Station - Site,LPIG,LPIG (AS065),In Use,30487,1,06-SEP-1996,,
Seismometer,Feedback,STS-2 1500 V/m/s Standard Feedback,G. Streckeisen AG,Station - Site,LSZ,LSZ (AS119),In Use,109604,1,17-DEC-2010,,
Seismometer,Feedback,STS-2.5 1500 V/m/s Standard Feedback,G. Streckeisen AG,Station - Site,LVC,LVC (AS019),In Use,90912,1,26-SEP-2012,,
Seismometer,Feedback,ENG-3V 750 V/m/s² Feedback,Guralp Systems Ltd.,Station - Site,LZB1,LZDM (PS13),In Use,V3255,1,07-JUL-2017,2013-0084,0088
Seismometer,Feedback,ENG-3V 750 V/m/s² Feedback,Guralp Systems Ltd.,Station - Site,LZB3,LZDM (PS13),In Use,V3235,1,07-JUL-2017,2013-0084,0088
Seismometer,Feedback,CMG-3T 20000 V/m/s Feedback,Guralp Systems Ltd.,Station - Site,LZBB,LZDM (PS13),In Use,T39677,1,10-SEP-2020,2013-0084,0081
Seismometer,Feedback,ENG-3V 750 V/m/s² Feedback,Guralp Systems Ltd.,Station - Site,LZB4,LZDM (PS13),In Use,V3252,1,07-JUL-2017,2013-0084,0088
Seismometer,Feedback,ENG-3V 750 V/m/s² Feedback,Guralp Systems Ltd.,Station - Site,LZA0,LZDM (PS13),In Use,V3J70,1,07-JUL-2017,2013-0084,0081
Seismometer,Feedback,ENG-3V 750 V/m/s² Feedback,Guralp Systems Ltd.,Station - Site,LZB5,LZDM (PS13),In Use,V3247,1,07-JUL-2017,2013-0084,0088
Seismometer,Feedback,ENG-3V 750 V/m/s² Feedback,Guralp Systems Ltd.,Station - Site,LZA1,LZDM (PS13),In Use,V3256,1,07-JUL-2017,2013-0084,0088
Seismometer,Feedback,ENG-3V 750 V/m/s² Feedback,Guralp Systems Ltd.,Station - Site,LZA3,LZDM (PS13),In Use,V3253,1,07-JUL-2017,2013-0084,0088
Seismometer,Feedback,ENG-3V 750 V/m/s² Feedback,Guralp Systems Ltd.,Station - Site,LZB2,LZDM (PS13),In Use,V3254,1,07-JUL-2017,2013-0084,0088
Seismometer,Feedback,CMG-3V 750 V/m/s² Feedback,Guralp Systems Ltd.,Station - Site,LZA2,LZDM (PS13),In Use,V3248,1,07-JUL-2017,,
Seismometer,Feedback,ENG-3V 750 V/m/s² Feedback,Guralp Systems Ltd.,Station - Site,LZA2,LZDM (PS13),In Use,V3248,1,07-JUL-2017,2013-0084,0088
Seismometer,Feedback,STS-2 20000 V/m/s Low-Power Feedback,G. Streckeisen AG,Station - Site,MA2,MA2 (AS093),In Use,30731,1,04-SEP-2010,,
Seismometer,Feedback,CMG-3T 20000 V/m/s Feedback,Guralp Systems Ltd.,Station - Facility,CF-MATP,MATP (AS120),In Use,T38189,1,17-JUN-2019,2013-0084,0018
Seismometer,Feedback,STS-2 20000 V/m/s High-Gain Feedback,G. Streckeisen AG,Station - Site,MATP,MATP (AS120),In Use,60141,1,27-MAY-2003,,
Seismometer,Feedback,STS-2 1500 V/m/s Low-Power Feedback,G. Streckeisen AG,Station - Site,MAW,MAW (PS05),In Use,100110,1,26-JUN-2003,,
Seismometer,Feedback,Trillium 120-PH Feedback,"Nanometrics, Inc.",Station - Site,MBAR,MBAR (AS103),In Use,203,1,11-SEP-2014,,
Seismometer,Feedback,STS-2 1500 V/m/s Low-Power Feedback,G. Streckeisen AG,Station - Site,MDP,MDP (AS033),In Use,120653,1,11-FEB-2021,,
Seismometer,Feedback,STS-2 20000 V/m/s High-Gain Feedback,G. Streckeisen AG,Station - Site,MDT,MDT (AS066),In Use,30221,1,26-MAY-2005,,
Seismometer,Feedback,CMG-3V HYB 10000 V/m/s Feedback,Guralp Systems Ltd.,Station - Site,MJA2,MJAR (PS22),In Use,V3320,1,25-NOV-2016,,
Seismometer,Feedback,CMG-3V HYB 10000 V/m/s Feedback,Guralp Systems Ltd.,Station - Site,MJB2,MJAR (PS22),In Use,V3315,1,22-DEC-2004,,
Seismometer,Feedback,CMG-3V HYB 10000 V/m/s Feedback,Guralp Systems Ltd.,Station - Site,MJB5,MJAR (PS22),In Use,V3316,1,22-DEC-2004,,
Seismometer,Feedback,CMG-3V HYB 10000 V/m/s Feedback,Guralp Systems Ltd.,Station - Site,MJB3,MJAR (PS22),In Use,V3318,1,18-SEP-2014,,
Seismometer,Feedback,CMG-3V HYB 10000 V/m/s Feedback,Guralp Systems Ltd.,Station - Site,MJB4,MJAR (PS22),In Use,V3321,1,22-DEC-2004,,
Seismometer,Feedback,CMG-3V HYB 10000 V/m/s Feedback,Guralp Systems Ltd.,Station - Site,MJB6,MJAR (PS22),In Use,V3312,1,06-AUG-2019,,
Seismometer,Feedback,CMG-3V HYB 10000 V/m/s Feedback,Guralp Systems Ltd.,Station - Site,MJA1,MJAR (PS22),In Use,V3326,1,22-DEC-2004,,
Seismometer,Feedback,CMG-3V HYB 10000 V/m/s Feedback,Guralp Systems Ltd.,Station - Site,MJB1,MJAR (PS22),In Use,V3314,1,22-DEC-2004,,
Seismometer,Feedback,CMG-3V HYB 10000 V/m/s Feedback,Guralp Systems Ltd.,Station - Site,MJB7,MJAR (PS22),In Use,V3322,1,21-AUG-2014,,
Seismometer,Feedback,CMG-3V HYB 10000 V/m/s Feedback,Guralp Systems Ltd.,Station - Site,MJA3,MJAR (PS22),In Use,V3324,1,22-DEC-2004,,
Seismometer,Feedback,CMG-3TB 12000 V/m/s Feedback,Guralp Systems Ltd.,Station - Site,MJB8,MJAR (PS22),In Use,T37776,1,23-AUG-2014,2009-1767,0010
Seismometer,Feedback,CMG-3V HYB 10000 V/m/s Feedback,Guralp Systems Ltd.,Station - Site,MJB9,MJAR (PS22),In Use,V3319,1,22-DEC-2004,,
Seismometer,Feedback,3VB HYB 10000 V/m/s Feedback,Guralp Systems Ltd.,Station - Site,MJA4,MJAR (PS22),In Use,V3K03,1,20-DEC-2023,2013-0084,0148
Seismometer,Feedback,CMG-3V HYB 10000 V/m/s Feedback,Guralp Systems Ltd.,Station - Site,MJA0,MJAR (PS22),In Use,V3325,1,22-DEC-2004,,
Seismometer,Feedback,CMG-3T 1500 V/m/s Feedback,Guralp Systems Ltd.,Station - Site,MJB9B,MJAR (PS22),In Use,T38516,1,21-DEC-2015,2013-0084,0024
Seismometer,Passive,GS-13 Passive,"Geotech Instruments, LLC",Station - Site,MK01,MKAR (PS23),In Use,371,1,30-NOV-2004,,
Seismometer,Feedback,CMG-3TB 10000 V/m/s Feedback,Guralp Systems Ltd.,Station - Site,MK31,MKAR (PS23),In Use,T35465B,1,07-SEP-2019,,
Seismometer,Passive,GS-21 Passive,"Geotech Instruments, LLC",Station - Site,MK02,MKAR (PS23),In Use,280,1,30-NOV-2004,,
Seismometer,Passive,GS-21 Passive,"Geotech Instruments, LLC",Station - Site,MK03,MKAR (PS23),In Use,,1,30-NOV-2004,,
Seismometer,Passive,GS-21 Passive,"Geotech Instruments, LLC",Station - Site,MK04,MKAR (PS23),In Use,270,1,09-SEP-2018,,
Seismometer,Passive,GS-21 Passive,"Geotech Instruments, LLC",Station - Site,MK05,MKAR (PS23),In Use,370,1,30-NOV-2004,,
Seismometer,Passive,GS-21 Passive,"Geotech Instruments, LLC",Station - Site,MK06,MKAR (PS23),In Use,211-A1,1,06-SEP-2021,,
Seismometer,Passive,GS-21 Passive,"Geotech Instruments, LLC",Station - Site,MK07,MKAR (PS23),In Use,258,1,30-NOV-2004,,
Seismometer,Passive,GS-21 Passive,"Geotech Instruments, LLC",Station - Site,MK08,MKAR (PS23),In Use,296,1,30-NOV-2004,,
Seismometer,Passive,GS-21 Passive,"Geotech Instruments, LLC",Station - Site,MK09,MKAR (PS23),In Use,260,1,30-NOV-2004,,
Seismometer,Feedback,STS-2 1500 V/m/s Low-Power Feedback,G. Streckeisen AG,Station - Site,MLR,MLR (AS081),In Use,60752,1,17-DEC-2020,,
Seismometer,Feedback,CMG-3ESPV 750 V/m/s² Feedback,Guralp Systems Ltd.,Station - Site,MMB3,MMAI (AS049),In Use,V3288,1,22-FEB-2017,,
Seismometer,Feedback,CMG-3ESPV 750 V/m/s² Feedback,Guralp Systems Ltd.,Station - Site,MMB2,MMAI (AS049),In Use,V3289,1,02-JUL-2008,,
Seismometer,Feedback,CMG-3ESPV 750 V/m/s² Feedback,Guralp Systems Ltd.,Station - Site,MMA4,MMAI (AS049),In Use,V3283,1,30-JUL-2018,,
Seismometer,Feedback,CMG-3ESPV 750 V/m/s² Feedback,Guralp Systems Ltd.,Station - Site,MMC2,MMAI (AS049),In Use,V3287,1,24-JAN-2004,,
Seismometer,Feedback,CMG-3ESPV 750 V/m/s² Feedback,Guralp Systems Ltd.,Station - Site,MMA1,MMAI (AS049),In Use,V3284,1,24-JAN-2003,,
Seismometer,Feedback,CMG-3ESPV 750 V/m/s² Feedback,Guralp Systems Ltd.,Station - Site,MMB1,MMAI (AS049),In Use,V3285,1,24-JAN-2003,,
Seismometer,Feedback,CMG-3ESPV 750 V/m/s² Feedback,Guralp Systems Ltd.,Station - Site,MMC7,MMAI (AS049),In Use,V3281,1,30-OCT-2014,,
Seismometer,Feedback,CMG-3ESPV 750 V/m/s² Feedback,Guralp Systems Ltd.,Station - Site,MMA0,MMAI (AS049),In Use,V3286,1,04-APR-2012,,
Seismometer,Feedback,CMG-3ESPV 750 V/m/s² Feedback,Guralp Systems Ltd.,Station - Site,MMC3,MMAI (AS049),In Use,V3279,1,30-JUL-2018,,
Seismometer,Feedback,CMG-3ESPV 750 V/m/s² Feedback,Guralp Systems Ltd.,Station - Site,MMC4,MMAI (AS049),In Use,V3J96,1,05-JUN-2023,,
Seismometer,Feedback,CMG-3ESPV 750 V/m/s² Feedback,Guralp Systems Ltd.,Station - Site,MMC1,MMAI (AS049),In Use,V3J88,1,13-JAN-2020,,
Seismometer,Feedback,CMG-3ESPV 750 V/m/s² Feedback,Guralp Systems Ltd.,Station - Site,MMB4,MMAI (AS049),In Use,V3239,1,29-OCT-2014,,
Seismometer,Feedback,CMG-3ESPV 750 V/m/s² Feedback,Guralp Systems Ltd.,Station - Site,MMA2,MMAI (AS049),In Use,V3I89,1,20-AUG-2020,,
Seismometer,Feedback,CMG-3ESPV 750 V/m/s² Feedback,Guralp Systems Ltd.,Station - Site,MMC6,MMAI (AS049),In Use,V3J87,1,26-MAR-2019,,
Seismometer,Feedback,CMG-3ESPV 750 V/m/s² Feedback,Guralp Systems Ltd.,Station - Site,MMC5,MMAI (AS049),In Use,V3282,1,22-FEB-2017,,
Seismometer,Feedback,CMG-3TB 2000 V/m/s Feedback,Guralp Systems Ltd.,Station - Site,MMA0B,MMAI (AS049),In Use,T39160,1,06-SEP-2016,2013-0084,0024
Seismometer,Feedback,CMG-3ESPV 750 V/m/s² Feedback,Guralp Systems Ltd.,Station - Site,MMA3,MMAI (AS049),In Use,V3275,1,30-OCT-2014,,
Seismometer,Feedback,CMG-3T 20000 V/m/s Feedback,Guralp Systems Ltd.,Station - Site,MSKU,MSKU (AS034),In Use,T3B12,1,13-DEC-2006,,
Seismometer,Feedback,Trillium 120-PH Feedback,"Nanometrics, Inc.",Station - Site,MSVF,MSVF (AS031),In Use,024,1,14-NOV-2014,,
Seismometer,Feedback,STS-2 20000 V/m/s Low-Power Feedback,G. Streckeisen AG,Station - Site,NEW,NEW (AS115),In Use,120228,1,28-JAN-2009,,
Seismometer,Feedback,STS-2 1500 V/m/s Standard Feedback,G. Streckeisen AG,Station - Site,NNA,NNA (AS078),In Use,99445,1,10-JAN-2024,,
Seismometer,Feedback,CMG-3V HYB 40000 V/m/s Feedback,Guralp Systems Ltd.,Station - Site,NC201,NOA (PS27),In Use,V3I86,1,21-FEB-2018,,
Seismometer,Feedback,CMG-3T HYB 40000 V/m/s Feedback,Guralp Systems Ltd.,Station - Site,NBO00,NOA (PS27),In Use,T36309,1,08-NOV-2011,,
Seismometer,Feedback,CMG-3V HYB 40000 V/m/s Feedback,Guralp Systems Ltd.,Station - Site,NB205,NOA (PS27),In Use,V3J02,1,09-NOV-2016,,
Seismometer,Feedback,CMG-3V HYB 40000 V/m/s Feedback,Guralp Systems Ltd.,Station - Site,NB202,NOA (PS27),In Use,V3J08,1,15-JUN-2012,,
Seismometer,Feedback,CMG-3V HYB 40000 V/m/s Feedback,Guralp Systems Ltd.,Station - Site,NC605,NOA (PS27),In Use,V3J05,1,16-FEB-2012,,
Seismometer,Feedback,CMG-3V HYB 7200 V/m/s Feedback,Guralp Systems Ltd.,Station - Site,NAO05,NOA (PS27),In Use,V3I85,1,11-FEB-2021,,
Seismometer,Feedback,CMG-3V HYB 40000 V/m/s Feedback,Guralp Systems Ltd.,Station - Site,NC402,NOA (PS27),In Use,V3J11,1,06-JUN-2012,,
Seismometer,Feedback,CMG-3V HYB 40000 V/m/s Feedback,Guralp Systems Ltd.,Station - Site,NC401,NOA (PS27),In Use,V3J06,1,27-OCT-2014,,
Seismometer,Feedback,CMG-3V HYB 40000 V/m/s Feedback,Guralp Systems Ltd.,Station - Site,NC404,NOA (PS27),In Use,V3J17,1,26-SEP-2023,,
Seismometer,Feedback,CMG-3V HYB 40000 V/m/s Feedback,Guralp Systems Ltd.,Station - Site,NC603,NOA (PS27),In Use,V3I98,1,19-OCT-2020,,
Seismometer,Feedback,CMG-3V HYB 40000 V/m/s Feedback,Guralp Systems Ltd.,Station - Site,NC601,NOA (PS27),In Use,V3I96,1,25-MAY-2012,,
Seismometer,Feedback,CMG-3V HYB 40000 V/m/s Feedback,Guralp Systems Ltd.,Station - Site,NC403,NOA (PS27),In Use,V3I88,1,12-APR-2016,,
Seismometer,Feedback,CMG-3V HYB 40000 V/m/s Feedback,Guralp Systems Ltd.,Station - Site,NC304,NOA (PS27),In Use,V3I90,1,15-JUN-2012,,
Seismometer,Feedback,CMG-3V HYB 40000 V/m/s Feedback,Guralp Systems Ltd.,Station - Site,NAO03,NOA (PS27),In Use,V3J16,1,24-OCT-2014,,
Seismometer,Feedback,CMG-3V HYB 40000 V/m/s Feedback,Guralp Systems Ltd.,Station - Site,NC600,NOA (PS27),In Use,V3J07,1,23-MAY-2012,,
Seismometer,Feedback,CMG-3V HYB 40000 V/m/s Feedback,Guralp Systems Ltd.,Station - Site,NB200,NOA (PS27),In Use,V3J01,1,20-JUN-2012,,
Seismometer,Feedback,CMG-3T HYB 40000 V/m/s Feedback,Guralp Systems Ltd.,Station - Site,NC405,NOA (PS27),In Use,T36344,1,08-NOV-2011,,
Seismometer,Feedback,CMG-3V HYB 40000 V/m/s Feedback,Guralp Systems Ltd.,Station - Site,NBO01,NOA (PS27),In Use,V3I92,1,08-FEB-2019,,
Seismometer,Feedback,CMG-3V HYB 40000 V/m/s Feedback,Guralp Systems Ltd.,Station - Site,NAO04,NOA (PS27),In Use,V3I94,1,03-JUN-2020,,
Seismometer,Feedback,CMG-3V HYB 40000 V/m/s Feedback,Guralp Systems Ltd.,Station - Site,NC400,NOA (PS27),In Use,V3J22,1,06-JUN-2012,,
Seismometer,Feedback,CMG-3T HYB 40000 V/m/s Feedback,Guralp Systems Ltd.,Station - Site,NC204,NOA (PS27),In Use,T36340,1,08-NOV-2011,,
Seismometer,Feedback,CMG-3V HYB 40000 V/m/s Feedback,Guralp Systems Ltd.,Station - Site,NC300,NOA (PS27),In Use,V3I93,1,25-APR-2017,,
Seismometer,Feedback,CMG-3V HYB 40000 V/m/s Feedback,Guralp Systems Ltd.,Station - Site,NC203,NOA (PS27),In Use,V3J12,1,08-NOV-2011,,
Seismometer,Feedback,CMG-3V HYB 7200 V/m/s Feedback,Guralp Systems Ltd.,Station - Site,NBO05,NOA (PS27),In Use,V3J00,1,10-NOV-2016,,
Seismometer,Feedback,CMG-3V HYB 40000 V/m/s Feedback,Guralp Systems Ltd.,Station - Site,NC301,NOA (PS27),In Use,V3I95,1,11-NOV-2021,,
Seismometer,Feedback,CMG-3V HYB 40000 V/m/s Feedback,Guralp Systems Ltd.,Station - Site,NB204,NOA (PS27),In Use,V3J04,1,10-JUL-2017,,
Seismometer,Feedback,CMG-3T HYB 40000 V/m/s Feedback,Guralp Systems Ltd.,Station - Site,NAO01,NOA (PS27),In Use,T36187,1,08-NOV-2011,,
Seismometer,Feedback,CMG-3V HYB 40000 V/m/s Feedback,Guralp Systems Ltd.,Station - Site,NBO03,NOA (PS27),In Use,V3J24,1,03-NOV-2014,,
Seismometer,Feedback,CMG-3T HYB 40000 V/m/s Feedback,Guralp Systems Ltd.,Station - Site,NB201,NOA (PS27),In Use,T36188,1,18-JUN-2015,,
Seismometer,Feedback,CMG-3T HYB 40000 V/m/s Feedback,Guralp Systems Ltd.,Station - Site,NC303,NOA (PS27),In Use,T36307,1,08-NOV-2011,,
Seismometer,Feedback,CMG-3V HYB 40000 V/m/s Feedback,Guralp Systems Ltd.,Station - Site,NC200,NOA (PS27),In Use,V3I25,1,09-OCT-2014,,
Seismometer,Feedback,CMG-3V HYB 40000 V/m/s Feedback,Guralp Systems Ltd.,Station - Site,NBO02,NOA (PS27),In Use,V3J13,1,25-MAY-2012,,
Seismometer,Feedback,CMG-3V HYB 40000 V/m/s Feedback,Guralp Systems Ltd.,Station - Site,NBO04,NOA (PS27),In Use,V3J21,1,19-MAY-2017,,
Seismometer,Feedback,CMG-3T HYB 40000 V/m/s Feedback,Guralp Systems Ltd.,Station - Site,NC602,NOA (PS27),In Use,T35728,1,23-JUN-2015,,
Seismometer,Feedback,CMG-3V HYB 40000 V/m/s Feedback,Guralp Systems Ltd.,Station - Site,NAO02,NOA (PS27),In Use,V3J09,1,10-MAY-2023,,
Seismometer,Feedback,CMG-3V HYB 40000 V/m/s Feedback,Guralp Systems Ltd.,Station - Site,NAO00,NOA (PS27),In Use,V3I46,1,16-JAN-2015,,
Seismometer,Feedback,CMG-3V HYB 7200 V/m/s Feedback,Guralp Systems Ltd.,Station - Site,NB203,NOA (PS27),In Use,V3I99,1,28-MAY-2020,,
Seismometer,Feedback,CMG-3V HYB 40000 V/m/s Feedback,Guralp Systems Ltd.,Station - Site,NC202,NOA (PS27),In Use,V3J10,1,20-NOV-2018,,
Seismometer,Feedback,CMG-3V HYB 40000 V/m/s Feedback,Guralp Systems Ltd.,Station - Site,NC205,NOA (PS27),In Use,V3J14,1,05-JUL-2012,,
Seismometer,Feedback,CMG-3V HYB 7200 V/m/s Feedback,Guralp Systems Ltd.,Station - Site,NC305,NOA (PS27),In Use,V3I97,1,25-JUL-2014,,
Seismometer,Feedback,CMG-3V HYB 7200 V/m/s Feedback,Guralp Systems Ltd.,Station - Site,NC302,NOA (PS27),In Use,V3I87,1,03-DEC-2015,,
Seismometer,Feedback,CMG-3V HYB 40000 V/m/s Feedback,Guralp Systems Ltd.,Station - Site,NC604,NOA (PS27),In Use,V3I89,1,25-JUL-2013,,
Seismometer,Feedback,CMG-3TB 5000 V/m/s Feedback,Guralp Systems Ltd.,Station - Site,NRIK,NRIK (PS34),In Use,T33815,1,28-OCT-2010,,
Seismometer,Passive,GS-13 Passive,"Geotech Instruments, LLC",Station - Site,NV01,NVAR (PS47),In Use,389,1,28-JUL-2000,,
Seismometer,Passive,GS-13 Passive,"Geotech Instruments, LLC",Station - Site,NV02,NVAR (PS47),In Use,281,1,28-JUL-2000,,
Seismometer,Feedback,CMG-3T 2000 V/m/s Feedback,Guralp Systems Ltd.,Station - Site,NV31,NVAR (PS47),In Use,T36394,1,10-MAY-2022,,
Seismometer,Passive,GS-13 Passive,"Geotech Instruments, LLC",Station - Site,NV03,NVAR (PS47),In Use,227,1,28-JUL-2000,,
Seismometer,Passive,GS-13 Passive,"Geotech Instruments, LLC",Station - Site,NV04,NVAR (PS47),In Use,124,1,28-JUL-2000,,
Seismometer,Passive,GS-13 Passive,"Geotech Instruments, LLC",Station - Site,NV05,NVAR (PS47),In Use,117,1,28-JUL-2000,,
Seismometer,Passive,GS-13 Passive,"Geotech Instruments, LLC",Station - Site,NV06,NVAR (PS47),In Use,216,1,28-JUL-2000,,
Seismometer,Passive,GS-13 Passive,"Geotech Instruments, LLC",Station - Site,NV07,NVAR (PS47),In Use,120,1,28-JUL-2000,,
Seismometer,Passive,GS-13 Passive,"Geotech Instruments, LLC",Station - Site,NV08,NVAR (PS47),In Use,437,1,28-JUL-2000,,
Seismometer,Passive,GS-13 Passive,"Geotech Instruments, LLC",Station - Site,NV09,NVAR (PS47),In Use,250,1,25-JAN-2023,,
Seismometer,Passive,GS-13 Passive,"Geotech Instruments, LLC",Station - Site,NV10,NVAR (PS47),In Use,213,1,28-JUL-2000,,
Seismometer,Passive,GS-13 Passive,"Geotech Instruments, LLC",Station - Site,NV11,NVAR (PS47),In Use,226,1,28-JUL-2000,,
Seismometer,Passive,GS-13 Passive,"Geotech Instruments, LLC",Station - Site,NV11,NVAR (PS47),In Use,039,1,28-JUL-2000,,
Seismometer,Passive,GS-13 Passive,"Geotech Instruments, LLC",Station - Site,NV11,NVAR (PS47),In Use,038,1,28-JUL-2000,,
Seismometer,Feedback,CMG-3TB 3000 V/m/s Feedback,Guralp Systems Ltd.,Station - Site,NWAO,NWAO (AS006),In Use,T36373,1,05-MAY-2011,,
Seismometer,Feedback,CMG-3ESPC 20000 V/m/s Feedback,Guralp Systems Ltd.,Station - Site,OBN,OBN (AS084),In Use,T34293,1,20-JUN-2012,,
Seismometer,Passive,LPHA-12s Passive,"Commissariat a l' Energie Atomique, Département Analyse Surveillance Environnement",Station - Site,OPO,OPO (AS061),In Use,51,1,04-SEP-2001,,
Seismometer,Passive,LPHA-12s Passive,"Commissariat a l' Energie Atomique, Département Analyse Surveillance Environnement",Station - Site,OPO,OPO (AS061),In Use,52,1,04-SEP-2001,,
Seismometer,Passive,LPZA-12s Passive,"Commissariat a l' Energie Atomique, Département Analyse Surveillance Environnement",Station - Site,OPO,OPO (AS061),In Use,21,1,04-SEP-2001,,
Seismometer,Passive,HM500 Passive,"Commissariat a l' Energie Atomique, Département Analyse Surveillance Environnement",Station - Site,OPO,OPO (AS061),In Use,027,1,10-JUL-2012,,
Seismometer,Passive,HM500 Passive,"Commissariat a l' Energie Atomique, Département Analyse Surveillance Environnement",Station - Site,OPO,OPO (AS061),In Use,025,1,30-MAR-2023,,
Seismometer,Passive,HM500 Passive,"Commissariat a l' Energie Atomique, Département Analyse Surveillance Environnement",Station - Site,OPO,OPO (AS061),In Use,128,1,30-MAR-2023,,
Seismometer,Feedback,Trillium 120-PH Feedback,"Nanometrics, Inc.",Station - Site,PALK,PALK (AS100),In Use,204,1,31-DEC-2013,,
Seismometer,Feedback,Trillium 120-SPH2 Feedback,"Nanometrics, Inc.",Station - Site,PCRV,PCRV (AS118),In Use,002893,1,08-DEC-2023,2019-1171,0057
Seismometer,Feedback,Trillium T120-BH2 Feedback,"Nanometrics, Inc.",Station - Site,PD31,PDAR (PS48),In Use,2929,1,10-JUN-2023,,
Seismometer,Passive,GS-21 Passive,"Geotech Instruments, LLC",Station - Site,PD01,PDAR (PS48),In Use,411,1,30-AUG-2011,,
Seismometer,Passive,GS-21 Passive,"Geotech Instruments, LLC",Station - Site,PD02,PDAR (PS48),In Use,403,1,11-AUG-2010,,
Seismometer,Passive,GS-21 Passive,"Geotech Instruments, LLC",Station - Site,PD03,PDAR (PS48),In Use,405,1,11-AUG-2010,,
Seismometer,Passive,GS-21 Passive,"Geotech Instruments, LLC",Station - Site,PD04,PDAR (PS48),In Use,421,1,11-AUG-2010,,
Seismometer,Passive,GS-21 Passive,"Geotech Instruments, LLC",Station - Site,PD05,PDAR (PS48),In Use,401,1,11-AUG-2010,,
Seismometer,Passive,GS-21 Passive,"Geotech Instruments, LLC",Station - Site,PD06,PDAR (PS48),In Use,268,1,11-AUG-2010,,
Seismometer,Passive,GS-21 Passive,"Geotech Instruments, LLC",Station - Site,PD07,PDAR (PS48),In Use,369,1,11-AUG-2010,,
Seismometer,Passive,GS-21 Passive,"Geotech Instruments, LLC",Station - Site,PD08,PDAR (PS48),In Use,407,1,11-AUG-2010,,
Seismometer,Passive,GS-21 Passive,"Geotech Instruments, LLC",Station - Site,PD09,PDAR (PS48),In Use,400,1,11-AUG-2010,,
Seismometer,Passive,GS-21 Passive,"Geotech Instruments, LLC",Station - Site,PD10,PDAR (PS48),In Use,399,1,11-AUG-2010,,
Seismometer,Passive,GS-21 Passive,"Geotech Instruments, LLC",Station - Site,PD11,PDAR (PS48),In Use,404,1,11-AUG-2010,,
Seismometer,Passive,GS-21 Passive,"Geotech Instruments, LLC",Station - Site,PD12,PDAR (PS48),In Use,409,1,07-JAN-2014,,
Seismometer,Passive,GS-21 Passive,"Geotech Instruments, LLC",Station - Site,PD13,PDAR (PS48),In Use,402,1,11-AUG-2010,,
Seismometer,Passive,GS-13 Passive,"Geotech Instruments, LLC",Station - Site,PD32,PDAR (PS48),In Use,458,1,28-JUL-2000,,
Seismometer,Passive,GS-13 Passive,"Geotech Instruments, LLC",Station - Site,PD32,PDAR (PS48),In Use,451,1,28-JUL-2000,,
Seismometer,Passive,GS-13 Passive,"Geotech Instruments, LLC",Station - Site,PD32,PDAR (PS48),In Use,479,1,08-JUL-2014,,
Seismometer,Feedback,Trillium 120-SPH2 Feedback,"Nanometrics, Inc.",Station - Site,PDB2,PDYAR (PS35),In Use,002050,1,29-OCT-2021,2019-1171,0006
Seismometer,Feedback,Trillium 120-SPH2 Feedback,"Nanometrics, Inc.",Station - Site,PDA2,PDYAR (PS35),In Use,002038,1,29-OCT-2021,2019-1171,0006
Seismometer,Feedback,Trillium 120-SPH2 Feedback,"Nanometrics, Inc.",Station - Site,PDA0,PDYAR (PS35),In Use,002049,1,29-OCT-2021,2019-1171,0006
Seismometer,Feedback,Trillium 120-SPH2 Feedback,"Nanometrics, Inc.",Station - Site,PDB3,PDYAR (PS35),In Use,002043,1,29-OCT-2021,2019-1171,0006
Seismometer,Feedback,Trillium 120-SPH2 Feedback,"Nanometrics, Inc.",Station - Site,PDB5,PDYAR (PS35),In Use,002045,1,29-OCT-2021,2019-1171,0006
Seismometer,Feedback,Trillium 120-SPH2 Feedback,"Nanometrics, Inc.",Station - Site,PDB5,PDYAR (PS35),In Use,002051,1,29-OCT-2021,2019-1171,0006
Seismometer,Feedback,Trillium 120-SPH2 Feedback,"Nanometrics, Inc.",Station - Site,PDB4,PDYAR (PS35),In Use,002041,1,29-OCT-2021,2019-1171,0006
Seismometer,Feedback,Trillium 120-SPH2 Feedback,"Nanometrics, Inc.",Station - Site,PDB1,PDYAR (PS35),In Use,002042,1,29-OCT-2021,2019-1171,0006
Seismometer,Feedback,Trillium 120-SPH2 Feedback,"Nanometrics, Inc.",Station - Site,PDA3,PDYAR (PS35),In Use,002046,1,29-OCT-2021,2019-1171,0006
Seismometer,Feedback,Trillium 120-SPH2 Feedback,"Nanometrics, Inc.",Station - Site,PDA1,PDYAR (PS35),In Use,002044,1,29-OCT-2021,2019-1171,0006
Seismometer,Passive,GS-21 Passive,"Geotech Instruments, LLC",Station - Site,PEA0,PETK (PS36),In Use,334,1,07-OCT-2005,,
Seismometer,Passive,GS-21 Passive,"Geotech Instruments, LLC",Station - Site,PEA1,PETK (PS36),In Use,326,1,07-OCT-2005,,
Seismometer,Passive,GS-21 Passive,"Geotech Instruments, LLC",Station - Site,PEA2,PETK (PS36),In Use,341,1,16-DEC-2023,,
Seismometer,Passive,GS-21 Passive,"Geotech Instruments, LLC",Station - Site,PEA3,PETK (PS36),In Use,339,1,07-OCT-2005,,
Seismometer,Passive,GS-21 Passive,"Geotech Instruments, LLC",Station - Site,PEB1,PETK (PS36),In Use,335,1,07-OCT-2005,,
Seismometer,Passive,GS-21 Passive,"Geotech Instruments, LLC",Station - Site,PEB2,PETK (PS36),In Use,319,1,07-OCT-2005,,
Seismometer,Passive,GS-21 Passive,"Geotech Instruments, LLC",Station - Site,PEB3,PETK (PS36),In Use,316,1,07-OCT-2005,,
Seismometer,Passive,GS-21 Passive,"Geotech Instruments, LLC",Station - Site,PEB4,PETK (PS36),In Use,374,1,02-AUG-2017,,
Seismometer,Passive,GS-21 Passive,"Geotech Instruments, LLC",Station - Site,PEB5,PETK (PS36),In Use,330,1,07-OCT-2005,,
Seismometer,Feedback,CMG-3TB 20000 V/m/s Feedback,Guralp Systems Ltd.,Station - Site,PEA0B,PETK (PS36),In Use,T3K34,1,07-OCT-2005,,
Seismometer,Passive,GS-21 Passive,"Geotech Instruments, LLC",Station - Site,PES2,PETK (PS36),In Use,329,1,07-OCT-2005,,
Seismometer,Passive,GS-21 Passive,"Geotech Instruments, LLC",Station - Site,PLCA1,PLCA (PS01),In Use,113,1,26-OCT-1992,,
Seismometer,Feedback,KS54000 Feedback,"Geotech Instruments, LLC",Station - Site,PLCAB,PLCA (PS01),In Use,132,1,18-MAY-2019,,
Seismometer,Feedback,STS-2 1500 V/m/s Low-Power Feedback,G. Streckeisen AG,Station - Site,PMG,PMG (AS075),In Use,40641,1,18-JAN-2023,,
Seismometer,Feedback,STS-2.5 1500 V/m/s Standard Feedback,G. Streckeisen AG,Station - Site,PMSA,PMSA (AS106),In Use,101020,1,18-JUN-2012,,
Seismometer,Passive,LPZA-12s Passive,"Commissariat a l' Energie Atomique, Département Analyse Surveillance Environnement",Station - Site,PPT,PPT (PS18),In Use,001,1,18-NOV-2008,,
Seismometer,Passive,LPHA-12s Passive,"Commissariat a l' Energie Atomique, Département Analyse Surveillance Environnement",Station - Site,PPT,PPT (PS18),In Use,009,1,18-NOV-2008,,
Seismometer,Passive,LPHA-12s Passive,"Commissariat a l' Energie Atomique, Département Analyse Surveillance Environnement",Station - Site,PPT,PPT (PS18),In Use,002,1,18-NOV-2008,,
Seismometer,Passive,ZM500 Passive,"Commissariat a l' Energie Atomique, Département Analyse Surveillance Environnement",Station - Site,PPT,PPT (PS18),In Use,055,1,01-DEC-1999,,
Seismometer,Passive,HM500 Passive,"Commissariat a l' Energie Atomique, Département Analyse Surveillance Environnement",Station - Site,PPT,PPT (PS18),In Use,061,1,03-MAR-2011,,
Seismometer,Passive,HM500 Passive,"Commissariat a l' Energie Atomique, Département Analyse Surveillance Environnement",Station - Site,PPT,PPT (PS18),In Use,010,1,26-JAN-2016,,
Seismometer,Feedback,Trillium 120 P Feedback,"Nanometrics, Inc.",Station - Site,PSI,PSI (AS043),In Use,2014,1,22-SEP-2015,,
Seismometer,Feedback,STS-2 20000 V/m/s Low-Power Feedback,G. Streckeisen AG,Station - Site,PTGA,PTGA (AS010),In Use,30729,1,09-NOV-2009,,
Seismometer,Feedback,CMG-3TB 20000 V/m/s Feedback,Guralp Systems Ltd.,Station - Site,QSPA,QSPA (AS114),In Use,T3A84,1,01-FEB-2003,,
Seismometer,Feedback,STS-2.5 1500 V/m/s Standard Feedback,G. Streckeisen AG,Station - Site,RAO,RAO (AS070),In Use,90944,1,20-MAY-2013,,
Seismometer,Feedback,KS54000-IRIS Feedback,"Geotech Instruments, LLC",Station - Site,RAR,RAR (AS024),In Use,027,1,26-OCT-2010,,
Seismometer,Feedback,STS-2 20000 V/m/s Low-Power Feedback,G. Streckeisen AG,Station - Site,RAR,RAR (AS024),In Use,99433,1,05-FEB-2010,,
Seismometer,Feedback,KS54000-IRIS Feedback,"Geotech Instruments, LLC",Station - Site,RCBR,RCBR (AS011),In Use,025,1,15-MAY-2019,2009-1767,0008
Seismometer,Feedback,CMG-3TB 20000 V/m/s Feedback,Guralp Systems Ltd.,Station - Site,RCBR,RCBR (AS011),In Use,T37565,1,15-MAY-2019,2009-1767,0008
Seismometer,Feedback,Trillium 120-QA Feedback,"Nanometrics, Inc.",Station - Site,RES,RES (AS016),In Use,2420,1,27-JUL-2022,,
Seismometer,Feedback,CMG-3ESP 4000 V/m/s Feedback,Guralp Systems Ltd.,Station - Site,ROSC,ROSC (PS14),In Use,T3F11,1,31-JUL-2003,,
Seismometer,Feedback,STS-2.5 1500 V/m/s Standard Feedback,G. Streckeisen AG,Station - Site,RPN,RPN (AS018),In Use,110845,1,25-SEP-2020,,
Seismometer,Feedback,Trillium T120-BH1 Feedback,"Nanometrics, Inc.",Station - Site,RPZ,RPZ (AS069),In Use,001074,1,24-JUN-2021,,
Seismometer,Feedback,Trillium 120-QA Feedback,"Nanometrics, Inc.",Station - Site,SADO,SADO (AS014),In Use,2604,1,11-APR-2019,,
Seismometer,Feedback,Trillium 120-QA Feedback,"Nanometrics, Inc.",Station - Site,SCHQ,SCHQ (PS10),In Use,2488,1,16-APR-2019,,
Seismometer,Feedback,CMG-3T 20000 V/m/s Feedback,Guralp Systems Ltd.,Station - Site,SDV,SDV (AS117),In Use,T3319,1,12-MAR-2004,,
Seismometer,Feedback,STS-2 1500 V/m/s Standard Feedback,G. Streckeisen AG,Station - Site,SEY,SEY (AS086),In Use,30236,1,29-JUN-2005,,
Seismometer,Feedback,STS-2.5 1500 V/m/s Standard Feedback,G. Streckeisen AG,Station - Site,SFJD,SFJD (AS027),In Use,110615,1,18-FEB-2014,,
Seismometer,Feedback,STS-2.5 1500 V/m/s Standard Feedback,G. Streckeisen AG,Station - Site,SHEM,SHEM (AS112),In Use,120945,1,07-DEC-2015,,
Seismometer,Feedback,STS-2.5 1500 V/m/s Standard Feedback,G. Streckeisen AG,Station - Site,SHEM,SHEM (AS112),In Use,120946,1,07-DEC-2015,,
Seismometer,Feedback,Trillium 120 P Feedback,"Nanometrics, Inc.",Station - Site,SIJI,SIJI (AS042),In Use,643,1,03-OCT-2011,,
Seismometer,Passive,ZM500 Passive,"Commissariat a l' Energie Atomique, Département Analyse Surveillance Environnement",Station - Site,SIV,SIV (AS008),In Use,152,1,27-NOV-2012,,
Seismometer,Passive,LPHA-12s Passive,"Commissariat a l' Energie Atomique, Département Analyse Surveillance Environnement",Station - Site,SIV,SIV (AS008),In Use,GB45,1,30-JAN-2001,,
Seismometer,Passive,LPHA-12s Passive,"Commissariat a l' Energie Atomique, Département Analyse Surveillance Environnement",Station - Site,SIV,SIV (AS008),In Use,GB46,1,30-JAN-2001,,
Seismometer,Passive,LPZA-12s Passive,"Commissariat a l' Energie Atomique, Département Analyse Surveillance Environnement",Station - Site,SIV,SIV (AS008),In Use,GB16,1,30-JAN-2001,,
Seismometer,Passive,ZM500 Passive,"Commissariat a l' Energie Atomique, Département Analyse Surveillance Environnement",Station - Site,SIV,SIV (AS008),In Use,039,1,15-APR-2004,,
Seismometer,Passive,ZM500 Passive,"Commissariat a l' Energie Atomique, Département Analyse Surveillance Environnement",Station - Site,SIV,SIV (AS008),In Use,500060,1,01-DEC-2022,,
Seismometer,Passive,ZM500 Passive,"Commissariat a l' Energie Atomique, Département Analyse Surveillance Environnement",Station - Site,SIV,SIV (AS008),In Use,178,1,05-AUG-2021,,
Seismometer,Feedback,STS-2 20000 V/m/s High-Gain Feedback,G. Streckeisen AG,Station - Site,SJG,SJG (AS116),In Use,50514,1,25-SEP-2010,,
Seismometer,Feedback,STS-2 20000 V/m/s High-Gain Feedback,G. Streckeisen AG,Station - Site,SNAA,SNAA (AS035),In Use,110044,1,29-APR-2004,,
Seismometer,Passive,LPZA-12s Passive,"Commissariat a l' Energie Atomique, Département Analyse Surveillance Environnement",Station - Site,SONA0,SONM (PS25),In Use,008,1,15-OCT-2002,,
Seismometer,Passive,LPHA-12s Passive,"Commissariat a l' Energie Atomique, Département Analyse Surveillance Environnement",Station - Site,SONA0,SONM (PS25),In Use,047,1,15-OCT-2002,,
Seismometer,Passive,LPHA-12s Passive,"Commissariat a l' Energie Atomique, Département Analyse Surveillance Environnement",Station - Site,SONA0,SONM (PS25),In Use,050,1,15-OCT-2002,,
Seismometer,Passive,ZM500 Passive,"Commissariat a l' Energie Atomique, Département Analyse Surveillance Environnement",Station - Site,SONA0,SONM (PS25),In Use,149,1,15-OCT-2002,,
Seismometer,Passive,HM500 Passive,"Commissariat a l' Energie Atomique, Département Analyse Surveillance Environnement",Station - Site,SONA0,SONM (PS25),In Use,052,1,15-OCT-2002,,
Seismometer,Passive,HM500 Passive,"Commissariat a l' Energie Atomique, Département Analyse Surveillance Environnement",Station - Site,SONA0,SONM (PS25),In Use,034,1,31-JUL-2018,,
Seismometer,Passive,ZM500 Passive,"Commissariat a l' Energie Atomique, Département Analyse Surveillance Environnement",Station - Site,SONA1,SONM (PS25),In Use,148,1,15-OCT-2002,,
Seismometer,Passive,ZM500 Passive,"Commissariat a l' Energie Atomique, Département Analyse Surveillance Environnement",Station - Site,SONA2,SONM (PS25),In Use,144,1,06-DEC-2016,,
Seismometer,Passive,ZM500 Passive,"Commissariat a l' Energie Atomique, Département Analyse Surveillance Environnement",Station - Site,SONA3,SONM (PS25),In Use,145,1,12-OCT-2022,,
Seismometer,Passive,ZM500 Passive,"Commissariat a l' Energie Atomique, Département Analyse Surveillance Environnement",Station - Site,SONA4,SONM (PS25),In Use,162,1,21-MAY-2012,,
Seismometer,Passive,ZM500 Passive,"Commissariat a l' Energie Atomique, Département Analyse Surveillance Environnement",Station - Site,SONB1,SONM (PS25),In Use,129,1,25-DEC-2013,,
Seismometer,Passive,ZM500 Passive,"Commissariat a l' Energie Atomique, Département Analyse Surveillance Environnement",Station - Site,SONB2,SONM (PS25),In Use,154,1,15-OCT-2002,,
Seismometer,Passive,ZM500 Passive,"Commissariat a l' Energie Atomique, Département Analyse Surveillance Environnement",Station - Site,SONB3,SONM (PS25),In Use,073,1,17-DEC-2020,,
Seismometer,Passive,ZM500 Passive,"Commissariat a l' Energie Atomique, Département Analyse Surveillance Environnement",Station - Site,SONB4,SONM (PS25),In Use,183,1,21-MAY-2012,,
Seismometer,Passive,ZM500 Passive,"Commissariat a l' Energie Atomique, Département Analyse Surveillance Environnement",Station - Site,SONB5,SONM (PS25),In Use,020,1,25-DEC-2013,,
Seismometer,Feedback,CMG-3TB 2000 V/m/s² Feedback,Guralp Systems Ltd.,Station - Site,SPB3,SPITS (AS072),In Use,T3J56,1,01-JAN-2006,,
Seismometer,Feedback,CMG-3TB 2000 V/m/s² Feedback,Guralp Systems Ltd.,Station - Site,SPA0,SPITS (AS072),In Use,T3H76,1,01-JAN-2006,,
Seismometer,Feedback,CMG-3TB 2000 V/m/s² Feedback,Guralp Systems Ltd.,Station - Site,SPB5,SPITS (AS072),In Use,T3J67,1,01-JAN-2006,,
Seismometer,Feedback,CMG-3TB 2000 V/m/s² Feedback,Guralp Systems Ltd.,Station - Site,SPB2,SPITS (AS072),In Use,T3J37,1,17-AUG-2005,,
Seismometer,Feedback,CMG-3TB 2000 V/m/s² Feedback,Guralp Systems Ltd.,Station - Site,SPB4,SPITS (AS072),In Use,T3H65,1,01-JAN-2006,,
Seismometer,Feedback,CMG-3TB 2000 V/m/s² Feedback,Guralp Systems Ltd.,Station - Site,SPA2,SPITS (AS072),In Use,V3309,1,01-JAN-2006,,
Seismometer,Feedback,CMG-3TB 2000 V/m/s² Feedback,Guralp Systems Ltd.,Station - Site,SPA1,SPITS (AS072),In Use,V3310,1,01-JAN-2006,,
Seismometer,Feedback,CMG-3TB 2000 V/m/s² Feedback,Guralp Systems Ltd.,Station - Site,SPB1,SPITS (AS072),In Use,T3J19,1,01-JAN-2006,,
Seismometer,Feedback,CMG-3TB 2000 V/m/s² Feedback,Guralp Systems Ltd.,Station - Site,SPA3,SPITS (AS072),In Use,V3311,1,01-JAN-2006,,
Seismometer,Feedback,CMG-3TB 64000 V/m/s Feedback,Guralp Systems Ltd.,Station - Site,STKA,STKA (PS04),In Use,T3E61,1,12-NOV-2003,,
Seismometer,Feedback,STS-2 1500 V/m/s Standard Feedback,G. Streckeisen AG,Station - Site,SUR,SUR (AS099),In Use,99447,1,23-JAN-1996,,
Seismometer,Feedback,Trillium 240 Feedback,"Nanometrics, Inc.",Station - Site,TEIG,TEIG (AS063),In Use,000811,1,03-NOV-2014,,
Seismometer,Feedback,STS-2.5 1500 V/m/s Standard Feedback,G. Streckeisen AG,Station - Site,TEIG,TEIG (AS063),In Use,11612,1,03-NOV-2014,,
Seismometer,Feedback,CMG-3TB 10000 V/m/s Feedback,Guralp Systems Ltd.,Station - Site,TEIG,TEIG (AS063),In Use,T3998-N3764-E3764,1,04-JUN-2006,,
Seismometer,Feedback,CMG-3T 3000 V/m/s Feedback,Guralp Systems Ltd.,Station - Site,TEIG,TEIG (AS063),In Use,T39462,1,22-FEB-2017,,
Seismometer,Feedback,CMG-3T 1500 V/m/s Feedback,Guralp Systems Ltd.,Station - Facility,CF-TGY,TGY (AS080),In Use,T37752,1,08-JUL-2023,2009-1767,0012
Seismometer,Feedback,STS-2 1500 V/m/s Standard Feedback,G. Streckeisen AG,Station - Site,TGY,TGY (AS080),In Use,90320,1,09-AUG-2002,,
Seismometer,Feedback,CMG-3TB 10000 V/m/s Feedback,Guralp Systems Ltd.,Station - Site,THR,THR (PS21),In Use,T3764,1,20-APR-2000,,
Seismometer,Feedback,STS-2 20000 V/m/s High-Gain Feedback,G. Streckeisen AG,Station - Site,TIXI,TIXI (AS091),In Use,119551,1,22-SEP-2017,,
Seismometer,Feedback,STS-2.5 1500 V/m/s Standard Feedback,G. Streckeisen AG,Station - Site,TKL,TKL (AS107),In Use,111046,1,25-JUL-2013,,
Seismometer,Feedback,STS-2.5 1500 V/m/s Standard Feedback,G. Streckeisen AG,Station - Site,TLY,TLY (AS087),In Use,90947,1,02-OCT-2019,,
Seismometer,Feedback,CMG-3TB 10000 V/m/s Feedback,Guralp Systems Ltd.,Station - Site,TOC4,TORD (PS26),In Use,T3N13,1,07-FEB-2010,,
Seismometer,Feedback,CMG-3VB 10000 V/m/s Feedback,Guralp Systems Ltd.,Station - Site,TOB4,TORD (PS26),In Use,V3338,1,03-MAY-2016,,
Seismometer,Feedback,CMG-3TB 10000 V/m/s Feedback,Guralp Systems Ltd.,Station - Site,TOC6,TORD (PS26),In Use,T36285,1,04-APR-2017,,
Seismometer,Feedback,CMG-3VB 10000 V/m/s Feedback,Guralp Systems Ltd.,Station - Site,TOC3,TORD (PS26),In Use,V3336,1,21-APR-2005,,
Seismometer,Feedback,CMG-3VB 10000 V/m/s Feedback,Guralp Systems Ltd.,Station - Site,TOA2,TORD (PS26),In Use,V3333,1,09-MAR-2012,,
Seismometer,Feedback,CMG-3VB 10000 V/m/s Feedback,Guralp Systems Ltd.,Station - Site,TOB5,TORD (PS26),In Use,V3331,1,21-APR-2005,,
Seismometer,Feedback,CMG-3TB 10000 V/m/s Feedback,Guralp Systems Ltd.,Station - Site,TOC2,TORD (PS26),In Use,T39132,1,04-APR-2017,,
Seismometer,Feedback,CMG-3VB 10000 V/m/s Feedback,Guralp Systems Ltd.,Station - Site,TOA3,TORD (PS26),In Use,V3337,1,02-MAR-2012,,
Seismometer,Feedback,CMG-3VB 10000 V/m/s Feedback,Guralp Systems Ltd.,Station - Site,TOC7,TORD (PS26),In Use,V3335,1,21-APR-2005,,
Seismometer,Feedback,CMG-3VB 10000 V/m/s Feedback,Guralp Systems Ltd.,Station - Site,TOB1,TORD (PS26),In Use,V3330,1,16-APR-2014,,
Seismometer,Feedback,STS-2 1500 V/m/s Low-Power Feedback,G. Streckeisen AG,Station - Site,TSUM,TSUM (AS067),In Use,99427,1,13-OCT-2015,,
Seismometer,Passive,GS-13 Passive,"Geotech Instruments, LLC",Station - Site,TX01,TXAR (PS46),In Use,426,1,20-DEC-2001,,
Seismometer,Passive,GS-13 Passive,"Geotech Instruments, LLC",Station - Site,TX02,TXAR (PS46),In Use,478,1,28-DEC-2010,,
Seismometer,Passive,GS-13 Passive,"Geotech Instruments, LLC",Station - Site,TX03,TXAR (PS46),In Use,428,1,20-DEC-2001,,
Seismometer,Passive,GS-13 Passive,"Geotech Instruments, LLC",Station - Site,TX04,TXAR (PS46),In Use,429,1,20-DEC-2001,,
Seismometer,Passive,GS-13 Passive,"Geotech Instruments, LLC",Station - Site,TX06,TXAR (PS46),In Use,430,1,20-DEC-2001,,
Seismometer,Passive,GS-13 Passive,"Geotech Instruments, LLC",Station - Site,TX07,TXAR (PS46),In Use,431,1,20-DEC-2001,,
Seismometer,Passive,GS-13 Passive,"Geotech Instruments, LLC",Station - Site,TX08,TXAR (PS46),In Use,432,1,20-DEC-2001,,
Seismometer,Passive,GS-13 Passive,"Geotech Instruments, LLC",Station - Site,TX09,TXAR (PS46),In Use,433,1,20-DEC-2001,,
Seismometer,Passive,GS-13 Passive,"Geotech Instruments, LLC",Station - Site,TX10,TXAR (PS46),In Use,434,1,20-DEC-2001,,
Seismometer,Feedback,CMG-3TB 10000 V/m/s Feedback,Guralp Systems Ltd.,Station - Site,TX31,TXAR (PS46),In Use,T35076B,1,19-JAN-2021,,
Seismometer,Feedback,Trillium 120-QA Feedback,"Nanometrics, Inc.",Station - Site,ULM,ULM (PS08),In Use,2498,1,29-AUG-2019,,
Seismometer,Feedback,Trillium T120-BH1 Feedback,"Nanometrics, Inc.",Station - Site,URZ,URZ (AS071),In Use,1073,1,25-MAY-2021,,
Seismometer,Feedback,FBA ES-T Feedback,"Kinemetrics, Inc.",Station - Site,URZ,URZ (AS071),In Use,995,1,19-FEB-2002,,
Seismometer,Feedback,STS-2 1500 V/m/s Low-Power Feedback,G. Streckeisen AG,Station - Site,USHA,USHA (AS002),In Use,110040,1,10-NOV-2003,,
Seismometer,Passive,GS-21 Passive,"Geotech Instruments, LLC",Station - Site,USA0,USRK (PS37),In Use,337,1,31-AUG-2008,,
Seismometer,Passive,GS-21 Passive,"Geotech Instruments, LLC",Station - Site,USA1,USRK (PS37),In Use,343,1,31-AUG-2008,,
Seismometer,Passive,GS-21 Passive,"Geotech Instruments, LLC",Station - Site,USA2,USRK (PS37),In Use,346,1,31-AUG-2008,,
Seismometer,Passive,GS-21 Passive,"Geotech Instruments, LLC",Station - Site,USA3,USRK (PS37),In Use,340,1,31-AUG-2008,,
Seismometer,Passive,GS-21 Passive,"Geotech Instruments, LLC",Station - Site,USB1,USRK (PS37),In Use,336,1,31-AUG-2008,,
Seismometer,Passive,GS-21 Passive,"Geotech Instruments, LLC",Station - Site,USB2,USRK (PS37),In Use,345,1,31-AUG-2008,,
Seismometer,Feedback,CMG-3TB 20000 V/m/s Feedback,Guralp Systems Ltd.,Station - Site,USA0B,USRK (PS37),In Use,T3V71,1,31-AUG-2008,,
Seismometer,Passive,GS-21 Passive,"Geotech Instruments, LLC",Station - Site,USB3,USRK (PS37),In Use,338,1,31-AUG-2008,,
Seismometer,Passive,GS-21 Passive,"Geotech Instruments, LLC",Station - Site,USB4,USRK (PS37),In Use,342,1,31-AUG-2008,,
Seismometer,Passive,GS-21 Passive,"Geotech Instruments, LLC",Station - Site,USB5,USRK (PS37),In Use,333,1,31-AUG-2008,,
Seismometer,Feedback,STS-2 1500 V/m/s Standard Feedback,G. Streckeisen AG,Station - Site,VAE,VAE (AS050),In Use,39326,1,07-DEC-2016,,
Seismometer,Feedback,KS54000 Feedback,"Geotech Instruments, LLC",Station - Site,VNDAB,VNDA (PS50),In Use,,1,26-JAN-2004,,
Seismometer,Passive,GS-21 Passive,"Geotech Instruments, LLC",Station - Site,VNDA1,VNDA (PS50),In Use,417,1,08-NOV-2017,,
Seismometer,Feedback,STS-2.5 1500 V/m/s Standard Feedback,G. Streckeisen AG,Station - Site,VRAC,VRAC (AS026),In Use,151230,1,29-MAY-2020,,
Seismometer,Feedback,ENG-3VB 4000 V/m/s Feedback,Guralp Systems Ltd.,Station - Site,WB5,WRA (PS02),In Use,V3J44,1,31-MAY-2017,2013-0084,0053
Seismometer,Feedback,CMG-3ESP 4000 V/m/s Feedback,Guralp Systems Ltd.,Station - Site,WB9,WRA (PS02),In Use,V3179,1,30-JAN-2003,,
Seismometer,Feedback,3VB 4000 V/m/s Feedback,Guralp Systems Ltd.,Station - Site,WB3,WRA (PS02),In Use,V3J93,1,23-JAN-2020,2013-0084,0107
Seismometer,Feedback,CMG-3VB 4000 V/m/s Feedback,Guralp Systems Ltd.,Station - Site,WC4,WRA (PS02),In Use,V3J37,1,17-AUG-2022,2013-0084,0031
Seismometer,Feedback,ENG 3T Waterproof 4000 V/m/s Feedback,Guralp Systems Ltd.,Station - Site,WB2,WRA (PS02),In Use,T311227,1,14-NOV-2023,2013-0084,0149
Seismometer,Feedback,CMG-3ESP 4000 V/m/s Feedback,Guralp Systems Ltd.,Station - Site,WB8,WRA (PS02),In Use,V3187,1,01-JUL-1999,,
Seismometer,Feedback,ENG-3VB 4000 V/m/s Feedback,Guralp Systems Ltd.,Station - Site,WR2,WRA (PS02),In Use,V3J43,1,31-MAY-2017,2013-0084,0053
Seismometer,Feedback,CMG-3ESP 4000 V/m/s Feedback,Guralp Systems Ltd.,Station - Site,WC3,WRA (PS02),In Use,V3192,1,06-SEP-2013,,
Seismometer,Feedback,CMG-3ESP 4000 V/m/s Feedback,Guralp Systems Ltd.,Station - Site,WC1,WRA (PS02),In Use,V3181,1,17-AUG-2022,,
Seismometer,Feedback,CMG-3ESP 4000 V/m/s Feedback,Guralp Systems Ltd.,Station - Site,WR4,WRA (PS02),In Use,V3186,1,01-JUL-1999,,
Seismometer,Feedback,3VB 4000 V/m/s Feedback,Guralp Systems Ltd.,Station - Site,WR10,WRA (PS02),In Use,V3J92,1,03-JUN-2019,2013-0084,0107
Seismometer,Feedback,CMG-3VB 4000 V/m/s Feedback,Guralp Systems Ltd.,Station - Site,WR1,WRA (PS02),In Use,V3J36,1,31-MAR-2016,2013-0084,0031
Seismometer,Feedback,ENG 3T Waterproof 4000 V/m/s Feedback,Guralp Systems Ltd.,Station - Site,WR8,WRA (PS02),In Use,T311228,1,14-NOV-2023,2013-0084,0149
Seismometer,Feedback,CMG-3ESP 4000 V/m/s Feedback,Guralp Systems Ltd.,Station - Site,WB4,WRA (PS02),In Use,V3188,1,01-JUL-1999,,
Seismometer,Feedback,CMG-3ESP 4000 V/m/s Feedback,Guralp Systems Ltd.,Station - Site,WR9,WRA (PS02),In Use,V3175,1,01-JUL-1999,,
Seismometer,Feedback,CMG-3ESP 4000 V/m/s Feedback,Guralp Systems Ltd.,Station - Site,WR5,WRA (PS02),In Use,V3191,1,29-SEP-2019,,
Seismometer,Feedback,CMG-3ESP 4000 V/m/s Feedback,Guralp Systems Ltd.,Station - Site,WR7,WRA (PS02),In Use,V3178,1,01-JUL-1999,,
Seismometer,Feedback,CMG-3ESP 4000 V/m/s Feedback,Guralp Systems Ltd.,Station - Site,WB6,WRA (PS02),In Use,V3189,1,01-JUL-1999,,
Seismometer,Feedback,ENG 3T Waterproof 4000 V/m/s Feedback,Guralp Systems Ltd.,Station - Site,WB10,WRA (PS02),In Use,T311229,1,14-NOV-2023,2013-0084,0149
Seismometer,Feedback,CMG-3ESP 4000 V/m/s Feedback,Guralp Systems Ltd.,Station - Site,WB7,WRA (PS02),In Use,V3184,1,01-JUL-1999,,
Seismometer,Feedback,CMG-3ESP 4000 V/m/s Feedback,Guralp Systems Ltd.,Station - Site,WR3,WRA (PS02),In Use,V3177,1,16-NOV-2020,,
Seismometer,Feedback,CMG-3ESP 4000 V/m/s Feedback,Guralp Systems Ltd.,Station - Site,WR6,WRA (PS02),In Use,V3173,1,01-DEC-2004,,
Seismometer,Feedback,CMG-3ESP 4000 V/m/s Feedback,Guralp Systems Ltd.,Station - Site,WB1,WRA (PS02),In Use,V3194,1,26-MAR-2003,,
Seismometer,Feedback,CMG-3ESP 4000 V/m/s Feedback,Guralp Systems Ltd.,Station - Site,WC2,WRA (PS02),In Use,V3183,1,06-SEP-2013,,
Seismometer,Feedback,CMG-3TB 20000 V/m/s Feedback,Guralp Systems Ltd.,Station - Site,WSAR,WSAR (AS074),In Use,T35176,1,31-MAR-2008,,
Seismometer,Passive,GS-13 Passive,"Geotech Instruments, LLC",Station - Site,YAK,YAK (AS088),In Use,419,1,31-MAR-1999,,
Seismometer,Passive,GS-13 Passive,"Geotech Instruments, LLC",Station - Site,YAK,YAK (AS088),In Use,418,1,31-MAR-1999,,
Seismometer,Passive,GS-13 Passive,"Geotech Instruments, LLC",Station - Site,YAK,YAK (AS088),In Use,417,1,31-MAR-1999,,
Seismometer,Feedback,STS-1 Feedback,G. Streckeisen AG,Station - Site,YAK,YAK (AS088),In Use,29232,1,31-MAR-1999,,
Seismometer,Feedback,STS-1 Feedback,G. Streckeisen AG,Station - Site,YAK,YAK (AS088),In Use,109126,1,31-MAR-1999,,
Seismometer,Feedback,STS-1 Feedback,G. Streckeisen AG,Station - Site,YAK,YAK (AS088),In Use,29228,1,31-MAR-1999,,
Seismometer,Feedback,STS-2.5 1500 V/m/s Standard Feedback,G. Streckeisen AG,Station - Site,YBH,YBH (AS109),In Use,120950,1,14-JUN-2019,,
Seismometer,Passive,S-13 Passive,"Geotech Instruments, LLC",Station - Site,YKAB0,YKA (PS09),In Use,2566,1,21-APR-2022,,
Seismometer,Passive,S-13 Passive,"Geotech Instruments, LLC",Station - Site,YKAB1,YKA (PS09),In Use,2338,1,06-NOV-2012,,
Seismometer,Passive,S-13 Passive,"Geotech Instruments, LLC",Station - Site,YKAB2,YKA (PS09),In Use,2342,1,06-NOV-2012,,
Seismometer,Passive,S-13 Passive,"Geotech Instruments, LLC",Station - Site,YKAB3,YKA (PS09),In Use,2343,1,06-NOV-2012,,
Seismometer,Passive,S-13 Passive,"Geotech Instruments, LLC",Station - Site,YKAB4,YKA (PS09),In Use,2344,1,06-NOV-2012,,
Seismometer,Passive,S-13 Passive,"Geotech Instruments, LLC",Station - Site,YKAB6,YKA (PS09),In Use,2345,1,06-NOV-2012,,
Seismometer,Passive,S-13 Passive,"Geotech Instruments, LLC",Station - Site,YKAB7,YKA (PS09),In Use,2347,1,06-NOV-2012,,
Seismometer,Passive,S-13 Passive,"Geotech Instruments, LLC",Station - Site,YKAB8,YKA (PS09),In Use,2493,1,06-NOV-2012,,
Seismometer,Passive,S-13 Passive,"Geotech Instruments, LLC",Station - Site,YKAB9,YKA (PS09),In Use,2348,1,06-NOV-2012,,
Seismometer,Passive,S-13 Passive,"Geotech Instruments, LLC",Station - Site,YKAR1,YKA (PS09),In Use,1192,1,06-NOV-2012,,
Seismometer,Passive,S-13 Passive,"Geotech Instruments, LLC",Station - Site,YKAR2,YKA (PS09),In Use,832,1,06-NOV-2012,,
Seismometer,Passive,S-13 Passive,"Geotech Instruments, LLC",Station - Site,YKAR3,YKA (PS09),In Use,2567,1,30-SEP-2020,,
Seismometer,Passive,S-13 Passive,"Geotech Instruments, LLC",Station - Site,YKAR4,YKA (PS09),In Use,2498,1,18-MAY-2023,,
Seismometer,Passive,S-13 Passive,"Geotech Instruments, LLC",Station - Site,YKAR5,YKA (PS09),In Use,2349,1,06-NOV-2012,,
Seismometer,Passive,S-13 Passive,"Geotech Instruments, LLC",Station - Site,YKAR6,YKA (PS09),In Use,2350,1,06-NOV-2012,,
Seismometer,Feedback,STS-1 Feedback,G. Streckeisen AG,Station - Site,YKAW3,YKA (PS09),In Use,38532,1,06-NOV-2012,,
Seismometer,Feedback,STS-1 Feedback,G. Streckeisen AG,Station - Site,YKAW3,YKA (PS09),In Use,18703,1,06-NOV-2012,,
Seismometer,Feedback,STS-1 Feedback,G. Streckeisen AG,Station - Site,YKAW3,YKA (PS09),In Use,18702,1,06-NOV-2012,,
Seismometer,Feedback,CMG-3T 6000 V/m/s Feedback,Guralp Systems Ltd.,Station - Site,YKAW3,YKA (PS09),In Use,T36820,1,06-NOV-2012,2009-1767,0003
Seismometer,Feedback,STS-1 Feedback,G. Streckeisen AG,Station - Site,YKAW1,YKA (PS09),In Use,48562,1,06-NOV-2012,,
Seismometer,Feedback,STS-1 Feedback,G. Streckeisen AG,Station - Site,YKAW1,YKA (PS09),In Use,18701,1,06-NOV-2012,,
Seismometer,Feedback,STS-1 Feedback,G. Streckeisen AG,Station - Site,YKAW1,YKA (PS09),In Use,38534,1,06-NOV-2012,,
Seismometer,Feedback,CMG-3T 6000 V/m/s Feedback,Guralp Systems Ltd.,Station - Site,YKAW1,YKA (PS09),In Use,T36839,1,06-NOV-2012,2009-1767,0003
Seismometer,Passive,S-13 Passive,"Geotech Instruments, LLC",Station - Site,YKAR7,YKA (PS09),In Use,2911,1,06-NOV-2012,,
Seismometer,Passive,S-13 Passive,"Geotech Instruments, LLC",Station - Site,YKAR8,YKA (PS09),In Use,1466,1,06-NOV-2012,,
Seismometer,Passive,S-13 Passive,"Geotech Instruments, LLC",Station - Site,YKAR9,YKA (PS09),In Use,954,1,06-NOV-2012,,
Seismometer,Passive,GS-21 Passive,"Geotech Instruments, LLC",Station - Site,ZAA0,ZALV (PS33),In Use,331,1,15-OCT-2006,,
Seismometer,Feedback,CMG-3TB 20000 V/m/s Feedback,Guralp Systems Ltd.,Station - Site,ZAA0B,ZALV (PS33),In Use,T3K83,1,15-OCT-2006,,
Seismometer,Passive,GS-21 Passive,"Geotech Instruments, LLC",Station - Site,ZAA1,ZALV (PS33),In Use,332,1,15-OCT-2006,,
Seismometer,Passive,GS-21 Passive,"Geotech Instruments, LLC",Station - Site,ZAA2,ZALV (PS33),In Use,317,1,15-OCT-2006,,
Seismometer,Passive,GS-21 Passive,"Geotech Instruments, LLC",Station - Site,ZAA3,ZALV (PS33),In Use,328,1,15-OCT-2006,,
Seismometer,Passive,GS-21 Passive,"Geotech Instruments, LLC",Station - Site,ZAB1,ZALV (PS33),In Use,323,1,15-OCT-2006,,
Seismometer,Passive,GS-21 Passive,"Geotech Instruments, LLC",Station - Site,ZAB2,ZALV (PS33),In Use,321,1,15-OCT-2006,,
Seismometer,Passive,GS-21 Passive,"Geotech Instruments, LLC",Station - Site,ZAB3,ZALV (PS33),In Use,318,1,15-OCT-2006,,
Seismometer,Passive,GS-21 Passive,"Geotech Instruments, LLC",Station - Site,ZAB4,ZALV (PS33),In Use,325,1,15-OCT-2006,,
Seismometer,Passive,GS-21 Passive,"Geotech Instruments, LLC",Station - Site,ZAB5,ZALV (PS33),In Use,,1,15-OCT-2006,,
