,,0,1,2,3,4,5,6,7,8,9,10,11,12,13,14,15,16,17,18,19,20,21,22
info,level_0,2020-05-27 14:15:21,2020-05-27 17:10:55,2020-05-27 20:00:22.550000,2020-05-27 21:47:23,2020-06-19 20:06:59,2020-06-22 21:26:42,2020-06-24 19:45:15,2020-01-24 17:46:45,2020-01-21 22:01:42,2020-01-21 17:02:50,2020-01-20 15:48:33,2020-01-07 22:47:24,2020-01-15 22:32:07.450000,2020-01-15 20:40:01,2020-01-08 21:39:51,2020-01-08 20:26:06,2020-01-15 18:36:18,2020-01-15 18:14:14,2020-01-08 15:18:16,2020-01-08 17:45:03,2020-01-09 16:08:29.450000,2020-01-10 15:29:32.450000,
info,level_1,XX.YKAT1..SHZ,XX.YKAT1..SHZ,XX.YKAT1..SHZ,XX.YKAT1..SHZ,XX.YKAT1..SHZ,XX.YKAT1..SHZ,XX.YKAT1..SHZ,XX.YKAT1..SHZ,XX.YKAT1..SHZ,XX.YKAT1..SHZ,XX.YKAT1..SHZ,XX.YKAT1..SHZ,XX.YKAT1..SHZ,XX.YKAT1..SHZ,XX.YKAT1..SHZ,XX.YKAT1..SHZ,XX.YKAT1..SHZ,XX.YKAT1..SHZ,XX.YKAT1..SHZ,XX.YKAT1..SHZ,XX.YKAT1..SHZ,XX.YKAT1..SHZ,XX.YKAT1..SHC
info,waveform_file,PRB_+05.00_Output.mseed,PRB_+10.56_Output.mseed,PRB_+17.44_Output.mseed,PRB_+20.25_Output.mseed,PRB_+26.00_Output.mseed,PRB_+28.62_Output.mseed,PRB_+30.19_Output.mseed,PRB_-15.69_Output.mseed,PRB_-20.06_Output.mseed,PRB_-21.31_Output.mseed,PRB_-25.69_Output.mseed,PRB_-28.81_Output.mseed,PRB_-31.00_Output.mseed,PRB_-31.62_Output.mseed,PRB_-32.25_Output.mseed,PRB_-33.19_Output.mseed,PRB_-33.5_Output.mseed,PRB_-33.81_Output.mseed,PRB_-34.12_Output.mseed,PRB_-34.44_Output.mseed,PRB_-35.69_Output.mseed,PRB_-36.00_Output.mseed,
info,response_file,XX.YKAT1.xml,XX.YKAT1.xml,XX.YKAT1.xml,XX.YKAT1.xml,XX.YKAT1.xml,XX.YKAT1.xml,XX.YKAT1.xml,XX.YKAT1.xml,XX.YKAT1.xml,XX.YKAT1.xml,XX.YKAT1.xml,XX.YKAT1.xml,XX.YKAT1.xml,XX.YKAT1.xml,XX.YKAT1.xml,XX.YKAT1.xml,XX.YKAT1.xml,XX.YKAT1.xml,XX.YKAT1.xml,XX.YKAT1.xml,XX.YKAT1.xml,XX.YKAT1.xml,XX.YKAT1.xml
info,delay_start,0.0,0.0,0.0,0.0,0.0,0.0,0.0,0.0,0.0,0.0,0.0,0.0,0.0,0.0,0.0,0.0,0.0,0.0,0.0,0.0,0.0,0.0,
info,spec_min_freq_hz,0.02,0.02,0.02,0.02,0.02,0.02,0.02,0.02,0.02,0.02,0.02,0.02,0.02,0.02,0.02,0.02,0.02,0.02,0.02,0.02,0.02,0.02,
info,spec_max_freq_hz,16.0,16.0,16.0,16.0,16.0,16.0,16.0,16.0,16.0,16.0,16.0,16.0,16.0,16.0,16.0,16.0,16.0,16.0,16.0,16.0,16.0,16.0,
info,spec_max_amp_pct,5.0,5.0,5.0,5.0,5.0,5.0,5.0,5.0,5.0,5.0,5.0,5.0,5.0,5.0,5.0,5.0,5.0,5.0,5.0,5.0,5.0,5.0,
info,spec_max_phase_deg,5.0,5.0,5.0,5.0,5.0,5.0,5.0,5.0,5.0,5.0,5.0,5.0,5.0,5.0,5.0,5.0,5.0,5.0,5.0,5.0,5.0,5.0,
info,gain_in_spec,False,False,False,False,False,False,False,False,False,False,False,False,False,False,False,False,False,False,False,False,False,False,
info,phase_in_spec,True,True,True,False,True,True,True,True,False,False,False,False,False,False,False,False,False,False,False,False,False,False,
info,calper,0.25,0.25,0.25,0.25,0.25,0.25,0.25,0.25,0.25,0.25,0.25,0.25,0.25,0.25,0.25,0.25,0.25,0.25,0.25,0.25,0.25,0.25,
info,duration_s,603.975,603.975,604.0,603.975,604.0,603.975,604.0,602.975,603.975,603.975,603.55,603.975,604.0,603.975,603.975,603.975,604.0,603.55,603.6,603.975,604.0,604.0,
info,pre_s,0.0,0.0,0.0,0.0,0.0,0.0,0.0,0.0,0.0,0.0,0.45,0.0,0.0,0.0,0.0,0.0,0.0,0.45,0.4,0.0,0.0,0.0,
info,post_s,0.025,0.025,0.0,0.025,0.0,0.025,0.0,1.025,0.025,0.025,0.0,0.025,0.0,0.025,0.025,0.025,0.0,0.0,0.0,0.025,0.0,0.0,
info,sampling_rate_sps,40.0,40.0,40.0,40.0,40.0,40.0,40.0,40.0,40.0,40.0,40.0,40.0,40.0,40.0,40.0,40.0,40.0,40.0,40.0,40.0,40.0,40.0,
info,windows,23.0,23.0,23.0,23.0,23.0,23.0,23.0,23.0,23.0,23.0,23.0,23.0,23.0,23.0,23.0,23.0,23.0,23.0,23.0,23.0,23.0,23.0,
info,timing error estimate [s],8.3e-05,6.9e-05,2.9e-05,-0.000601,1.9e-05,-2.2e-05,5e-06,0.000207,0.000239,0.00024,0.000271,0.000284,0.000311,0.00032,0.000314,0.000315,0.000326,0.000329,0.000323,0.000325,0.00033,0.000326,
info,timing error uncertainty [s],2.5e-05,2.5e-05,2.3e-05,0.000133,2.4e-05,2.1e-05,2.2e-05,3.1e-05,3.3e-05,3.3e-05,3.5e-05,3.6e-05,3.7e-05,3.8e-05,3.7e-05,3.7e-05,3.8e-05,3.8e-05,3.7e-05,3.8e-05,3.8e-05,3.7e-05,
info,gain error estimate [%],1.8223,1.4494,0.0979,24.3958,-2.2452,-3.0606,-2.7858,6.4891,7.5572,7.6803,8.5757,9.0905,10.2367,10.4302,10.5479,10.66,10.7387,10.7554,10.6622,10.7226,11.0292,10.9608,
info,gain error uncertainty [%],0.1167,0.1119,0.102,1.6661,0.0927,0.0812,0.0863,0.1616,0.1725,0.1742,0.1913,0.1946,0.2045,0.2113,0.2065,0.2097,0.2118,0.2118,0.2076,0.2106,0.2099,0.2123,
info,confidence [%],0.95,0.95,0.95,0.95,0.95,0.95,0.95,0.95,0.95,0.95,0.95,0.95,0.95,0.95,0.95,0.95,0.95,0.95,0.95,0.95,0.95,0.95,
info,output_units,V,V,V,V,V,V,V,V,V,V,V,V,V,V,V,V,V,V,V,V,V,V,V
info,input_units,m/s,m/s,m/s,m/s,m/s,m/s,m/s,m/s,m/s,m/s,m/s,m/s,m/s,m/s,m/s,m/s,m/s,m/s,m/s,m/s,m/s,m/s,m/s
info,package_version,calan v0.0.0,calan v0.0.0,calan v0.0.0,calan v0.0.0,calan v0.0.0,calan v0.0.0,calan v0.0.0,calan v0.0.0,calan v0.0.0,calan v0.0.0,calan v0.0.0,calan v0.0.0,calan v0.0.0,calan v0.0.0,calan v0.0.0,calan v0.0.0,calan v0.0.0,calan v0.0.0,calan v0.0.0,calan v0.0.0,calan v0.0.0,calan v0.0.0,calan v0.0.0
magnitude_db,0.04,-4.55,-4.144,-4.12,-2.252,-4.899,-4.571,-4.449,-3.44,-3.171,-2.906,-4.219,-2.258,-3.048,-3.338,-2.614,-3.25,-2.932,-3.126,-2.569,-2.631,-3.158,-2.573,-4.157
magnitude_db,0.06,3.612,3.242,3.045,4.566,3.26,2.828,2.699,3.999,3.724,3.816,4.429,4.083,4.293,4.776,3.96,4.645,4.332,4.549,4.089,4.174,3.879,4.382,2.89
magnitude_db,0.08,7.941,8.212,8.532,10.284,7.588,7.797,8.224,8.756,8.971,8.999,9.1,9.366,9.155,9.312,9.591,9.247,9.399,9.046,9.458,9.343,9.429,9.052,7.893
magnitude_db,0.1,12.168,12.044,12.036,14.073,11.822,11.626,11.72,12.588,12.833,12.763,13.002,13.189,13.307,13.156,13.122,13.199,13.097,13.026,13.279,13.38,13.282,13.437,11.776
magnitude_db,0.12,15.07,15.313,14.973,16.506,14.723,14.901,14.683,15.82,15.854,15.698,16.169,16.31,16.288,16.269,16.389,16.384,16.434,16.329,16.202,16.321,16.416,16.299,14.952
magnitude_db,0.14,18.117,17.713,17.788,19.716,17.776,17.302,17.455,18.524,18.326,18.577,19.003,18.807,18.921,19.047,18.907,19.083,19.016,19.176,19.062,18.699,18.91,19.06,17.639
magnitude_db,0.16,20.343,20.219,20.085,22.292,20.006,19.819,19.788,20.626,21.088,20.943,21.144,21.418,21.356,21.403,21.407,21.206,21.389,21.396,21.386,21.45,21.556,21.286,19.969
magnitude_db,0.18,22.356,22.423,22.305,24.092,22.025,22.017,22.003,23.015,22.945,23.031,23.232,23.136,23.414,23.325,23.407,23.305,23.299,23.434,23.249,23.443,23.371,23.401,22.027
magnitude_db,0.2,24.117,24.071,24.086,26.333,23.792,23.661,23.756,24.576,24.693,24.671,25.05,25.191,25.15,25.126,25.19,25.374,25.157,25.181,25.23,25.097,25.216,25.228,23.87
magnitude_db,0.22,25.624,25.857,25.796,28.213,25.301,25.474,25.49,26.176,26.254,26.283,26.685,26.771,26.838,26.813,26.799,26.821,26.953,26.892,26.82,26.902,26.841,26.898,25.539
magnitude_db,0.24,27.442,27.346,27.198,29.39,27.133,26.978,26.882,27.869,27.94,28.04,28.113,28.248,28.372,28.46,28.414,28.373,28.368,28.232,28.385,28.268,28.362,28.349,27.064
magnitude_db,0.26,28.717,28.728,28.617,30.503,28.402,28.352,28.334,29.348,29.229,29.382,29.555,29.638,29.65,29.637,29.697,29.683,29.661,29.635,29.675,29.726,29.839,29.661,28.469
magnitude_db,0.28,29.942,29.995,29.896,32.294,29.623,29.62,29.608,30.366,30.549,30.501,30.716,30.882,30.967,31.032,30.956,30.814,31.044,31.016,30.99,30.925,30.963,31.014,29.771
magnitude_db,0.3,31.138,31.121,31.17,33.295,30.832,30.749,30.879,31.654,31.742,31.742,31.956,32.129,32.114,32.09,32.184,32.211,31.941,32.176,32.143,32.22,32.199,32.099,30.984
magnitude_db,0.32,32.42,32.332,32.243,34.592,32.124,31.96,31.962,32.75,32.826,32.877,33.088,33.211,33.197,33.351,33.301,33.334,33.343,33.269,33.257,33.2,33.266,33.282,32.119
magnitude_db,0.34,33.359,33.334,33.357,35.843,33.063,32.977,33.077,33.845,33.931,33.947,34.105,34.222,34.304,34.223,34.206,34.264,34.235,34.316,34.275,34.282,34.257,34.262,33.185
magnitude_db,0.36,34.275,34.32,34.292,36.037,33.989,33.976,34.019,34.81,34.87,34.929,35.092,35.214,35.244,35.345,35.35,35.279,35.269,35.277,35.268,35.291,35.236,35.347,34.191
magnitude_db,0.38,35.317,35.272,35.149,37.414,35.035,34.931,34.887,35.695,35.741,35.686,35.998,36.138,36.171,36.139,36.113,36.179,36.182,36.191,36.174,36.147,36.193,36.137,35.142
magnitude_db,0.4,36.184,36.119,36.087,37.887,35.905,35.784,35.809,36.522,36.582,36.609,36.867,36.886,36.963,37.004,36.932,37.004,37.038,37.015,37.003,37.001,37.024,36.968,36.043
magnitude_db,0.42,36.968,37.02,37.02,39.042,36.698,36.698,36.76,37.419,37.452,37.494,37.641,37.801,37.749,37.791,37.922,37.86,37.898,37.862,37.842,37.829,37.813,37.83,36.899
magnitude_db,0.44,37.865,37.734,37.736,39.567,37.602,37.42,37.481,38.201,38.202,38.297,38.405,38.526,38.654,38.568,38.571,38.552,38.534,38.591,38.62,38.59,38.613,38.56,37.713
magnitude_db,0.46,38.504,38.473,38.47,39.835,38.243,38.165,38.249,38.944,38.908,38.966,39.242,39.229,39.328,39.387,39.325,39.299,39.285,39.291,39.308,39.305,39.315,39.328,38.488
magnitude_db,0.48,39.273,39.289,39.228,40.727,39.021,38.994,38.998,39.662,39.639,39.684,39.863,40.016,39.909,39.98,40.007,40.004,39.98,40.117,39.968,40.036,40.0,40.089,39.228
magnitude_db,0.5,39.907,39.961,39.88,42.529,39.664,39.679,39.65,40.246,40.378,40.321,40.571,40.619,40.697,40.648,40.672,40.696,40.653,40.662,40.714,40.688,40.727,40.647,39.934
magnitude_db,0.52,40.632,40.511,40.498,44.196,40.396,40.237,40.281,40.921,40.939,40.957,41.162,41.249,41.284,41.281,41.248,41.306,41.296,41.237,41.326,41.268,41.212,41.293,40.608
magnitude_db,0.54,41.199,41.206,41.258,44.219,40.971,40.941,41.037,41.565,41.672,41.603,41.726,41.805,41.895,41.835,41.886,41.92,41.905,41.875,41.921,41.879,41.94,41.864,41.252
magnitude_db,0.56,41.799,41.82,41.78,45.063,41.582,41.564,41.57,42.092,42.126,42.145,42.289,42.377,42.435,42.444,42.395,42.424,42.441,42.419,42.418,42.46,42.394,42.443,41.868
magnitude_db,0.58,42.267,42.359,42.334,44.929,42.057,42.112,42.124,42.637,42.644,42.692,42.947,42.934,42.936,42.972,42.958,42.923,42.958,43.007,42.944,42.985,42.984,42.969,42.457
magnitude_db,0.6,42.899,42.838,42.861,45.513,42.696,42.601,42.669,43.136,43.203,43.235,43.343,43.394,43.427,43.441,43.452,43.504,43.54,43.461,43.513,43.425,43.45,43.423,43.019
magnitude_db,0.62,43.401,43.397,43.352,46.925,43.204,43.174,43.177,43.658,43.74,43.741,43.801,43.909,43.996,43.925,43.958,43.955,43.941,43.939,43.956,43.952,44.024,43.96,43.556
magnitude_db,0.64,43.908,43.854,43.791,47.758,43.719,43.64,43.615,44.151,44.201,44.162,44.293,44.411,44.36,44.414,44.403,44.448,44.438,44.468,44.385,44.373,44.414,44.418,44.069
magnitude_db,0.66,44.318,44.344,44.289,48.937,44.137,44.138,44.119,44.594,44.654,44.632,44.758,44.797,44.839,44.828,44.88,44.842,44.843,44.827,44.805,44.799,44.915,44.861,44.558
magnitude_db,0.68,44.725,44.74,44.733,49.773,44.551,44.547,44.585,44.971,45.002,45.084,45.145,45.227,45.245,45.258,45.277,45.31,45.261,45.275,45.285,45.266,45.289,45.272,45.024
magnitude_db,0.7000000000000001,45.15,45.159,45.165,49.436,44.983,44.976,45.008,45.427,45.437,45.486,45.586,45.62,45.616,45.645,45.705,45.638,45.648,45.652,45.671,45.644,45.656,45.644,45.467
magnitude_db,0.72,45.575,45.568,45.564,50.604,45.413,45.39,45.386,45.826,45.858,45.859,45.985,45.944,46.022,46.025,46.047,46.012,46.032,46.043,46.034,46.037,45.989,46.055,45.889
magnitude_db,0.74,45.925,45.967,45.924,52.423,45.768,45.794,45.781,46.167,46.21,46.259,46.313,46.313,46.409,46.378,46.384,46.352,46.384,46.382,46.387,46.381,46.373,46.341,46.29
magnitude_db,0.76,46.312,46.322,46.295,51.845,46.156,46.156,46.154,46.533,46.535,46.557,46.585,46.687,46.686,46.69,46.731,46.709,46.659,46.729,46.706,46.708,46.703,46.724,46.67
magnitude_db,0.78,46.66,46.64,46.612,53.164,46.51,46.487,46.473,46.873,46.872,46.837,46.92,46.977,47.016,47.034,47.043,47.047,47.036,47.041,47.007,47.046,47.07,47.056,47.03
magnitude_db,0.8,46.989,46.934,46.973,53.92,46.844,46.786,46.854,47.155,47.159,47.2,47.246,47.324,47.314,47.314,47.332,47.297,47.346,47.345,47.348,47.295,47.365,47.381,47.371
magnitude_db,0.8200000000000001,47.244,47.277,47.252,51.665,47.099,47.133,47.143,47.468,47.521,47.491,47.539,47.58,47.623,47.606,47.589,47.592,47.575,47.598,47.607,47.618,47.635,47.608,47.693
magnitude_db,0.84,47.565,47.58,47.527,54.531,47.427,47.434,47.397,47.72,47.752,47.754,47.794,47.81,47.866,47.888,47.91,47.877,47.863,47.908,47.874,47.893,47.918,47.878,47.996
magnitude_db,0.86,47.81,47.834,47.774,58.088,47.67,47.692,47.632,47.967,47.969,48.009,48.042,48.106,48.144,48.099,48.163,48.107,48.153,48.169,48.164,48.127,48.122,48.142,48.282
magnitude_db,0.88,48.037,48.07,48.044,62.057,47.897,47.935,47.919,48.222,48.253,48.242,48.336,48.366,48.39,48.347,48.388,48.352,48.351,48.403,48.383,48.381,48.39,48.428,48.551
magnitude_db,0.9,48.309,48.309,48.299,63.853,48.17,48.174,48.194,48.498,48.519,48.527,48.553,48.577,48.602,48.599,48.644,48.604,48.606,48.616,48.607,48.599,48.629,48.623,48.803
magnitude_db,0.92,48.554,48.493,48.531,65.16,48.414,48.356,48.429,48.685,48.727,48.738,48.757,48.824,48.791,48.803,48.837,48.845,48.82,48.833,48.821,48.8,48.856,48.826,49.04
magnitude_db,0.9400000000000001,48.748,48.725,48.717,68.322,48.61,48.589,48.609,48.888,48.966,48.928,48.971,49.004,49.014,49.016,49.061,49.042,49.037,49.011,49.035,49.009,49.062,49.008,49.261
magnitude_db,0.96,48.967,48.956,48.919,69.732,48.832,48.818,48.82,49.092,49.109,49.098,49.162,49.154,49.237,49.185,49.227,49.196,49.215,49.224,49.204,49.233,49.216,49.275,49.468
magnitude_db,0.98,49.133,49.143,49.114,67.027,48.993,49.007,49.013,49.288,49.299,49.295,49.364,49.387,49.399,49.398,49.403,49.381,49.42,49.418,49.4,49.417,49.415,49.432,49.661
magnitude_db,1.0,49.349,49.343,49.308,66.506,49.206,49.206,49.196,49.452,49.479,49.504,49.51,49.545,49.579,49.6,49.57,49.6,49.593,49.584,49.579,49.55,49.593,49.596,49.841
magnitude_db,1.02,49.516,49.438,49.437,66.468,49.372,49.295,49.345,49.614,49.666,49.668,49.661,49.69,49.711,49.733,49.725,49.714,49.769,49.744,49.719,49.731,49.747,49.748,50.009
magnitude_db,1.04,49.643,49.61,49.565,65.621,49.499,49.47,49.465,49.768,49.795,49.817,49.83,49.845,49.899,49.885,49.907,49.876,49.893,49.893,49.886,49.899,49.906,49.891,50.165
magnitude_db,1.06,49.785,49.778,49.744,64.257,49.634,49.635,49.63,49.911,49.949,49.976,49.977,49.98,50.012,49.999,50.048,50.024,50.05,50.049,50.063,50.026,50.047,50.038,50.309
magnitude_db,1.08,49.895,49.921,49.896,59.063,49.741,49.77,49.784,50.064,50.066,50.074,50.123,50.121,50.15,50.148,50.141,50.2,50.168,50.177,50.142,50.159,50.2,50.18,50.444
magnitude_db,1.1,50.024,50.045,50.006,56.702,49.866,49.899,49.905,50.195,50.227,50.202,50.244,50.219,50.282,50.299,50.295,50.309,50.303,50.289,50.304,50.317,50.354,50.294,50.568
magnitude_db,1.12,50.196,50.153,50.138,60.305,50.037,50.002,50.026,50.313,50.359,50.365,50.345,50.376,50.39,50.432,50.418,50.432,50.419,50.441,50.455,50.435,50.414,50.431,50.684
magnitude_db,1.1400000000000001,50.298,50.249,50.245,61.146,50.136,50.09,50.146,50.389,50.438,50.435,50.448,50.469,50.496,50.533,50.526,50.53,50.544,50.524,50.523,50.536,50.56,50.565,50.79
magnitude_db,1.16,50.362,50.366,50.308,55.949,50.195,50.206,50.193,50.511,50.534,50.579,50.561,50.587,50.644,50.61,50.642,50.623,50.648,50.636,50.643,50.663,50.668,50.664,50.889
magnitude_db,1.18,50.458,50.479,50.429,57.251,50.285,50.306,50.318,50.625,50.663,50.665,50.673,50.685,50.723,50.718,50.724,50.697,50.744,50.716,50.757,50.76,50.765,50.773,50.98
magnitude_db,1.2,50.553,50.579,50.523,57.46,50.376,50.409,50.394,50.71,50.763,50.754,50.775,50.775,50.829,50.819,50.83,50.843,50.831,50.849,50.867,50.847,50.872,50.85,51.065
magnitude_db,1.22,50.64,50.663,50.597,57.414,50.459,50.49,50.479,50.784,50.853,50.838,50.87,50.881,50.903,50.925,50.95,50.935,50.93,50.94,50.934,50.925,50.984,50.925,51.142
magnitude_db,1.24,50.717,50.702,50.663,57.906,50.534,50.52,50.546,50.903,50.907,50.95,50.941,50.961,51.002,51.019,51.009,51.024,51.02,51.021,51.005,51.012,51.06,51.038,51.214
magnitude_db,1.26,50.793,50.763,50.714,58.721,50.605,50.577,50.605,50.961,50.997,51.008,51.029,51.059,51.079,51.103,51.07,51.082,51.102,51.103,51.082,51.102,51.112,51.124,51.28
magnitude_db,1.28,50.875,50.85,50.798,58.393,50.683,50.664,50.677,51.024,51.053,51.11,51.091,51.118,51.15,51.174,51.168,51.175,51.17,51.178,51.155,51.185,51.182,51.161,51.341
magnitude_db,1.3,50.941,50.924,50.872,57.311,50.744,50.731,50.746,51.114,51.146,51.175,51.202,51.225,51.211,51.231,51.235,51.25,51.235,51.254,51.245,51.252,51.267,51.225,51.397
magnitude_db,1.32,51.002,50.972,50.93,59.182,50.805,50.771,50.8,51.186,51.183,51.208,51.258,51.24,51.303,51.299,51.306,51.318,51.308,51.29,51.316,51.346,51.346,51.335,51.448
magnitude_db,1.34,51.063,51.039,50.982,57.335,50.859,50.829,50.842,51.242,51.278,51.299,51.277,51.305,51.375,51.373,51.346,51.362,51.384,51.375,51.382,51.385,51.398,51.421,51.496
magnitude_db,1.36,51.109,51.109,51.021,54.837,50.898,50.893,50.883,51.301,51.363,51.346,51.343,51.337,51.41,51.416,51.42,51.442,51.48,51.454,51.44,51.446,51.433,51.471,51.539
magnitude_db,1.3800000000000001,51.161,51.166,51.088,57.261,50.951,50.944,50.938,51.344,51.44,51.403,51.418,51.418,51.482,51.492,51.475,51.491,51.498,51.515,51.501,51.493,51.515,51.512,51.579
magnitude_db,1.4000000000000001,51.203,51.18,51.108,57.327,50.987,50.961,50.962,51.423,51.43,51.489,51.449,51.485,51.547,51.514,51.545,51.573,51.573,51.555,51.572,51.572,51.58,51.576,51.616
magnitude_db,1.42,51.226,51.236,51.17,54.48,51.005,51.016,51.019,51.445,51.505,51.504,51.512,51.532,51.548,51.565,51.605,51.599,51.599,51.644,51.585,51.614,51.649,51.635,51.65
magnitude_db,1.44,51.296,51.263,51.224,55.23,51.069,51.039,51.071,51.49,51.566,51.537,51.537,51.576,51.619,51.643,51.638,51.646,51.654,51.668,51.66,51.659,51.664,51.683,51.681
magnitude_db,1.46,51.33,51.294,51.256,53.995,51.099,51.059,51.101,51.556,51.565,51.553,51.592,51.63,51.673,51.679,51.679,51.712,51.71,51.748,51.707,51.71,51.729,51.745,51.709
magnitude_db,1.48,51.385,51.353,51.276,54.511,51.152,51.113,51.122,51.579,51.631,51.618,51.631,51.671,51.734,51.703,51.721,51.748,51.756,51.754,51.737,51.728,51.769,51.762,51.735
magnitude_db,1.5,51.382,51.394,51.294,54.549,51.144,51.152,51.127,51.622,51.675,51.68,51.687,51.689,51.756,51.771,51.784,51.791,51.789,51.772,51.764,51.783,51.816,51.819,51.759
magnitude_db,1.52,51.423,51.417,51.35,54.017,51.182,51.164,51.185,51.646,51.697,51.72,51.729,51.74,51.811,51.817,51.818,51.808,51.83,51.845,51.841,51.839,51.86,51.844,51.781
magnitude_db,1.54,51.463,51.434,51.368,54.272,51.217,51.177,51.203,51.7,51.74,51.749,51.743,51.779,51.838,51.834,51.856,51.852,51.882,51.873,51.882,51.867,51.896,51.866,51.801
magnitude_db,1.56,51.503,51.465,51.386,56.335,51.249,51.205,51.223,51.697,51.781,51.767,51.779,51.816,51.878,51.872,51.885,51.876,51.899,51.897,51.885,51.879,51.921,51.924,51.819
magnitude_db,1.58,51.51,51.481,51.399,54.86,51.252,51.218,51.234,51.755,51.81,51.798,51.814,51.853,51.926,51.907,51.91,51.945,51.939,51.928,51.91,51.927,51.934,51.959,51.836
magnitude_db,1.6,51.524,51.505,51.427,54.113,51.267,51.235,51.248,51.791,51.829,51.834,51.849,51.851,51.954,51.939,51.95,51.952,51.989,51.985,51.95,51.971,51.984,51.986,51.851
magnitude_db,1.62,51.562,51.55,51.455,54.958,51.301,51.28,51.28,51.759,51.859,51.872,51.876,51.907,51.968,51.969,51.969,51.982,52.019,52.014,51.986,52.007,52.009,52.016,51.865
magnitude_db,1.6400000000000001,51.584,51.581,51.458,55.851,51.32,51.307,51.278,51.815,51.868,51.889,51.914,51.922,52.01,52.026,52.03,52.023,52.015,52.036,52.016,52.025,52.057,52.046,51.878
magnitude_db,1.6600000000000001,51.598,51.558,51.501,55.259,51.332,51.267,51.319,51.882,51.91,51.922,51.927,51.947,52.026,52.022,52.037,52.061,52.058,52.058,52.059,52.071,52.095,52.069,51.89
magnitude_db,1.68,51.623,51.569,51.51,55.535,51.353,51.282,51.33,51.901,51.933,51.931,51.988,52.008,52.049,52.058,52.044,52.096,52.106,52.1,52.094,52.078,52.105,52.102,51.9
magnitude_db,1.7,51.646,51.611,51.528,55.037,51.37,51.326,51.343,51.903,51.968,51.969,52.0,52.009,52.057,52.085,52.09,52.094,52.108,52.109,52.087,52.121,52.12,52.138,51.909
magnitude_db,1.72,51.641,51.634,51.567,55.101,51.362,51.347,51.369,51.913,51.97,52.006,52.0,52.061,52.09,52.112,52.128,52.117,52.123,52.138,52.142,52.163,52.17,52.166,51.918
magnitude_db,1.74,51.654,51.631,51.557,55.411,51.373,51.335,51.361,51.954,51.987,52.012,52.014,52.053,52.106,52.12,52.128,52.143,52.171,52.163,52.18,52.176,52.174,52.166,51.926
magnitude_db,1.76,51.685,51.649,51.581,55.772,51.403,51.354,51.391,51.964,52.004,52.019,52.054,52.055,52.151,52.168,52.158,52.171,52.203,52.189,52.2,52.178,52.197,52.177,51.933
magnitude_db,1.78,51.708,51.675,51.581,55.192,51.421,51.37,51.388,51.954,52.043,52.046,52.063,52.071,52.173,52.185,52.171,52.195,52.208,52.224,52.188,52.197,52.235,52.212,51.939
magnitude_db,1.8,51.734,51.69,51.601,54.657,51.442,51.376,51.397,52.009,52.07,52.073,52.082,52.105,52.19,52.197,52.213,52.21,52.238,52.219,52.188,52.228,52.26,52.244,51.945
magnitude_db,1.82,51.751,51.706,51.609,54.821,51.455,51.397,51.405,52.027,52.108,52.097,52.103,52.133,52.21,52.224,52.224,52.215,52.231,52.248,52.213,52.211,52.281,52.254,51.95
magnitude_db,1.84,51.742,51.704,51.623,54.756,51.441,51.391,51.417,52.027,52.096,52.09,52.138,52.16,52.227,52.255,52.236,52.264,52.248,52.274,52.263,52.259,52.239,52.285,51.954
magnitude_db,1.86,51.737,51.722,51.636,54.71,51.435,51.407,51.432,52.052,52.108,52.126,52.144,52.18,52.261,52.282,52.269,52.29,52.28,52.274,52.267,52.272,52.289,52.308,51.958
magnitude_db,1.8800000000000001,51.737,51.715,51.632,54.333,51.437,51.39,51.43,52.069,52.108,52.139,52.159,52.154,52.265,52.256,52.273,52.27,52.315,52.295,52.283,52.297,52.326,52.326,51.962
magnitude_db,1.9000000000000001,51.776,51.737,51.642,54.289,51.475,51.412,51.439,52.056,52.124,52.129,52.175,52.203,52.257,52.302,52.285,52.292,52.321,52.32,52.308,52.321,52.334,52.338,51.965
magnitude_db,1.92,51.779,51.767,51.659,54.288,51.474,51.432,51.453,52.067,52.172,52.168,52.199,52.22,52.253,52.328,52.301,52.309,52.315,52.34,52.314,52.334,52.387,52.344,51.968
magnitude_db,1.94,51.79,51.762,51.653,54.745,51.48,51.434,51.445,52.079,52.18,52.2,52.199,52.23,52.297,52.336,52.321,52.33,52.319,52.356,52.335,52.335,52.389,52.358,51.97
magnitude_db,1.96,51.801,51.757,51.683,54.454,51.493,51.432,51.472,52.092,52.178,52.199,52.211,52.256,52.332,52.335,52.348,52.332,52.346,52.352,52.373,52.339,52.393,52.401,51.972
magnitude_db,1.98,51.795,51.745,51.693,53.288,51.488,51.414,51.481,52.129,52.174,52.196,52.195,52.272,52.329,52.356,52.361,52.357,52.365,52.393,52.368,52.369,52.426,52.372,51.974
magnitude_db,2.0,51.818,51.78,51.689,54.47,51.501,51.444,51.47,52.13,52.209,52.202,52.25,52.261,52.336,52.36,52.361,52.388,52.379,52.398,52.347,52.392,52.394,52.385,51.975
magnitude_db,2.02,51.833,51.795,51.679,54.697,51.518,51.455,51.464,52.14,52.213,52.244,52.273,52.29,52.347,52.352,52.396,52.404,52.39,52.402,52.366,52.394,52.416,52.395,51.976
magnitude_db,2.04,51.823,51.786,51.696,54.12,51.509,51.445,51.479,52.129,52.206,52.238,52.27,52.293,52.367,52.373,52.378,52.407,52.411,52.402,52.392,52.387,52.426,52.405,51.977
magnitude_db,2.06,51.825,51.799,51.714,53.543,51.51,51.46,51.497,52.133,52.243,52.237,52.263,52.314,52.377,52.385,52.383,52.416,52.42,52.405,52.409,52.416,52.445,52.437,51.978
magnitude_db,2.08,51.822,51.813,51.706,53.698,51.506,51.467,51.485,52.152,52.244,52.257,52.293,52.313,52.396,52.4,52.41,52.45,52.402,52.421,52.432,52.4,52.46,52.446,51.978
magnitude_db,2.1,51.833,51.818,51.696,53.895,51.511,51.467,51.478,52.172,52.246,52.259,52.288,52.304,52.4,52.43,52.418,52.425,52.443,52.436,52.455,52.434,52.471,52.444,51.978
magnitude_db,2.12,51.858,51.83,51.716,53.883,51.531,51.475,51.496,52.173,52.266,52.288,52.303,52.311,52.423,52.434,52.44,52.428,52.426,52.452,52.462,52.435,52.449,52.482,51.978
magnitude_db,2.14,51.85,51.831,51.729,54.205,51.522,51.474,51.51,52.198,52.286,52.278,52.295,52.345,52.425,52.427,52.457,52.453,52.436,52.474,52.466,52.463,52.481,52.473,51.978
magnitude_db,2.16,51.868,51.811,51.732,54.075,51.54,51.45,51.51,52.211,52.297,52.3,52.321,52.331,52.437,52.439,52.453,52.463,52.465,52.47,52.457,52.468,52.48,52.468,51.978
magnitude_db,2.18,51.887,51.828,51.724,54.399,51.559,51.472,51.495,52.21,52.285,52.284,52.336,52.371,52.428,52.432,52.449,52.478,52.473,52.481,52.479,52.487,52.507,52.498,51.978
magnitude_db,2.2,51.868,51.849,51.736,54.218,51.539,51.492,51.51,52.202,52.297,52.309,52.329,52.367,52.428,52.45,52.459,52.47,52.503,52.496,52.488,52.501,52.524,52.517,51.977
magnitude_db,2.22,51.892,51.86,51.743,53.368,51.558,51.498,51.517,52.219,52.287,52.308,52.346,52.356,52.436,52.464,52.475,52.493,52.508,52.494,52.498,52.487,52.526,52.496,51.977
magnitude_db,2.24,51.889,51.825,51.733,53.963,51.554,51.457,51.504,52.229,52.305,52.329,52.371,52.383,52.454,52.497,52.496,52.496,52.505,52.506,52.507,52.514,52.549,52.504,51.976
magnitude_db,2.2600000000000002,51.901,51.851,51.74,54.592,51.563,51.491,51.506,52.23,52.316,52.341,52.349,52.392,52.472,52.477,52.483,52.491,52.527,52.548,52.519,52.544,52.542,52.525,51.975
magnitude_db,2.2800000000000002,51.891,51.853,51.746,53.892,51.555,51.485,51.514,52.21,52.326,52.321,52.367,52.406,52.485,52.494,52.516,52.504,52.539,52.524,52.524,52.537,52.548,52.541,51.974
magnitude_db,2.3000000000000003,51.885,51.848,51.748,53.266,51.55,51.474,51.511,52.224,52.344,52.322,52.381,52.394,52.489,52.502,52.522,52.519,52.513,52.52,52.552,52.537,52.553,52.544,51.973
magnitude_db,2.32,51.885,51.868,51.751,53.395,51.545,51.495,51.512,52.248,52.356,52.347,52.384,52.379,52.505,52.504,52.536,52.526,52.534,52.55,52.543,52.547,52.566,52.537,51.972
magnitude_db,2.34,51.901,51.854,51.755,54.551,51.556,51.481,51.519,52.243,52.329,52.359,52.405,52.422,52.502,52.51,52.522,52.544,52.545,52.551,52.526,52.558,52.561,52.573,51.971
magnitude_db,2.36,51.917,51.869,51.771,54.094,51.573,51.485,51.533,52.266,52.34,52.375,52.415,52.423,52.519,52.531,52.528,52.562,52.525,52.563,52.524,52.547,52.546,52.592,51.97
magnitude_db,2.38,51.906,51.873,51.772,53.764,51.555,51.484,51.532,52.261,52.361,52.329,52.398,52.442,52.541,52.535,52.551,52.574,52.551,52.541,52.562,52.548,52.577,52.58,51.969
magnitude_db,2.4,51.936,51.884,51.76,54.621,51.593,51.509,51.527,52.257,52.348,52.355,52.404,52.417,52.52,52.541,52.555,52.553,52.561,52.565,52.57,52.573,52.583,52.578,51.968
magnitude_db,2.42,51.903,51.877,51.747,54.575,51.555,51.494,51.509,52.285,52.344,52.385,52.398,52.443,52.52,52.557,52.551,52.564,52.558,52.582,52.592,52.592,52.586,52.585,51.966
magnitude_db,2.44,51.926,51.882,51.776,53.981,51.578,51.506,51.532,52.27,52.372,52.373,52.416,52.449,52.541,52.56,52.546,52.554,52.57,52.584,52.558,52.566,52.6,52.609,51.965
magnitude_db,2.46,51.927,51.903,51.774,54.746,51.58,51.536,51.528,52.276,52.365,52.382,52.417,52.442,52.56,52.563,52.574,52.597,52.587,52.58,52.585,52.572,52.607,52.604,51.963
magnitude_db,2.48,51.914,51.884,51.764,54.436,51.556,51.518,51.513,52.27,52.36,52.361,52.428,52.462,52.561,52.566,52.579,52.602,52.593,52.601,52.594,52.589,52.603,52.596,51.962
magnitude_db,2.5,51.926,51.884,51.771,53.939,51.568,51.488,51.523,52.288,52.353,52.369,52.441,52.476,52.551,52.576,52.578,52.593,52.604,52.591,52.585,52.591,52.624,52.613,51.961
magnitude_db,2.52,51.916,51.881,51.773,54.234,51.563,51.472,51.525,52.291,52.382,52.396,52.431,52.47,52.563,52.564,52.572,52.601,52.591,52.601,52.611,52.609,52.641,52.647,51.959
magnitude_db,2.54,51.919,51.873,51.786,53.867,51.575,51.48,51.539,52.296,52.38,52.375,52.443,52.494,52.569,52.583,52.588,52.576,52.599,52.61,52.608,52.618,52.624,52.64,51.958
magnitude_db,2.56,51.928,51.88,51.775,54.169,51.574,51.515,51.526,52.291,52.38,52.403,52.45,52.502,52.558,52.564,52.592,52.595,52.609,52.61,52.603,52.607,52.638,52.646,51.956
magnitude_db,2.58,51.938,51.898,51.776,53.753,51.578,51.508,51.52,52.286,52.395,52.396,52.44,52.477,52.569,52.583,52.591,52.603,52.617,52.628,52.605,52.633,52.649,52.637,51.955
magnitude_db,2.6,51.936,51.895,51.779,53.603,51.57,51.5,51.521,52.298,52.403,52.392,52.454,52.501,52.579,52.587,52.596,52.622,52.62,52.626,52.599,52.641,52.641,52.651,51.953
magnitude_db,2.62,51.93,51.89,51.783,54.305,51.564,51.514,51.536,52.294,52.401,52.421,52.464,52.468,52.6,52.606,52.596,52.616,52.62,52.623,52.633,52.632,52.655,52.656,51.951
magnitude_db,2.64,51.937,51.901,51.785,54.083,51.57,51.507,51.54,52.313,52.394,52.419,52.468,52.493,52.606,52.598,52.607,52.625,52.635,52.618,52.614,52.627,52.642,52.645,51.95
magnitude_db,2.66,51.931,51.918,51.785,54.043,51.576,51.486,51.543,52.308,52.391,52.409,52.481,52.505,52.585,52.601,52.609,52.631,52.642,52.628,52.625,52.621,52.642,52.66,51.948
magnitude_db,2.68,51.958,51.905,51.79,53.811,51.589,51.471,51.538,52.335,52.401,52.418,52.471,52.497,52.588,52.611,52.612,52.62,52.637,52.624,52.625,52.633,52.66,52.648,51.947
magnitude_db,2.7,51.958,51.887,51.788,53.629,51.588,51.479,51.531,52.317,52.402,52.422,52.466,52.501,52.599,52.618,52.611,52.628,52.628,52.638,52.638,52.652,52.668,52.668,51.945
magnitude_db,2.72,51.94,51.905,51.792,53.74,51.565,51.469,51.548,52.33,52.417,52.442,52.492,52.521,52.597,52.636,52.611,52.642,52.635,52.641,52.667,52.645,52.675,52.665,51.944
magnitude_db,2.74,51.95,51.907,51.799,54.299,51.561,51.467,51.553,52.341,52.422,52.437,52.509,52.512,52.604,52.627,52.624,52.638,52.654,52.659,52.635,52.657,52.653,52.659,51.942
magnitude_db,2.7600000000000002,51.94,51.915,51.786,54.238,51.568,51.49,51.535,52.338,52.423,52.425,52.494,52.527,52.616,52.644,52.617,52.657,52.656,52.67,52.65,52.668,52.662,52.666,51.941
magnitude_db,2.7800000000000002,51.954,51.909,51.788,53.692,51.587,51.502,51.527,52.351,52.427,52.436,52.493,52.536,52.616,52.635,52.644,52.636,52.653,52.663,52.651,52.665,52.659,52.669,51.939
magnitude_db,2.8000000000000003,51.949,51.91,51.798,53.181,51.54,51.523,51.536,52.333,52.422,52.441,52.498,52.544,52.605,52.638,52.635,52.631,52.66,52.65,52.635,52.673,52.684,52.68,51.937
magnitude_db,2.82,51.956,51.913,51.787,53.411,51.557,51.461,51.524,52.333,52.422,52.447,52.497,52.536,52.643,52.628,52.628,52.652,52.678,52.661,52.643,52.677,52.693,52.689,51.936
magnitude_db,2.84,51.965,51.908,51.79,52.853,51.59,51.478,51.528,52.333,52.441,52.446,52.503,52.539,52.646,52.644,52.649,52.679,52.651,52.677,52.652,52.662,52.674,52.701,51.934
magnitude_db,2.86,51.955,51.915,51.799,53.247,51.574,51.505,51.536,52.338,52.431,52.453,52.497,52.552,52.626,52.662,52.669,52.672,52.666,52.664,52.662,52.683,52.692,52.689,51.933
magnitude_db,2.88,51.962,51.917,51.782,52.957,51.574,51.515,51.512,52.342,52.407,52.467,52.511,52.542,52.623,52.633,52.663,52.667,52.678,52.657,52.674,52.695,52.698,52.694,51.931
magnitude_db,2.9,51.957,51.911,51.799,53.698,51.576,51.524,51.534,52.348,52.424,52.472,52.526,52.546,52.64,52.655,52.671,52.669,52.678,52.675,52.646,52.694,52.697,52.691,51.93
magnitude_db,2.92,51.964,51.907,51.807,54.471,51.604,51.511,51.542,52.363,52.452,52.445,52.527,52.542,52.645,52.676,52.664,52.67,52.675,52.687,52.645,52.691,52.682,52.697,51.928
magnitude_db,2.94,51.967,51.915,51.79,54.046,51.602,51.507,51.538,52.359,52.434,52.427,52.5,52.538,52.646,52.664,52.673,52.672,52.671,52.693,52.689,52.72,52.706,52.693,51.927
magnitude_db,2.96,51.961,51.923,51.794,53.599,51.592,51.508,51.535,52.336,52.437,52.456,52.514,52.548,52.646,52.658,52.687,52.7,52.673,52.69,52.693,52.714,52.722,52.696,51.925
magnitude_db,2.98,51.972,51.925,51.808,53.802,51.599,51.512,51.551,52.358,52.447,52.47,52.501,52.54,52.653,52.643,52.67,52.693,52.689,52.702,52.675,52.685,52.708,52.717,51.924
magnitude_db,3.0,51.961,51.915,51.778,54.492,51.581,51.484,51.524,52.358,52.444,52.455,52.513,52.542,52.657,52.689,52.659,52.684,52.688,52.707,52.687,52.693,52.716,52.71,51.922
magnitude_db,3.02,51.96,51.928,51.796,54.081,51.586,51.519,51.538,52.356,52.441,52.474,52.527,52.545,52.641,52.668,52.68,52.706,52.698,52.71,52.693,52.685,52.736,52.711,51.921
magnitude_db,3.04,51.948,51.935,51.789,53.067,51.578,51.55,51.528,52.372,52.435,52.463,52.53,52.555,52.661,52.672,52.673,52.71,52.706,52.708,52.685,52.69,52.732,52.713,51.919
magnitude_db,3.06,51.947,51.919,51.811,53.384,51.574,51.513,51.553,52.365,52.446,52.468,52.547,52.576,52.643,52.695,52.661,52.694,52.719,52.714,52.701,52.69,52.751,52.717,51.918
magnitude_db,3.08,51.958,51.931,51.791,54.269,51.589,51.524,51.528,52.365,52.454,52.479,52.552,52.568,52.645,52.678,52.683,52.682,52.702,52.699,52.697,52.692,52.731,52.732,51.916
magnitude_db,3.1,51.981,51.929,51.805,53.827,51.606,51.521,51.538,52.368,52.473,52.461,52.527,52.576,52.679,52.675,52.686,52.699,52.705,52.716,52.689,52.709,52.721,52.75,51.915
magnitude_db,3.12,51.962,51.94,51.802,53.41,51.588,51.534,51.535,52.378,52.454,52.467,52.523,52.566,52.662,52.672,52.675,52.71,52.713,52.71,52.686,52.724,52.736,52.729,51.913
magnitude_db,3.14,51.951,51.945,51.805,53.171,51.581,51.535,51.545,52.373,52.453,52.48,52.52,52.575,52.668,52.703,52.693,52.716,52.707,52.718,52.704,52.715,52.736,52.742,51.912
magnitude_db,3.16,51.967,51.932,51.815,53.486,51.591,51.521,51.551,52.376,52.451,52.478,52.535,52.575,52.66,52.696,52.701,52.715,52.728,52.714,52.713,52.716,52.737,52.751,51.91
magnitude_db,3.18,51.973,51.928,51.821,53.804,51.601,51.51,51.558,52.383,52.472,52.481,52.541,52.583,52.668,52.672,52.697,52.715,52.726,52.726,52.698,52.74,52.755,52.745,51.909
magnitude_db,3.2,51.963,51.915,51.811,53.808,51.586,51.509,51.546,52.358,52.484,52.478,52.54,52.573,52.688,52.683,52.686,52.721,52.72,52.727,52.701,52.731,52.748,52.735,51.908
magnitude_db,3.22,51.963,51.932,51.807,53.291,51.58,51.53,51.539,52.377,52.478,52.467,52.557,52.585,52.677,52.699,52.692,52.731,52.712,52.72,52.72,52.733,52.756,52.751,51.906
magnitude_db,3.24,51.971,51.944,51.813,53.79,51.594,51.53,51.55,52.377,52.471,52.479,52.553,52.579,52.68,52.71,52.715,52.728,52.727,52.728,52.718,52.71,52.748,52.755,51.905
magnitude_db,3.2600000000000002,51.978,51.946,51.798,54.708,51.605,51.527,51.531,52.374,52.489,52.469,52.543,52.6,52.698,52.723,52.705,52.728,52.729,52.725,52.731,52.724,52.736,52.753,51.904
magnitude_db,3.2800000000000002,51.975,51.928,51.81,54.361,51.6,51.501,51.548,52.375,52.493,52.478,52.562,52.604,52.688,52.71,52.695,52.74,52.739,52.733,52.721,52.743,52.751,52.743,51.902
magnitude_db,3.3000000000000003,51.982,51.934,51.811,54.174,51.606,51.509,51.547,52.38,52.466,52.481,52.571,52.599,52.699,52.685,52.7,52.726,52.747,52.742,52.721,52.731,52.763,52.743,51.901
magnitude_db,3.3200000000000003,51.981,51.943,51.81,53.497,51.602,51.528,51.543,52.385,52.489,52.496,52.565,52.592,52.682,52.696,52.722,52.726,52.73,52.748,52.724,52.731,52.758,52.761,51.9
magnitude_db,3.34,51.99,51.939,51.807,53.549,51.613,51.512,51.543,52.391,52.485,52.503,52.555,52.589,52.692,52.708,52.715,52.738,52.732,52.736,52.726,52.729,52.768,52.777,51.898
magnitude_db,3.36,51.995,51.933,51.812,53.769,51.616,51.513,51.549,52.384,52.491,52.496,52.554,52.609,52.7,52.7,52.723,52.734,52.74,52.763,52.734,52.731,52.774,52.744,51.897
magnitude_db,3.38,51.98,51.939,51.816,53.257,51.603,51.536,51.543,52.389,52.484,52.493,52.549,52.587,52.708,52.716,52.719,52.733,52.755,52.738,52.737,52.764,52.768,52.751,51.896
magnitude_db,3.4,51.985,51.942,51.81,53.004,51.603,51.522,51.538,52.385,52.48,52.498,52.554,52.592,52.693,52.706,52.734,52.751,52.737,52.752,52.73,52.743,52.758,52.778,51.895
magnitude_db,3.42,51.97,51.939,51.822,53.212,51.589,51.521,51.554,52.382,52.479,52.509,52.569,52.62,52.706,52.704,52.731,52.737,52.732,52.747,52.735,52.749,52.773,52.774,51.893
magnitude_db,3.44,51.99,51.942,51.815,53.291,51.605,51.528,51.54,52.39,52.483,52.51,52.577,52.597,52.698,52.724,52.717,52.74,52.744,52.741,52.755,52.754,52.769,52.762,51.892
magnitude_db,3.46,51.978,51.943,51.812,53.791,51.591,51.515,51.539,52.384,52.486,52.513,52.591,52.589,52.7,52.727,52.715,52.738,52.747,52.753,52.739,52.729,52.787,52.775,51.891
magnitude_db,3.48,51.985,51.924,51.819,53.73,51.603,51.496,51.554,52.408,52.505,52.512,52.582,52.607,52.695,52.725,52.723,52.752,52.751,52.736,52.74,52.737,52.797,52.759,51.89
magnitude_db,3.5,51.983,51.945,51.807,53.661,51.603,51.511,51.542,52.41,52.486,52.518,52.572,52.62,52.713,52.736,52.731,52.747,52.742,52.738,52.763,52.741,52.774,52.748,51.889
magnitude_db,3.52,51.98,51.946,51.822,53.638,51.595,51.52,51.547,52.399,52.486,52.501,52.575,52.621,52.7,52.734,52.731,52.748,52.741,52.746,52.732,52.768,52.771,52.765,51.887
magnitude_db,3.54,51.985,51.943,51.825,53.409,51.6,51.524,51.548,52.403,52.51,52.506,52.575,52.602,52.709,52.717,52.74,52.748,52.747,52.769,52.74,52.776,52.768,52.784,51.886
magnitude_db,3.56,51.993,51.948,51.821,53.825,51.611,51.517,51.553,52.391,52.512,52.509,52.591,52.606,52.706,52.737,52.749,52.751,52.756,52.745,52.759,52.752,52.777,52.776,51.885
magnitude_db,3.58,52.001,51.93,51.827,54.234,51.616,51.52,51.557,52.393,52.498,52.525,52.598,52.599,52.691,52.738,52.74,52.771,52.757,52.769,52.748,52.758,52.793,52.767,51.884
magnitude_db,3.6,51.988,51.93,51.819,53.936,51.603,51.514,51.548,52.404,52.503,52.521,52.593,52.607,52.716,52.736,52.741,52.762,52.755,52.774,52.738,52.767,52.798,52.789,51.883
magnitude_db,3.62,51.985,51.953,51.834,53.333,51.601,51.525,51.558,52.406,52.496,52.51,52.579,52.619,52.718,52.709,52.751,52.738,52.757,52.776,52.76,52.765,52.786,52.784,51.882
magnitude_db,3.64,52.0,51.935,51.826,53.456,51.615,51.508,51.552,52.41,52.506,52.5,52.588,52.624,52.725,52.726,52.743,52.741,52.765,52.769,52.782,52.758,52.777,52.784,51.881
magnitude_db,3.66,51.986,51.94,51.814,53.045,51.603,51.514,51.539,52.406,52.511,52.516,52.595,52.606,52.728,52.749,52.745,52.772,52.748,52.767,52.778,52.777,52.79,52.784,51.88
magnitude_db,3.68,51.971,51.95,51.819,53.5,51.588,51.515,51.549,52.408,52.494,52.517,52.593,52.618,52.72,52.757,52.749,52.774,52.78,52.769,52.772,52.791,52.791,52.793,51.878
magnitude_db,3.7,51.989,51.946,51.827,54.314,51.603,51.517,51.553,52.403,52.484,52.518,52.588,52.623,52.723,52.746,52.745,52.761,52.774,52.774,52.758,52.764,52.805,52.791,51.877
magnitude_db,3.72,51.992,51.943,51.831,54.423,51.604,51.516,51.557,52.406,52.488,52.518,52.592,52.616,52.732,52.746,52.748,52.765,52.776,52.779,52.764,52.754,52.818,52.772,51.876
magnitude_db,3.74,51.997,51.948,51.813,53.926,51.607,51.527,51.538,52.405,52.491,52.519,52.589,52.614,52.714,52.729,52.737,52.773,52.761,52.773,52.776,52.764,52.818,52.784,51.875
magnitude_db,3.7600000000000002,51.994,51.949,51.83,54.008,51.6,51.526,51.556,52.413,52.516,52.514,52.586,52.623,52.715,52.734,52.74,52.767,52.764,52.781,52.773,52.774,52.812,52.801,51.874
magnitude_db,3.7800000000000002,51.981,51.952,51.823,53.979,51.595,51.527,51.549,52.427,52.513,52.521,52.584,52.625,52.73,52.744,52.742,52.763,52.762,52.775,52.785,52.773,52.801,52.811,51.873
magnitude_db,3.8000000000000003,51.983,51.946,51.83,53.63,51.6,51.529,51.557,52.414,52.524,52.514,52.599,52.636,52.749,52.745,52.74,52.755,52.77,52.775,52.776,52.772,52.798,52.816,51.872
magnitude_db,3.8200000000000003,51.988,51.959,51.827,53.756,51.6,51.53,51.555,52.411,52.505,52.528,52.601,52.646,52.747,52.738,52.76,52.749,52.79,52.781,52.788,52.776,52.794,52.815,51.871
magnitude_db,3.84,51.988,51.971,51.829,53.647,51.595,51.541,51.553,52.401,52.514,52.523,52.606,52.65,52.747,52.75,52.76,52.769,52.781,52.787,52.786,52.792,52.814,52.822,51.87
magnitude_db,3.86,51.998,51.956,51.821,53.245,51.606,51.527,51.545,52.398,52.519,52.523,52.59,52.641,52.733,52.753,52.752,52.766,52.775,52.796,52.774,52.804,52.795,52.796,51.869
magnitude_db,3.88,51.99,51.954,51.826,53.276,51.6,51.52,51.552,52.423,52.519,52.527,52.597,52.626,52.739,52.76,52.762,52.772,52.789,52.794,52.767,52.785,52.798,52.785,51.868
magnitude_db,3.9,51.994,51.961,51.826,53.276,51.607,51.53,51.551,52.402,52.501,52.545,52.609,52.641,52.729,52.756,52.76,52.764,52.783,52.775,52.78,52.78,52.822,52.802,51.867
magnitude_db,3.92,52.002,51.959,51.829,53.493,51.614,51.525,51.554,52.411,52.505,52.52,52.605,52.67,52.738,52.751,52.769,52.762,52.775,52.785,52.79,52.792,52.794,52.802,51.866
magnitude_db,3.94,52.003,51.959,51.824,52.987,51.616,51.528,51.551,52.415,52.525,52.527,52.597,52.657,52.745,52.758,52.789,52.779,52.79,52.774,52.785,52.782,52.798,52.797,51.866
magnitude_db,3.96,51.99,51.963,51.825,53.29,51.602,51.531,51.552,52.433,52.535,52.522,52.606,52.665,52.745,52.78,52.771,52.779,52.8,52.785,52.776,52.798,52.811,52.802,51.865
magnitude_db,3.98,51.995,51.964,51.829,54.149,51.607,51.531,51.554,52.434,52.526,52.526,52.6,52.665,52.751,52.774,52.772,52.779,52.806,52.791,52.778,52.791,52.819,52.805,51.864
magnitude_db,4.0,51.996,51.958,51.836,54.243,51.609,51.527,51.56,52.407,52.525,52.534,52.613,52.66,52.74,52.749,52.768,52.786,52.794,52.783,52.789,52.797,52.818,52.796,51.863
magnitude_db,4.0200000000000005,52.004,51.959,51.839,54.055,51.611,51.526,51.562,52.418,52.522,52.531,52.625,52.647,52.753,52.762,52.751,52.775,52.773,52.796,52.784,52.809,52.808,52.82,51.862
magnitude_db,4.04,51.998,51.968,51.847,54.077,51.605,51.533,51.567,52.424,52.535,52.528,52.625,52.665,52.745,52.777,52.755,52.789,52.791,52.801,52.793,52.779,52.824,52.823,51.861
magnitude_db,4.0600000000000005,51.999,51.956,51.823,52.906,51.609,51.525,51.549,52.425,52.53,52.538,52.623,52.655,52.746,52.773,52.778,52.789,52.81,52.809,52.788,52.789,52.822,52.828,51.86
magnitude_db,4.08,51.99,51.955,51.824,53.198,51.6,51.526,51.548,52.433,52.528,52.531,52.61,52.662,52.745,52.752,52.778,52.795,52.813,52.816,52.778,52.797,52.823,52.823,51.859
magnitude_db,4.1,52.003,51.96,51.84,53.648,51.612,51.526,51.562,52.434,52.529,52.536,52.598,52.647,52.745,52.769,52.796,52.78,52.795,52.799,52.785,52.79,52.821,52.813,51.859
magnitude_db,4.12,52.011,51.969,51.834,53.642,51.616,51.537,51.556,52.425,52.53,52.53,52.616,52.652,52.743,52.785,52.793,52.796,52.787,52.801,52.803,52.799,52.83,52.812,51.858
magnitude_db,4.14,51.998,51.96,51.835,53.147,51.604,51.532,51.555,52.428,52.535,52.531,52.609,52.666,52.766,52.778,52.799,52.795,52.802,52.795,52.796,52.801,52.836,52.808,51.857
magnitude_db,4.16,51.993,51.959,51.832,53.106,51.602,51.527,51.554,52.428,52.519,52.542,52.614,52.66,52.775,52.768,52.789,52.779,52.803,52.792,52.795,52.801,52.819,52.82,51.856
magnitude_db,4.18,51.995,51.96,51.826,53.129,51.605,51.523,51.549,52.437,52.515,52.556,52.615,52.662,52.761,52.78,52.784,52.794,52.807,52.792,52.801,52.801,52.838,52.831,51.855
magnitude_db,4.2,52.0,51.965,51.826,53.537,51.607,51.532,51.551,52.448,52.512,52.551,52.617,52.666,52.737,52.777,52.792,52.799,52.812,52.807,52.79,52.806,52.812,52.829,51.854
magnitude_db,4.22,52.009,51.966,51.832,53.096,51.617,51.531,51.554,52.442,52.515,52.544,52.616,52.648,52.738,52.765,52.783,52.796,52.81,52.801,52.784,52.824,52.827,52.81,51.854
magnitude_db,4.24,52.018,51.961,51.827,53.205,51.626,51.528,51.552,52.435,52.533,52.537,52.624,52.66,52.752,52.774,52.782,52.806,52.811,52.789,52.798,52.82,52.845,52.816,51.853
magnitude_db,4.26,52.015,51.966,51.841,53.593,51.622,51.531,51.563,52.442,52.529,52.529,52.627,52.647,52.771,52.793,52.782,52.811,52.811,52.783,52.788,52.815,52.831,52.816,51.852
magnitude_db,4.28,52.01,51.97,51.84,53.925,51.618,51.533,51.558,52.444,52.525,52.553,52.614,52.659,52.769,52.79,52.794,52.816,52.81,52.804,52.801,52.81,52.814,52.829,51.851
magnitude_db,4.3,52.003,51.98,51.84,53.627,51.611,51.544,51.561,52.424,52.525,52.564,52.612,52.652,52.763,52.789,52.779,52.81,52.803,52.822,52.801,52.8,52.834,52.835,51.851
magnitude_db,4.32,52.012,51.962,51.845,52.798,51.62,51.529,51.567,52.442,52.534,52.54,52.63,52.657,52.767,52.793,52.782,52.805,52.81,52.816,52.799,52.797,52.834,52.823,51.85
magnitude_db,4.34,52.01,51.965,51.843,53.413,51.619,51.526,51.564,52.443,52.544,52.541,52.615,52.67,52.765,52.779,52.794,52.793,52.803,52.814,52.8,52.803,52.841,52.821,51.849
magnitude_db,4.36,52.013,51.973,51.842,53.622,51.623,51.535,51.566,52.441,52.535,52.557,52.638,52.681,52.758,52.762,52.785,52.797,52.787,52.799,52.809,52.806,52.851,52.832,51.848
magnitude_db,4.38,52.018,51.966,51.851,53.212,51.626,51.527,51.577,52.436,52.54,52.542,52.645,52.683,52.751,52.772,52.786,52.804,52.809,52.805,52.817,52.824,52.846,52.835,51.848
magnitude_db,4.4,52.026,51.974,51.834,53.069,51.632,51.536,51.555,52.448,52.533,52.546,52.634,52.681,52.76,52.788,52.801,52.808,52.805,52.806,52.823,52.82,52.851,52.843,51.847
magnitude_db,4.42,52.011,51.977,51.845,53.185,51.615,51.536,51.566,52.44,52.541,52.562,52.63,52.683,52.773,52.78,52.797,52.797,52.824,52.812,52.795,52.813,52.848,52.832,51.846
magnitude_db,4.44,52.019,51.969,51.842,54.111,51.626,51.527,51.561,52.443,52.537,52.558,52.637,52.681,52.777,52.77,52.795,52.802,52.816,52.807,52.797,52.815,52.835,52.834,51.845
magnitude_db,4.46,52.008,51.971,51.841,54.074,51.615,51.53,51.562,52.449,52.529,52.545,52.638,52.681,52.773,52.786,52.784,52.803,52.81,52.825,52.818,52.83,52.832,52.849,51.845
magnitude_db,4.48,52.01,51.98,51.851,53.364,51.619,51.537,51.575,52.459,52.537,52.549,52.632,52.692,52.771,52.8,52.786,52.818,52.803,52.841,52.817,52.819,52.843,52.855,51.844
magnitude_db,4.5,52.018,51.973,51.834,53.539,51.622,51.534,51.557,52.447,52.531,52.547,52.62,52.68,52.773,52.795,52.808,52.815,52.82,52.824,52.823,52.821,52.842,52.839,51.843
magnitude_db,4.5200000000000005,52.02,51.972,51.837,53.57,51.624,51.534,51.557,52.445,52.546,52.557,52.624,52.679,52.769,52.786,52.8,52.803,52.826,52.83,52.808,52.809,52.828,52.837,51.843
magnitude_db,4.54,52.012,51.968,51.843,53.06,51.62,51.531,51.563,52.446,52.537,52.552,52.634,52.678,52.788,52.796,52.798,52.826,52.833,52.824,52.818,52.821,52.846,52.847,51.842
magnitude_db,4.5600000000000005,52.004,51.977,51.851,53.751,51.613,51.538,51.571,52.448,52.528,52.555,52.642,52.678,52.783,52.806,52.804,52.807,52.824,52.814,52.831,52.845,52.834,52.848,51.841
magnitude_db,4.58,52.017,51.976,51.861,54.657,51.627,51.54,51.58,52.457,52.544,52.559,52.639,52.666,52.778,52.803,52.809,52.818,52.801,52.817,52.804,52.828,52.847,52.867,51.841
magnitude_db,4.6000000000000005,52.015,51.977,51.836,54.303,51.621,51.541,51.557,52.454,52.537,52.566,52.636,52.662,52.786,52.79,52.804,52.813,52.809,52.833,52.813,52.823,52.863,52.853,51.84
magnitude_db,4.62,52.017,51.975,51.839,53.54,51.625,51.534,51.562,52.449,52.548,52.573,52.648,52.672,52.785,52.797,52.789,52.82,52.803,52.826,52.822,52.822,52.857,52.844,51.84
magnitude_db,4.64,52.025,51.982,51.842,53.919,51.631,51.543,51.563,52.448,52.558,52.561,52.649,52.665,52.788,52.807,52.802,52.83,52.809,52.826,52.792,52.836,52.866,52.849,51.839
magnitude_db,4.66,52.015,51.984,51.841,53.808,51.621,51.546,51.56,52.451,52.549,52.563,52.637,52.669,52.785,52.803,52.81,52.817,52.8,52.835,52.805,52.839,52.843,52.851,51.838
magnitude_db,4.68,52.024,51.983,51.843,53.789,51.628,51.541,51.566,52.441,52.552,52.544,52.624,52.692,52.768,52.807,52.818,52.828,52.828,52.832,52.807,52.84,52.849,52.84,51.838
magnitude_db,4.7,52.022,51.979,51.853,53.617,51.626,51.537,51.573,52.45,52.554,52.554,52.631,52.691,52.767,52.814,52.815,52.813,52.826,52.831,52.82,52.833,52.873,52.844,51.837
magnitude_db,4.72,52.016,51.985,51.854,53.483,51.622,51.547,51.574,52.457,52.541,52.558,52.641,52.686,52.776,52.804,52.815,52.822,52.832,52.829,52.817,52.826,52.861,52.844,51.836
magnitude_db,4.74,52.026,51.969,51.85,53.61,51.632,51.533,51.568,52.442,52.553,52.57,52.633,52.674,52.778,52.806,52.818,52.823,52.826,52.831,52.807,52.817,52.867,52.849,51.836
magnitude_db,4.76,52.027,51.973,51.849,53.943,51.632,51.538,51.569,52.446,52.552,52.552,52.647,52.67,52.783,52.807,52.797,52.817,52.819,52.836,52.826,52.816,52.844,52.853,51.835
magnitude_db,4.78,52.014,51.972,51.846,54.031,51.619,51.536,51.565,52.445,52.553,52.563,52.656,52.692,52.772,52.802,52.797,52.828,52.809,52.825,52.81,52.816,52.853,52.844,51.835
magnitude_db,4.8,52.027,51.982,51.849,53.981,51.633,51.544,51.57,52.452,52.546,52.575,52.642,52.699,52.786,52.806,52.818,52.827,52.831,52.838,52.81,52.823,52.855,52.856,51.834
magnitude_db,4.82,52.019,51.985,51.858,53.61,51.626,51.543,51.581,52.447,52.535,52.572,52.657,52.696,52.797,52.807,52.822,52.826,52.841,52.847,52.831,52.814,52.856,52.853,51.834
magnitude_db,4.84,52.03,51.98,51.852,53.102,51.634,51.543,51.573,52.447,52.555,52.575,52.654,52.695,52.789,52.812,52.815,52.838,52.837,52.829,52.849,52.815,52.864,52.856,51.833
magnitude_db,4.86,52.027,51.974,51.852,53.181,51.631,51.54,51.572,52.451,52.566,52.557,52.645,52.695,52.795,52.801,52.816,52.82,52.843,52.83,52.823,52.838,52.861,52.859,51.832
magnitude_db,4.88,52.021,51.98,51.856,52.49,51.629,51.54,51.575,52.451,52.544,52.563,52.642,52.698,52.794,52.813,52.824,52.823,52.831,52.828,52.814,52.837,52.869,52.87,51.832
magnitude_db,4.9,52.018,51.977,51.859,53.363,51.626,51.538,51.577,52.46,52.564,52.577,52.648,52.707,52.784,52.836,52.82,52.842,52.831,52.835,52.831,52.837,52.863,52.855,51.831
magnitude_db,4.92,52.021,51.978,51.858,53.262,51.629,51.539,51.578,52.465,52.574,52.556,52.639,52.677,52.802,52.831,52.807,52.835,52.816,52.836,52.827,52.838,52.868,52.863,51.831
magnitude_db,4.94,52.026,51.992,51.856,53.792,51.633,51.55,51.577,52.466,52.563,52.561,52.65,52.69,52.798,52.809,52.815,52.832,52.826,52.831,52.821,52.851,52.863,52.867,51.83
magnitude_db,4.96,52.028,51.994,51.855,53.739,51.63,51.551,51.577,52.462,52.563,52.578,52.655,52.687,52.789,52.801,52.813,52.822,52.844,52.844,52.829,52.857,52.859,52.85,51.83
magnitude_db,4.98,52.025,51.994,51.851,53.793,51.629,51.555,51.57,52.457,52.567,52.579,52.652,52.677,52.783,52.819,52.829,52.824,52.827,52.853,52.817,52.839,52.869,52.854,51.829
magnitude_db,5.0,52.03,51.981,51.855,53.525,51.636,51.54,51.576,52.442,52.565,52.577,52.646,52.688,52.781,52.822,52.819,52.824,52.842,52.853,52.843,52.832,52.865,52.865,51.829
magnitude_db,5.0200000000000005,52.039,51.986,51.866,54.001,51.64,51.547,51.587,52.451,52.558,52.57,52.658,52.707,52.783,52.82,52.816,52.829,52.84,52.84,52.848,52.83,52.85,52.867,51.828
magnitude_db,5.04,52.045,51.979,51.854,54.24,51.648,51.541,51.575,52.449,52.566,52.584,52.654,52.708,52.805,52.832,52.811,52.834,52.835,52.83,52.849,52.829,52.857,52.87,51.828
magnitude_db,5.0600000000000005,52.039,51.99,51.852,54.006,51.64,51.552,51.572,52.451,52.571,52.576,52.646,52.702,52.798,52.825,52.811,52.845,52.842,52.836,52.842,52.843,52.874,52.873,51.827
magnitude_db,5.08,52.032,51.995,51.858,53.228,51.634,51.554,51.58,52.472,52.556,52.579,52.661,52.695,52.782,52.816,52.829,52.841,52.84,52.84,52.828,52.843,52.86,52.872,51.827
magnitude_db,5.1000000000000005,52.025,52.0,51.857,53.195,51.631,51.556,51.579,52.473,52.561,52.574,52.651,52.702,52.798,52.816,52.835,52.827,52.843,52.836,52.82,52.851,52.855,52.869,51.826
magnitude_db,5.12,52.017,52.004,51.862,54.275,51.621,51.561,51.58,52.465,52.557,52.562,52.648,52.718,52.801,52.82,52.827,52.824,52.842,52.833,52.817,52.853,52.873,52.872,51.826
magnitude_db,5.14,52.022,51.995,51.864,53.982,51.628,51.554,51.582,52.461,52.569,52.569,52.651,52.712,52.788,52.835,52.815,52.839,52.83,52.858,52.842,52.857,52.875,52.868,51.825
magnitude_db,5.16,52.038,51.985,51.868,53.313,51.644,51.546,51.585,52.465,52.573,52.566,52.651,52.686,52.799,52.827,52.815,52.816,52.833,52.843,52.856,52.855,52.881,52.864,51.825
magnitude_db,5.18,52.031,51.997,51.872,52.797,51.639,51.558,51.589,52.471,52.584,52.575,52.659,52.698,52.792,52.835,52.83,52.816,52.849,52.848,52.848,52.832,52.878,52.873,51.824
magnitude_db,5.2,52.031,52.004,51.879,53.292,51.638,51.564,51.6,52.468,52.575,52.589,52.659,52.708,52.784,52.828,52.819,52.827,52.844,52.841,52.847,52.847,52.865,52.883,51.824
magnitude_db,5.22,52.025,51.99,51.86,54.025,51.632,51.552,51.581,52.475,52.562,52.582,52.648,52.707,52.794,52.825,52.815,52.834,52.844,52.836,52.843,52.852,52.863,52.873,51.823
magnitude_db,5.24,52.025,51.996,51.863,54.227,51.63,51.556,51.583,52.484,52.554,52.576,52.644,52.693,52.798,52.806,52.823,52.846,52.847,52.847,52.839,52.837,52.868,52.86,51.823
magnitude_db,5.26,52.036,52.001,51.869,54.154,51.64,51.559,51.588,52.472,52.559,52.575,52.647,52.695,52.787,52.815,52.839,52.847,52.841,52.85,52.856,52.851,52.874,52.888,51.822
magnitude_db,5.28,52.045,52.0,51.859,53.469,51.651,51.557,51.578,52.463,52.574,52.576,52.668,52.703,52.797,52.819,52.836,52.843,52.837,52.85,52.846,52.852,52.88,52.851,51.822
magnitude_db,5.3,52.039,51.994,51.864,53.5,51.642,51.552,51.582,52.471,52.564,52.58,52.672,52.692,52.81,52.819,52.842,52.833,52.85,52.846,52.844,52.841,52.88,52.862,51.821
magnitude_db,5.32,52.048,51.995,51.871,53.358,51.651,51.555,51.591,52.462,52.555,52.562,52.66,52.709,52.819,52.824,52.835,52.843,52.868,52.854,52.842,52.84,52.879,52.883,51.821
magnitude_db,5.34,52.039,52.009,51.873,53.739,51.642,51.568,51.592,52.474,52.571,52.578,52.647,52.705,52.808,52.821,52.832,52.841,52.861,52.871,52.842,52.849,52.878,52.874,51.821
magnitude_db,5.36,52.022,52.002,51.87,53.546,51.628,51.561,51.592,52.476,52.572,52.594,52.651,52.702,52.818,52.831,52.825,52.836,52.854,52.853,52.851,52.846,52.888,52.863,51.82
magnitude_db,5.38,52.036,51.994,51.864,54.498,51.639,51.555,51.584,52.478,52.571,52.587,52.666,52.705,52.798,52.825,52.832,52.829,52.857,52.858,52.839,52.851,52.894,52.871,51.82
magnitude_db,5.4,52.034,51.994,51.872,54.095,51.639,51.557,51.591,52.488,52.573,52.587,52.674,52.719,52.803,52.82,52.836,52.847,52.849,52.848,52.83,52.868,52.884,52.864,51.819
magnitude_db,5.42,52.043,51.992,51.87,53.999,51.647,51.555,51.59,52.463,52.58,52.581,52.67,52.699,52.814,52.823,52.856,52.864,52.851,52.848,52.82,52.868,52.874,52.874,51.819
magnitude_db,5.44,52.05,51.994,51.878,54.088,51.652,51.557,51.598,52.46,52.574,52.592,52.672,52.704,52.819,52.826,52.848,52.841,52.855,52.859,52.839,52.862,52.858,52.872,51.818
magnitude_db,5.46,52.054,51.994,51.872,53.56,51.655,51.555,51.592,52.461,52.569,52.589,52.661,52.711,52.811,52.832,52.84,52.84,52.834,52.861,52.848,52.839,52.87,52.874,51.818
magnitude_db,5.48,52.045,52.003,51.859,53.291,51.65,51.563,51.576,52.469,52.568,52.584,52.667,52.71,52.811,52.836,52.825,52.848,52.849,52.856,52.849,52.839,52.865,52.881,51.818
magnitude_db,5.5,52.048,52.004,51.86,53.819,51.652,51.568,51.579,52.482,52.571,52.594,52.678,52.705,52.81,52.84,52.828,52.863,52.844,52.854,52.866,52.867,52.875,52.872,51.817
magnitude_db,5.5200000000000005,52.033,51.999,51.87,53.727,51.64,51.563,51.587,52.481,52.571,52.603,52.665,52.71,52.812,52.824,52.847,52.854,52.84,52.846,52.853,52.87,52.888,52.874,51.817
magnitude_db,5.54,52.038,52.0,51.881,53.778,51.645,51.563,51.597,52.484,52.569,52.59,52.672,52.709,52.808,52.813,52.847,52.832,52.844,52.861,52.829,52.856,52.886,52.876,51.816
magnitude_db,5.5600000000000005,52.049,51.99,51.87,54.149,51.654,51.554,51.59,52.474,52.567,52.593,52.667,52.706,52.789,52.826,52.836,52.843,52.85,52.866,52.84,52.844,52.885,52.883,51.816
magnitude_db,5.58,52.047,52.003,51.87,53.984,51.652,51.563,51.589,52.466,52.573,52.582,52.655,52.704,52.792,52.841,52.838,52.842,52.853,52.861,52.848,52.858,52.884,52.887,51.816
magnitude_db,5.6000000000000005,52.04,51.999,51.877,53.475,51.647,51.562,51.593,52.465,52.585,52.58,52.664,52.706,52.807,52.821,52.865,52.855,52.857,52.878,52.853,52.855,52.879,52.879,51.815
magnitude_db,5.62,52.041,51.991,51.864,53.134,51.646,51.553,51.586,52.474,52.578,52.582,52.659,52.701,52.808,52.814,52.843,52.856,52.845,52.867,52.86,52.855,52.886,52.89,51.815
magnitude_db,5.64,52.046,52.013,51.87,53.566,51.65,51.572,51.59,52.475,52.583,52.568,52.669,52.715,52.823,52.815,52.827,52.834,52.86,52.867,52.861,52.858,52.892,52.875,51.815
magnitude_db,5.66,52.046,52.014,51.871,53.825,51.653,51.571,51.592,52.486,52.577,52.596,52.677,52.709,52.82,52.823,52.831,52.845,52.878,52.87,52.861,52.856,52.866,52.87,51.814
magnitude_db,5.68,52.039,52.002,51.875,53.626,51.647,51.56,51.597,52.482,52.582,52.596,52.677,52.72,52.82,52.849,52.852,52.858,52.874,52.865,52.869,52.871,52.883,52.881,51.814
magnitude_db,5.7,52.039,52.003,51.869,53.087,51.647,51.563,51.591,52.479,52.569,52.579,52.688,52.729,52.82,52.864,52.856,52.844,52.853,52.854,52.86,52.856,52.891,52.882,51.813
magnitude_db,5.72,52.045,51.999,51.863,53.264,51.65,51.56,51.583,52.478,52.575,52.577,52.676,52.724,52.825,52.834,52.829,52.83,52.857,52.876,52.864,52.846,52.899,52.878,51.813
magnitude_db,5.74,52.048,51.995,51.874,53.615,51.653,51.556,51.595,52.491,52.585,52.59,52.668,52.734,52.819,52.825,52.837,52.854,52.862,52.878,52.858,52.844,52.901,52.88,51.813
magnitude_db,5.76,52.056,52.002,51.872,53.776,51.66,51.563,51.591,52.485,52.576,52.589,52.666,52.725,52.811,52.825,52.846,52.869,52.84,52.88,52.842,52.843,52.898,52.875,51.812
magnitude_db,5.78,52.043,51.994,51.871,54.267,51.649,51.559,51.59,52.488,52.572,52.591,52.675,52.719,52.814,52.833,52.843,52.854,52.841,52.862,52.854,52.86,52.898,52.876,51.812
magnitude_db,5.8,52.046,52.009,51.89,53.867,51.65,51.571,51.602,52.494,52.566,52.601,52.669,52.715,52.823,52.842,52.839,52.84,52.853,52.849,52.86,52.85,52.897,52.876,51.812
magnitude_db,5.82,52.042,51.992,51.878,53.629,51.647,51.554,51.594,52.481,52.57,52.583,52.671,52.715,52.806,52.841,52.843,52.855,52.87,52.854,52.863,52.85,52.883,52.883,51.811
magnitude_db,5.84,52.043,51.998,51.88,53.499,51.648,51.56,51.6,52.487,52.589,52.597,52.668,52.724,52.822,52.846,52.837,52.848,52.874,52.869,52.874,52.866,52.861,52.882,51.811
magnitude_db,5.86,52.045,52.012,51.88,53.555,51.652,51.572,51.601,52.48,52.597,52.578,52.666,52.727,52.832,52.834,52.844,52.85,52.851,52.858,52.862,52.864,52.878,52.895,51.811
magnitude_db,5.88,52.046,51.999,51.882,53.438,51.656,51.558,51.602,52.467,52.595,52.578,52.689,52.716,52.827,52.824,52.847,52.857,52.854,52.859,52.857,52.858,52.894,52.883,51.81
magnitude_db,5.9,52.049,52.009,51.87,53.172,51.655,51.566,51.591,52.486,52.575,52.595,52.68,52.744,52.816,52.831,52.852,52.845,52.855,52.85,52.852,52.87,52.892,52.888,51.81
magnitude_db,5.92,52.05,52.002,51.877,53.816,51.657,51.561,51.595,52.488,52.572,52.611,52.668,52.711,52.82,52.846,52.854,52.858,52.854,52.858,52.863,52.879,52.886,52.903,51.81
magnitude_db,5.94,52.059,52.004,51.886,54.19,51.667,51.565,51.604,52.476,52.58,52.593,52.668,52.699,52.826,52.819,52.839,52.864,52.865,52.871,52.847,52.863,52.882,52.88,51.809
magnitude_db,5.96,52.051,52.019,51.879,53.883,51.659,51.578,51.596,52.478,52.59,52.597,52.677,52.693,52.824,52.827,52.846,52.854,52.863,52.871,52.857,52.855,52.88,52.886,51.809
magnitude_db,5.98,52.055,52.015,51.878,53.328,51.662,51.575,51.594,52.478,52.59,52.59,52.678,52.709,52.817,52.844,52.85,52.854,52.847,52.87,52.854,52.863,52.882,52.89,51.809
magnitude_db,6.0,52.05,52.007,51.884,52.859,51.656,51.569,51.602,52.478,52.572,52.606,52.674,52.726,52.83,52.833,52.839,52.846,52.855,52.864,52.857,52.871,52.907,52.89,51.808
magnitude_db,6.0200000000000005,52.057,51.999,51.874,53.356,51.663,51.561,51.594,52.486,52.589,52.6,52.673,52.726,52.839,52.843,52.836,52.86,52.846,52.866,52.848,52.862,52.916,52.873,51.808
magnitude_db,6.04,52.062,52.012,51.88,53.843,51.665,51.573,51.603,52.488,52.581,52.603,52.66,52.724,52.837,52.844,52.857,52.881,52.86,52.865,52.86,52.869,52.879,52.883,51.808
magnitude_db,6.0600000000000005,52.052,52.011,51.88,53.98,51.657,51.572,51.602,52.479,52.577,52.607,52.676,52.716,52.83,52.855,52.843,52.867,52.866,52.87,52.841,52.864,52.878,52.895,51.807
magnitude_db,6.08,52.053,52.014,51.88,53.463,51.66,51.577,51.6,52.481,52.585,52.597,52.682,52.726,52.825,52.855,52.845,52.859,52.873,52.871,52.855,52.877,52.884,52.888,51.807
magnitude_db,6.1000000000000005,52.061,52.009,51.876,53.252,51.667,51.57,51.596,52.488,52.588,52.588,52.684,52.721,52.813,52.843,52.845,52.869,52.862,52.87,52.861,52.871,52.874,52.895,51.807
magnitude_db,6.12,52.055,52.007,51.881,53.615,51.661,51.566,51.601,52.491,52.572,52.593,52.686,52.73,52.822,52.851,52.856,52.863,52.872,52.883,52.855,52.875,52.874,52.879,51.806
magnitude_db,6.140000000000001,52.054,52.009,51.889,53.752,51.66,51.571,51.609,52.488,52.583,52.604,52.694,52.734,52.839,52.84,52.86,52.854,52.858,52.871,52.863,52.861,52.884,52.88,51.806
magnitude_db,6.16,52.058,52.016,51.888,53.362,51.665,51.576,51.608,52.501,52.584,52.609,52.669,52.725,52.855,52.848,52.85,52.861,52.861,52.881,52.873,52.85,52.891,52.886,51.806
magnitude_db,6.18,52.06,52.01,51.888,53.494,51.667,51.57,51.606,52.499,52.586,52.606,52.662,52.725,52.825,52.847,52.845,52.865,52.882,52.89,52.852,52.853,52.894,52.885,51.806
magnitude_db,6.2,52.05,52.01,51.886,53.767,51.66,51.57,51.605,52.509,52.581,52.607,52.673,52.723,52.852,52.852,52.862,52.866,52.886,52.881,52.857,52.866,52.893,52.881,51.805
magnitude_db,6.22,52.049,52.022,51.889,52.994,51.659,51.581,51.61,52.491,52.572,52.603,52.681,52.718,52.845,52.839,52.87,52.865,52.887,52.87,52.862,52.876,52.898,52.881,51.805
magnitude_db,6.24,52.058,52.013,51.89,53.006,51.665,51.572,51.613,52.496,52.577,52.598,52.695,52.707,52.834,52.834,52.864,52.863,52.881,52.866,52.864,52.878,52.88,52.877,51.805
magnitude_db,6.26,52.048,52.015,51.879,53.929,51.655,51.577,51.603,52.496,52.586,52.596,52.685,52.725,52.812,52.845,52.841,52.858,52.88,52.877,52.866,52.863,52.893,52.89,51.804
magnitude_db,6.28,52.056,52.018,51.888,54.372,51.663,51.578,51.608,52.49,52.587,52.596,52.685,52.735,52.807,52.839,52.845,52.862,52.875,52.862,52.859,52.87,52.901,52.893,51.804
magnitude_db,6.3,52.062,52.016,51.89,54.245,51.67,51.577,51.611,52.491,52.595,52.606,52.687,52.724,52.831,52.842,52.85,52.869,52.873,52.863,52.857,52.888,52.894,52.894,51.804
magnitude_db,6.32,52.051,52.016,51.884,54.257,51.658,51.578,51.606,52.485,52.607,52.589,52.69,52.726,52.835,52.854,52.856,52.873,52.857,52.868,52.855,52.856,52.903,52.894,51.804
magnitude_db,6.34,52.068,52.024,51.887,53.453,51.671,51.586,51.608,52.489,52.604,52.578,52.69,52.734,52.823,52.854,52.842,52.879,52.87,52.871,52.852,52.873,52.902,52.873,51.803
magnitude_db,6.36,52.066,52.017,51.892,53.454,51.669,51.58,51.614,52.494,52.593,52.588,52.697,52.73,52.813,52.843,52.837,52.867,52.85,52.868,52.866,52.878,52.906,52.876,51.803
magnitude_db,6.38,52.059,52.016,51.885,53.719,51.666,51.575,51.608,52.493,52.595,52.609,52.691,52.736,52.814,52.852,52.853,52.86,52.861,52.858,52.853,52.841,52.899,52.894,51.803
magnitude_db,6.4,52.054,52.02,51.881,53.877,51.661,51.581,51.602,52.496,52.598,52.597,52.686,52.74,52.808,52.86,52.861,52.86,52.875,52.871,52.857,52.85,52.897,52.9,51.803
magnitude_db,6.42,52.06,52.025,51.894,53.222,51.667,51.585,51.617,52.501,52.604,52.601,52.683,52.743,52.82,52.859,52.864,52.857,52.872,52.892,52.872,52.858,52.896,52.889,51.802
magnitude_db,6.44,52.071,52.014,51.893,53.416,51.677,51.576,51.613,52.505,52.604,52.606,52.687,52.726,52.84,52.865,52.841,52.86,52.867,52.89,52.883,52.866,52.89,52.878,51.802
magnitude_db,6.46,52.061,52.021,51.892,53.731,51.671,51.583,51.612,52.505,52.59,52.591,52.676,52.718,52.844,52.863,52.845,52.874,52.867,52.876,52.873,52.872,52.895,52.882,51.802
magnitude_db,6.48,52.055,52.022,51.889,54.547,51.665,51.586,51.612,52.492,52.592,52.598,52.669,52.725,52.834,52.864,52.86,52.876,52.866,52.867,52.862,52.877,52.893,52.889,51.801
magnitude_db,6.5,52.062,52.017,51.891,54.09,51.672,51.582,51.613,52.496,52.59,52.602,52.678,52.723,52.829,52.844,52.855,52.872,52.859,52.866,52.869,52.875,52.891,52.9,51.801
magnitude_db,6.5200000000000005,52.059,52.029,51.88,53.386,51.669,51.592,51.603,52.503,52.585,52.602,52.701,52.717,52.83,52.854,52.85,52.877,52.849,52.875,52.863,52.86,52.904,52.89,51.801
magnitude_db,6.54,52.065,52.03,51.895,53.115,51.674,51.59,51.618,52.504,52.596,52.602,52.684,52.733,52.829,52.853,52.849,52.863,52.864,52.878,52.861,52.864,52.913,52.881,51.801
magnitude_db,6.5600000000000005,52.06,52.025,51.892,53.915,51.671,51.586,51.615,52.503,52.597,52.603,52.686,52.73,52.826,52.854,52.858,52.869,52.872,52.882,52.857,52.878,52.896,52.899,51.8
magnitude_db,6.58,52.05,52.016,51.892,53.692,51.663,51.578,51.612,52.505,52.598,52.595,52.692,52.739,52.839,52.858,52.86,52.862,52.866,52.87,52.881,52.875,52.897,52.893,51.8
magnitude_db,6.6000000000000005,52.061,52.017,51.903,53.892,51.671,51.583,51.619,52.502,52.598,52.601,52.684,52.732,52.837,52.852,52.863,52.864,52.886,52.875,52.883,52.89,52.903,52.893,51.8
magnitude_db,6.62,52.064,52.018,51.901,54.224,51.674,51.583,51.62,52.496,52.596,52.606,52.687,52.721,52.833,52.848,52.86,52.874,52.886,52.88,52.861,52.895,52.901,52.892,51.8
magnitude_db,6.640000000000001,52.065,52.02,51.896,53.652,51.675,51.583,51.619,52.49,52.583,52.602,52.682,52.72,52.821,52.842,52.865,52.873,52.879,52.878,52.866,52.881,52.907,52.879,51.799
magnitude_db,6.66,52.058,52.03,51.892,53.437,51.667,51.591,51.613,52.496,52.589,52.606,52.672,52.733,52.818,52.858,52.856,52.862,52.884,52.865,52.873,52.87,52.888,52.886,51.799
magnitude_db,6.68,52.054,52.024,51.898,53.89,51.667,51.585,51.616,52.49,52.591,52.591,52.698,52.732,52.824,52.857,52.858,52.854,52.885,52.875,52.876,52.861,52.887,52.888,51.799
magnitude_db,6.7,52.063,52.015,51.907,53.739,51.675,51.578,51.627,52.499,52.581,52.6,52.692,52.739,52.832,52.856,52.858,52.864,52.885,52.868,52.871,52.874,52.887,52.894,51.799
magnitude_db,6.72,52.065,52.011,51.897,53.512,51.673,51.573,51.62,52.512,52.588,52.597,52.684,52.737,52.849,52.856,52.857,52.874,52.879,52.855,52.872,52.879,52.891,52.898,51.799
magnitude_db,6.74,52.066,52.031,51.9,53.62,51.672,51.592,51.621,52.498,52.576,52.602,52.685,52.738,52.83,52.859,52.856,52.879,52.876,52.866,52.863,52.869,52.893,52.899,51.798
magnitude_db,6.76,52.064,52.032,51.903,53.511,51.674,51.598,51.622,52.501,52.583,52.611,52.698,52.736,52.84,52.862,52.87,52.872,52.885,52.889,52.863,52.869,52.9,52.888,51.798
magnitude_db,6.78,52.064,52.021,51.894,53.629,51.675,51.587,51.616,52.494,52.592,52.609,52.699,52.734,52.831,52.848,52.858,52.881,52.891,52.886,52.863,52.863,52.893,52.874,51.798
magnitude_db,6.8,52.064,52.023,51.895,53.651,51.673,51.587,51.617,52.511,52.592,52.614,52.679,52.732,52.84,52.856,52.854,52.882,52.883,52.863,52.867,52.87,52.889,52.896,51.798
magnitude_db,6.82,52.072,52.025,51.898,53.136,51.682,51.588,51.62,52.497,52.599,52.608,52.694,52.73,52.852,52.85,52.851,52.875,52.866,52.871,52.868,52.883,52.894,52.876,51.797
magnitude_db,6.84,52.074,52.035,51.896,53.022,51.686,51.595,51.619,52.477,52.595,52.599,52.7,52.733,52.833,52.853,52.859,52.867,52.874,52.862,52.872,52.875,52.889,52.896,51.797
magnitude_db,6.86,52.063,52.04,51.902,52.998,51.672,51.599,51.623,52.493,52.594,52.601,52.693,52.74,52.835,52.853,52.86,52.873,52.865,52.877,52.88,52.878,52.891,52.9,51.797
magnitude_db,6.88,52.056,52.038,51.907,53.391,51.666,51.599,51.627,52.506,52.589,52.604,52.701,52.731,52.837,52.84,52.853,52.855,52.86,52.871,52.876,52.88,52.903,52.894,51.797
magnitude_db,6.9,52.07,52.023,51.902,53.658,51.677,51.589,51.627,52.507,52.596,52.581,52.689,52.739,52.826,52.839,52.87,52.865,52.878,52.863,52.881,52.88,52.898,52.874,51.797
magnitude_db,6.92,52.073,52.031,51.905,53.766,51.682,51.594,51.625,52.503,52.597,52.587,52.688,52.732,52.837,52.838,52.865,52.867,52.877,52.868,52.876,52.886,52.901,52.889,51.796
magnitude_db,6.94,52.064,52.025,51.906,53.38,51.677,51.582,51.627,52.508,52.595,52.589,52.684,52.736,52.846,52.836,52.852,52.859,52.868,52.869,52.863,52.883,52.896,52.917,51.796
magnitude_db,6.96,52.072,52.034,51.909,54.09,51.685,51.596,51.628,52.496,52.599,52.597,52.682,52.727,52.839,52.848,52.849,52.859,52.87,52.856,52.878,52.874,52.914,52.896,51.796
magnitude_db,6.98,52.066,52.023,51.903,53.981,51.682,51.592,51.624,52.502,52.602,52.601,52.696,52.737,52.835,52.86,52.847,52.87,52.861,52.867,52.881,52.871,52.908,52.89,51.796
magnitude_db,7.0,52.073,52.028,51.904,53.645,51.686,51.595,51.626,52.511,52.581,52.592,52.693,52.736,52.841,52.866,52.859,52.849,52.873,52.874,52.875,52.858,52.9,52.895,51.795
magnitude_db,7.0200000000000005,52.074,52.028,51.904,53.481,51.686,51.593,51.625,52.501,52.585,52.597,52.702,52.726,52.833,52.877,52.865,52.871,52.885,52.864,52.882,52.856,52.9,52.888,51.795
magnitude_db,7.04,52.076,52.027,51.911,53.142,51.685,51.592,51.632,52.49,52.59,52.61,52.717,52.745,52.815,52.84,52.862,52.883,52.884,52.867,52.893,52.873,52.905,52.886,51.795
magnitude_db,7.0600000000000005,52.069,52.033,51.9,53.126,51.679,51.598,51.623,52.485,52.589,52.605,52.682,52.75,52.836,52.84,52.869,52.862,52.878,52.87,52.888,52.881,52.907,52.901,51.795
magnitude_db,7.08,52.07,52.027,51.909,53.75,51.68,51.594,51.628,52.488,52.589,52.617,52.683,52.736,52.847,52.863,52.865,52.86,52.883,52.875,52.865,52.858,52.904,52.891,51.795
magnitude_db,7.1000000000000005,52.075,52.032,51.903,53.346,51.685,51.599,51.626,52.505,52.589,52.608,52.699,52.741,52.836,52.857,52.853,52.861,52.884,52.888,52.861,52.86,52.903,52.9,51.794
magnitude_db,7.12,52.08,52.029,51.898,53.103,51.691,51.599,51.623,52.498,52.576,52.599,52.693,52.758,52.836,52.844,52.852,52.844,52.878,52.874,52.868,52.87,52.906,52.881,51.794
magnitude_db,7.140000000000001,52.066,52.028,51.898,53.141,51.679,51.597,51.622,52.503,52.585,52.602,52.693,52.737,52.85,52.842,52.86,52.867,52.872,52.878,52.862,52.871,52.874,52.882,51.794
magnitude_db,7.16,52.073,52.035,51.898,53.38,51.685,51.604,51.623,52.496,52.594,52.615,52.684,52.732,52.828,52.839,52.856,52.872,52.872,52.897,52.871,52.865,52.879,52.905,51.794
magnitude_db,7.18,52.07,52.035,51.902,53.478,51.683,51.597,51.626,52.501,52.591,52.603,52.693,52.734,52.838,52.848,52.86,52.872,52.862,52.867,52.86,52.869,52.89,52.898,51.794
magnitude_db,7.2,52.07,52.037,51.902,53.116,51.683,51.6,51.625,52.511,52.597,52.594,52.691,52.73,52.833,52.845,52.853,52.873,52.882,52.871,52.83,52.884,52.897,52.904,51.794
magnitude_db,7.22,52.079,52.033,51.909,53.5,51.69,51.597,51.632,52.497,52.589,52.602,52.692,52.723,52.824,52.862,52.857,52.873,52.889,52.881,52.847,52.875,52.901,52.878,51.793
magnitude_db,7.24,52.073,52.027,51.896,54.166,51.682,51.594,51.618,52.494,52.59,52.603,52.706,52.738,52.819,52.869,52.856,52.872,52.873,52.882,52.852,52.865,52.905,52.889,51.793
magnitude_db,7.26,52.075,52.02,51.905,54.011,51.687,51.586,51.627,52.495,52.583,52.604,52.698,52.748,52.817,52.857,52.855,52.878,52.886,52.881,52.862,52.875,52.907,52.874,51.793
magnitude_db,7.28,52.07,52.027,51.9,54.104,51.686,51.594,51.622,52.493,52.582,52.611,52.679,52.759,52.833,52.833,52.856,52.846,52.891,52.885,52.875,52.875,52.891,52.873,51.793
magnitude_db,7.3,52.071,52.029,51.901,53.742,51.684,51.595,51.625,52.499,52.593,52.591,52.687,52.744,52.842,52.835,52.852,52.862,52.876,52.895,52.868,52.875,52.9,52.891,51.793
magnitude_db,7.32,52.069,52.022,51.911,53.702,51.684,51.591,51.633,52.493,52.596,52.611,52.691,52.742,52.83,52.846,52.85,52.879,52.885,52.892,52.852,52.894,52.896,52.895,51.792
magnitude_db,7.34,52.069,52.032,51.904,53.377,51.682,51.6,51.628,52.499,52.591,52.61,52.719,52.721,52.808,52.849,52.859,52.888,52.879,52.877,52.856,52.894,52.903,52.9,51.792
magnitude_db,7.36,52.061,52.033,51.909,53.324,51.676,51.599,51.63,52.517,52.589,52.607,52.715,52.724,52.816,52.851,52.863,52.886,52.861,52.875,52.863,52.89,52.898,52.914,51.792
magnitude_db,7.38,52.072,52.029,51.901,53.167,51.691,51.596,51.626,52.5,52.586,52.602,52.688,52.741,52.827,52.866,52.851,52.869,52.872,52.864,52.863,52.861,52.894,52.9,51.792
magnitude_db,7.4,52.063,52.028,51.912,53.58,51.677,51.594,51.635,52.505,52.593,52.615,52.682,52.741,52.833,52.858,52.841,52.861,52.865,52.851,52.866,52.852,52.895,52.909,51.792
magnitude_db,7.42,52.071,52.032,51.906,54.395,51.685,51.601,51.625,52.489,52.593,52.62,52.687,52.727,52.824,52.857,52.85,52.875,52.865,52.87,52.863,52.865,52.886,52.893,51.791
magnitude_db,7.44,52.078,52.026,51.907,53.674,51.691,51.596,51.63,52.497,52.59,52.609,52.693,52.743,52.832,52.836,52.848,52.868,52.873,52.887,52.86,52.867,52.901,52.899,51.791
magnitude_db,7.46,52.073,52.029,51.901,53.564,51.688,51.595,51.625,52.489,52.597,52.607,52.694,52.755,52.821,52.837,52.856,52.864,52.87,52.883,52.865,52.877,52.896,52.89,51.791
magnitude_db,7.48,52.073,52.037,51.902,54.068,51.69,51.602,51.627,52.503,52.598,52.611,52.685,52.755,52.826,52.849,52.844,52.851,52.876,52.878,52.856,52.876,52.896,52.879,51.791
magnitude_db,7.5,52.069,52.043,51.905,53.761,51.685,51.608,51.634,52.514,52.597,52.618,52.686,52.724,52.836,52.833,52.849,52.867,52.86,52.867,52.867,52.853,52.896,52.894,51.791
magnitude_db,7.5200000000000005,52.069,52.043,51.911,53.314,51.687,51.61,51.635,52.513,52.584,52.613,52.688,52.72,52.853,52.83,52.857,52.874,52.864,52.869,52.875,52.867,52.901,52.894,51.791
magnitude_db,7.54,52.074,52.035,51.91,53.061,51.694,51.604,51.631,52.506,52.584,52.607,52.694,52.715,52.849,52.848,52.852,52.861,52.865,52.898,52.865,52.866,52.899,52.892,51.79
magnitude_db,7.5600000000000005,52.065,52.03,51.914,53.0,51.683,51.601,51.637,52.499,52.593,52.605,52.706,52.723,52.831,52.859,52.844,52.858,52.876,52.87,52.865,52.877,52.898,52.9,51.79
magnitude_db,7.58,52.074,52.042,51.917,53.445,51.692,51.609,51.639,52.488,52.59,52.605,52.683,52.728,52.827,52.844,52.853,52.871,52.867,52.866,52.852,52.864,52.895,52.913,51.79
magnitude_db,7.6000000000000005,52.083,52.035,51.904,53.486,51.697,51.605,51.629,52.491,52.591,52.609,52.664,52.722,52.827,52.842,52.864,52.88,52.855,52.867,52.862,52.865,52.893,52.895,51.79
magnitude_db,7.62,52.08,52.037,51.903,53.606,51.697,51.605,51.629,52.495,52.589,52.614,52.673,52.743,52.825,52.859,52.863,52.864,52.851,52.869,52.866,52.883,52.891,52.891,51.79
magnitude_db,7.640000000000001,52.074,52.036,51.905,53.584,51.69,51.604,51.63,52.495,52.569,52.62,52.678,52.763,52.824,52.852,52.862,52.875,52.855,52.887,52.866,52.854,52.894,52.897,51.79
magnitude_db,7.66,52.074,52.03,51.908,53.432,51.691,51.6,51.634,52.491,52.582,52.616,52.693,52.755,52.827,52.836,52.853,52.871,52.866,52.88,52.865,52.86,52.894,52.88,51.789
magnitude_db,7.68,52.077,52.032,51.909,53.443,51.691,51.6,51.635,52.499,52.592,52.611,52.697,52.751,52.814,52.832,52.857,52.848,52.869,52.878,52.861,52.879,52.89,52.896,51.789
magnitude_db,7.7,52.074,52.031,51.907,53.509,51.691,51.6,51.633,52.503,52.586,52.611,52.678,52.742,52.827,52.834,52.853,52.866,52.855,52.866,52.866,52.886,52.903,52.894,51.789
magnitude_db,7.72,52.072,52.037,51.918,53.054,51.686,51.603,51.639,52.501,52.568,52.608,52.695,52.727,52.842,52.842,52.858,52.861,52.881,52.872,52.867,52.874,52.883,52.897,51.789
magnitude_db,7.74,52.073,52.04,51.917,54.296,51.685,51.61,51.639,52.497,52.593,52.615,52.691,52.717,52.833,52.843,52.847,52.877,52.864,52.867,52.859,52.869,52.89,52.895,51.789
magnitude_db,7.76,52.082,52.029,51.902,54.107,51.693,51.602,51.626,52.497,52.612,52.596,52.677,52.733,52.82,52.848,52.838,52.878,52.87,52.876,52.871,52.868,52.901,52.902,51.789
magnitude_db,7.78,52.079,52.035,51.901,53.558,51.695,51.605,51.628,52.503,52.598,52.602,52.677,52.734,52.826,52.846,52.838,52.87,52.862,52.874,52.863,52.862,52.889,52.898,51.789
magnitude_db,7.8,52.074,52.047,51.911,53.043,51.693,51.615,51.634,52.487,52.58,52.622,52.685,52.733,52.83,52.851,52.861,52.891,52.872,52.858,52.865,52.866,52.89,52.895,51.788
magnitude_db,7.82,52.071,52.04,51.912,53.284,51.69,51.607,51.635,52.488,52.597,52.614,52.682,52.724,52.812,52.847,52.87,52.871,52.873,52.872,52.863,52.869,52.903,52.885,51.788
magnitude_db,7.84,52.068,52.036,51.913,54.048,51.69,51.606,51.637,52.485,52.601,52.609,52.698,52.727,52.826,52.844,52.85,52.846,52.863,52.885,52.857,52.86,52.896,52.881,51.788
magnitude_db,7.86,52.073,52.041,51.913,54.139,51.691,51.612,51.636,52.494,52.587,52.61,52.706,52.732,52.825,52.848,52.844,52.87,52.863,52.862,52.859,52.869,52.894,52.882,51.788
magnitude_db,7.88,52.081,52.039,51.917,54.122,51.701,51.607,51.64,52.511,52.581,52.608,52.69,52.728,52.825,52.857,52.859,52.893,52.862,52.869,52.87,52.878,52.897,52.893,51.788
magnitude_db,7.9,52.086,52.042,51.914,53.982,51.706,51.609,51.638,52.482,52.596,52.608,52.69,52.732,52.832,52.839,52.859,52.887,52.874,52.878,52.867,52.863,52.894,52.886,51.788
magnitude_db,7.92,52.075,52.04,51.916,53.914,51.693,51.611,51.643,52.493,52.602,52.604,52.671,52.739,52.83,52.85,52.849,52.873,52.854,52.879,52.865,52.857,52.899,52.904,51.787
magnitude_db,7.94,52.076,52.044,51.906,53.544,51.695,51.614,51.635,52.5,52.598,52.597,52.683,52.716,52.813,52.844,52.852,52.86,52.855,52.866,52.852,52.878,52.886,52.9,51.787
magnitude_db,7.96,52.076,52.043,51.91,53.289,51.698,51.613,51.632,52.499,52.585,52.602,52.674,52.718,52.811,52.835,52.875,52.859,52.864,52.865,52.856,52.884,52.88,52.882,51.787
magnitude_db,7.98,52.074,52.037,51.912,53.417,51.694,51.607,51.638,52.505,52.589,52.599,52.674,52.727,52.816,52.841,52.856,52.848,52.878,52.867,52.87,52.875,52.897,52.89,51.787
magnitude_db,8.0,52.073,52.036,51.915,53.465,51.693,51.606,51.643,52.501,52.588,52.597,52.682,52.736,52.822,52.843,52.843,52.853,52.864,52.88,52.866,52.857,52.901,52.906,51.787
magnitude_db,8.02,52.071,52.029,51.924,53.969,51.691,51.6,51.65,52.484,52.588,52.603,52.693,52.739,52.83,52.847,52.837,52.855,52.862,52.874,52.85,52.861,52.888,52.904,51.787
magnitude_db,8.040000000000001,52.065,52.03,51.917,53.551,51.684,51.603,51.64,52.488,52.577,52.595,52.682,52.721,52.817,52.834,52.837,52.845,52.879,52.865,52.854,52.856,52.897,52.888,51.787
magnitude_db,8.06,52.066,52.035,51.911,53.333,51.684,51.609,51.631,52.5,52.579,52.604,52.673,52.727,52.817,52.827,52.839,52.857,52.885,52.86,52.851,52.863,52.894,52.887,51.787
magnitude_db,8.08,52.073,52.036,51.911,53.455,51.692,51.61,51.635,52.508,52.591,52.611,52.687,52.737,52.829,52.837,52.837,52.875,52.873,52.863,52.869,52.856,52.878,52.886,51.786
magnitude_db,8.1,52.076,52.021,51.914,53.333,51.696,51.593,51.638,52.508,52.606,52.597,52.692,52.738,52.812,52.834,52.84,52.878,52.86,52.876,52.871,52.85,52.888,52.88,51.786
magnitude_db,8.120000000000001,52.074,52.03,51.911,53.659,51.695,51.603,51.637,52.493,52.592,52.598,52.677,52.735,52.822,52.823,52.831,52.879,52.868,52.875,52.858,52.868,52.893,52.884,51.786
magnitude_db,8.14,52.073,52.052,51.909,53.4,51.694,51.621,51.637,52.505,52.574,52.604,52.671,52.721,52.835,52.821,52.835,52.85,52.866,52.862,52.861,52.867,52.897,52.876,51.786
magnitude_db,8.16,52.071,52.048,51.91,53.962,51.691,51.617,51.632,52.493,52.573,52.595,52.671,52.722,52.844,52.828,52.834,52.862,52.86,52.87,52.866,52.888,52.899,52.884,51.786
magnitude_db,8.18,52.075,52.038,51.907,53.346,51.694,51.612,51.63,52.491,52.582,52.602,52.68,52.72,52.834,52.836,52.84,52.861,52.866,52.875,52.862,52.882,52.911,52.865,51.786
magnitude_db,8.2,52.072,52.031,51.914,53.601,51.693,51.61,51.639,52.497,52.593,52.599,52.685,52.712,52.827,52.831,52.853,52.864,52.874,52.875,52.859,52.845,52.904,52.879,51.786
magnitude_db,8.22,52.073,52.037,51.903,53.466,51.697,51.61,51.632,52.493,52.589,52.611,52.683,52.714,52.811,52.836,52.845,52.863,52.874,52.876,52.863,52.855,52.904,52.891,51.785
magnitude_db,8.24,52.085,52.036,51.906,53.101,51.704,51.607,51.636,52.501,52.587,52.612,52.666,52.718,52.816,52.848,52.859,52.851,52.865,52.873,52.872,52.868,52.916,52.893,51.785
magnitude_db,8.26,52.081,52.037,51.904,53.921,51.697,51.61,51.634,52.512,52.585,52.605,52.673,52.714,52.817,52.836,52.866,52.867,52.866,52.868,52.87,52.864,52.884,52.885,51.785
magnitude_db,8.28,52.067,52.036,51.908,54.179,51.692,51.606,51.636,52.508,52.586,52.604,52.681,52.727,52.809,52.829,52.839,52.857,52.866,52.866,52.857,52.861,52.876,52.881,51.785
magnitude_db,8.3,52.072,52.033,51.915,53.56,51.697,51.604,51.643,52.493,52.588,52.607,52.667,52.716,52.826,52.84,52.839,52.843,52.859,52.859,52.851,52.853,52.861,52.89,51.785
magnitude_db,8.32,52.078,52.028,51.918,53.193,51.7,51.606,51.644,52.499,52.594,52.595,52.679,52.713,52.821,52.842,52.836,52.845,52.86,52.874,52.864,52.87,52.876,52.88,51.785
magnitude_db,8.34,52.069,52.037,51.912,53.219,51.691,51.613,51.636,52.505,52.587,52.579,52.687,52.721,52.795,52.83,52.834,52.852,52.872,52.865,52.878,52.871,52.883,52.855,51.785
magnitude_db,8.36,52.072,52.041,51.914,53.606,51.694,51.617,51.637,52.502,52.6,52.589,52.682,52.724,52.803,52.833,52.831,52.845,52.866,52.849,52.882,52.854,52.889,52.866,51.785
magnitude_db,8.38,52.063,52.033,51.916,53.588,51.688,51.612,51.641,52.497,52.593,52.598,52.674,52.727,52.807,52.836,52.839,52.846,52.859,52.865,52.863,52.862,52.904,52.87,51.784
magnitude_db,8.4,52.072,52.032,51.919,53.066,51.696,51.61,51.643,52.493,52.578,52.604,52.673,52.727,52.813,52.823,52.837,52.851,52.871,52.871,52.838,52.867,52.895,52.877,51.784
magnitude_db,8.42,52.082,52.028,51.905,53.497,51.705,51.606,51.63,52.493,52.574,52.603,52.671,52.716,52.817,52.833,52.836,52.867,52.86,52.86,52.836,52.868,52.89,52.856,51.784
magnitude_db,8.44,52.083,52.026,51.911,53.14,51.7,51.604,51.637,52.516,52.587,52.595,52.674,52.721,52.839,52.84,52.853,52.862,52.857,52.848,52.844,52.871,52.885,52.865,51.784
magnitude_db,8.46,52.068,52.026,51.911,53.378,51.684,51.603,51.64,52.493,52.581,52.596,52.675,52.735,52.812,52.84,52.839,52.855,52.864,52.86,52.844,52.858,52.882,52.873,51.784
magnitude_db,8.48,52.078,52.036,51.91,53.941,51.698,51.611,51.639,52.487,52.581,52.596,52.671,52.725,52.812,52.836,52.85,52.851,52.873,52.856,52.857,52.859,52.877,52.863,51.784
magnitude_db,8.5,52.084,52.036,51.906,54.276,51.706,51.61,51.635,52.485,52.582,52.603,52.673,52.71,52.81,52.828,52.838,52.835,52.873,52.872,52.856,52.862,52.881,52.867,51.784
magnitude_db,8.52,52.079,52.034,51.91,53.282,51.698,51.612,51.644,52.491,52.579,52.595,52.671,52.713,52.823,52.826,52.843,52.856,52.858,52.87,52.868,52.873,52.882,52.871,51.784
magnitude_db,8.540000000000001,52.068,52.038,51.909,53.175,51.696,51.614,51.647,52.492,52.574,52.59,52.68,52.711,52.819,52.844,52.849,52.853,52.852,52.867,52.862,52.873,52.877,52.867,51.783
magnitude_db,8.56,52.071,52.041,51.911,52.646,51.696,51.616,51.643,52.506,52.574,52.588,52.693,52.721,52.814,52.856,52.844,52.849,52.859,52.867,52.858,52.862,52.88,52.882,51.783
magnitude_db,8.58,52.074,52.043,51.917,53.554,51.696,51.618,51.649,52.499,52.576,52.601,52.692,52.703,52.806,52.853,52.845,52.853,52.868,52.872,52.852,52.862,52.877,52.9,51.783
magnitude_db,8.6,52.069,52.04,51.915,53.44,51.694,51.614,51.648,52.474,52.591,52.593,52.684,52.71,52.811,52.807,52.855,52.862,52.864,52.852,52.851,52.878,52.874,52.888,51.783
magnitude_db,8.620000000000001,52.069,52.034,51.908,53.691,51.695,51.61,51.638,52.481,52.588,52.59,52.686,52.732,52.831,52.793,52.849,52.871,52.855,52.861,52.843,52.851,52.882,52.883,51.783
magnitude_db,8.64,52.075,52.028,51.913,53.591,51.705,51.607,51.644,52.481,52.584,52.579,52.692,52.732,52.818,52.823,52.835,52.86,52.845,52.867,52.846,52.855,52.878,52.873,51.783
magnitude_db,8.66,52.069,52.04,51.91,52.986,51.699,51.615,51.641,52.494,52.567,52.58,52.67,52.72,52.813,52.843,52.826,52.852,52.861,52.859,52.846,52.873,52.879,52.872,51.783
magnitude_db,8.68,52.07,52.04,51.915,53.802,51.694,51.617,51.64,52.481,52.588,52.592,52.653,52.722,52.807,52.849,52.839,52.858,52.874,52.842,52.847,52.854,52.873,52.863,51.783
magnitude_db,8.700000000000001,52.072,52.04,51.912,53.886,51.7,51.615,51.641,52.493,52.588,52.58,52.653,52.719,52.809,52.837,52.827,52.86,52.879,52.851,52.843,52.851,52.875,52.869,51.783
magnitude_db,8.72,52.068,52.032,51.914,54.105,51.696,51.613,51.647,52.493,52.583,52.592,52.67,52.712,52.811,52.826,52.822,52.849,52.869,52.858,52.844,52.853,52.891,52.869,51.782
magnitude_db,8.74,52.074,52.025,51.917,53.875,51.703,51.604,51.644,52.485,52.576,52.599,52.681,52.711,52.807,52.82,52.84,52.855,52.857,52.856,52.844,52.879,52.886,52.879,51.782
magnitude_db,8.76,52.073,52.026,51.928,53.103,51.701,51.602,51.648,52.491,52.581,52.589,52.675,52.726,52.827,52.81,52.85,52.847,52.845,52.87,52.841,52.874,52.877,52.884,51.782
magnitude_db,8.78,52.063,52.033,51.921,52.959,51.69,51.608,51.646,52.475,52.587,52.59,52.67,52.712,52.808,52.82,52.848,52.843,52.844,52.855,52.832,52.847,52.871,52.879,51.782
magnitude_db,8.8,52.071,52.03,51.912,53.27,51.696,51.606,51.644,52.483,52.584,52.587,52.682,52.717,52.818,52.805,52.831,52.847,52.86,52.844,52.84,52.852,52.873,52.858,51.782
magnitude_db,8.82,52.08,52.035,51.904,53.014,51.705,51.612,51.638,52.487,52.586,52.581,52.706,52.717,52.801,52.812,52.831,52.853,52.836,52.84,52.858,52.848,52.879,52.873,51.782
magnitude_db,8.84,52.08,52.041,51.909,53.949,51.705,51.621,51.642,52.487,52.569,52.591,52.681,52.716,52.803,52.82,52.831,52.836,52.843,52.845,52.838,52.844,52.884,52.88,51.782
magnitude_db,8.86,52.07,52.046,51.91,53.734,51.697,51.625,51.644,52.479,52.577,52.601,52.663,52.704,52.818,52.815,52.833,52.855,52.837,52.856,52.836,52.844,52.886,52.876,51.782
magnitude_db,8.88,52.062,52.044,51.913,52.934,51.693,51.62,51.643,52.479,52.582,52.59,52.669,52.714,52.809,52.836,52.83,52.841,52.838,52.859,52.842,52.848,52.886,52.88,51.782
magnitude_db,8.9,52.062,52.039,51.916,53.482,51.693,51.618,51.645,52.482,52.583,52.571,52.671,52.719,52.804,52.831,52.833,52.833,52.854,52.848,52.836,52.857,52.871,52.875,51.781
magnitude_db,8.92,52.07,52.047,51.91,53.509,51.699,51.625,51.643,52.481,52.579,52.568,52.671,52.715,52.797,52.819,52.829,52.846,52.852,52.837,52.836,52.861,52.869,52.864,51.781
magnitude_db,8.94,52.072,52.035,51.91,53.726,51.696,51.613,51.643,52.497,52.571,52.584,52.675,52.712,52.789,52.833,52.826,52.837,52.845,52.854,52.843,52.858,52.878,52.873,51.781
magnitude_db,8.96,52.067,52.033,51.914,53.755,51.692,51.612,51.646,52.48,52.572,52.594,52.656,52.723,52.801,52.838,52.834,52.839,52.85,52.839,52.845,52.852,52.871,52.868,51.781
magnitude_db,8.98,52.063,52.032,51.914,53.414,51.692,51.611,51.648,52.474,52.579,52.596,52.656,52.73,52.808,52.821,52.83,52.824,52.853,52.836,52.835,52.839,52.865,52.863,51.781
magnitude_db,9.0,52.076,52.028,51.915,54.022,51.704,51.604,51.647,52.482,52.589,52.591,52.646,52.705,52.798,52.812,52.837,52.833,52.848,52.851,52.836,52.835,52.87,52.863,51.781
magnitude_db,9.02,52.079,52.035,51.916,54.298,51.704,51.609,51.647,52.479,52.579,52.576,52.661,52.683,52.81,52.815,52.831,52.848,52.848,52.84,52.85,52.84,52.865,52.869,51.781
magnitude_db,9.040000000000001,52.058,52.028,51.915,53.977,51.683,51.609,51.643,52.48,52.574,52.587,52.672,52.704,52.809,52.833,52.825,52.85,52.834,52.848,52.845,52.844,52.869,52.874,51.781
magnitude_db,9.06,52.065,52.035,51.907,53.345,51.695,51.617,51.637,52.486,52.575,52.58,52.666,52.704,52.805,52.817,52.815,52.845,52.836,52.853,52.851,52.838,52.865,52.87,51.781
magnitude_db,9.08,52.068,52.035,51.908,53.543,51.7,51.619,51.638,52.494,52.563,52.58,52.668,52.713,52.798,52.842,52.82,52.831,52.835,52.84,52.83,52.847,52.884,52.864,51.781
magnitude_db,9.1,52.069,52.027,51.911,53.319,51.695,51.61,51.638,52.473,52.559,52.583,52.655,52.716,52.787,52.842,52.836,52.832,52.841,52.832,52.845,52.822,52.857,52.85,51.78
magnitude_db,9.120000000000001,52.067,52.027,51.907,53.177,51.692,51.612,51.64,52.47,52.566,52.587,52.67,52.718,52.797,52.842,52.839,52.842,52.831,52.837,52.847,52.831,52.852,52.852,51.78
magnitude_db,9.14,52.073,52.033,51.92,53.661,51.694,51.615,51.649,52.476,52.58,52.588,52.658,52.709,52.791,52.845,52.833,52.852,52.841,52.831,52.838,52.849,52.869,52.875,51.78
magnitude_db,9.16,52.064,52.029,51.909,54.283,51.692,51.609,51.644,52.49,52.569,52.589,52.659,52.706,52.785,52.83,52.852,52.84,52.841,52.832,52.835,52.861,52.868,52.852,51.78
magnitude_db,9.18,52.067,52.019,51.897,53.73,51.693,51.604,51.637,52.495,52.567,52.573,52.663,52.706,52.799,52.819,52.84,52.827,52.835,52.83,52.834,52.857,52.858,52.842,51.78
magnitude_db,9.200000000000001,52.058,52.024,51.908,53.426,51.689,51.605,51.65,52.478,52.587,52.586,52.659,52.709,52.805,52.826,52.832,52.832,52.828,52.838,52.836,52.843,52.858,52.844,51.78
magnitude_db,9.22,52.062,52.033,51.916,53.197,51.693,51.611,51.652,52.469,52.574,52.579,52.681,52.709,52.809,52.813,52.831,52.831,52.824,52.846,52.839,52.845,52.852,52.852,51.78
magnitude_db,9.24,52.069,52.034,51.916,54.05,51.697,51.61,51.646,52.479,52.569,52.58,52.682,52.692,52.795,52.833,52.838,52.814,52.843,52.857,52.831,52.837,52.858,52.865,51.78
magnitude_db,9.26,52.07,52.027,51.913,53.586,51.699,51.606,51.644,52.487,52.571,52.59,52.665,52.685,52.774,52.829,52.831,52.822,52.835,52.843,52.833,52.824,52.867,52.869,51.78
magnitude_db,9.28,52.073,52.027,51.908,53.62,51.703,51.604,51.636,52.498,52.569,52.579,52.671,52.679,52.797,52.826,52.818,52.83,52.841,52.841,52.823,52.829,52.876,52.844,51.78
magnitude_db,9.3,52.063,52.022,51.904,53.384,51.696,51.602,51.639,52.48,52.556,52.579,52.668,52.691,52.799,52.809,52.814,52.832,52.846,52.852,52.823,52.828,52.863,52.847,51.78
magnitude_db,9.32,52.065,52.033,51.905,53.349,51.695,51.606,51.639,52.478,52.551,52.569,52.657,52.69,52.79,52.805,52.832,52.836,52.848,52.849,52.821,52.824,52.864,52.841,51.779
magnitude_db,9.34,52.068,52.04,51.919,53.316,51.695,51.611,51.649,52.475,52.57,52.583,52.664,52.676,52.791,52.801,52.841,52.834,52.837,52.833,52.813,52.827,52.884,52.844,51.779
magnitude_db,9.36,52.067,52.037,51.911,53.284,51.693,51.61,51.643,52.487,52.572,52.589,52.657,52.69,52.795,52.801,52.835,52.828,52.845,52.834,52.832,52.816,52.863,52.847,51.779
magnitude_db,9.38,52.067,52.023,51.907,53.519,51.689,51.609,51.64,52.491,52.567,52.585,52.66,52.697,52.795,52.812,52.814,52.834,52.841,52.852,52.838,52.823,52.844,52.855,51.779
magnitude_db,9.4,52.072,52.036,51.908,53.972,51.7,51.613,51.64,52.48,52.561,52.57,52.655,52.704,52.806,52.814,52.822,52.831,52.838,52.85,52.835,52.844,52.833,52.866,51.779
magnitude_db,9.42,52.072,52.032,51.91,53.882,51.704,51.612,51.645,52.476,52.567,52.576,52.667,52.703,52.799,52.824,52.826,52.82,52.814,52.852,52.823,52.832,52.844,52.853,51.779
magnitude_db,9.44,52.055,52.032,51.903,53.389,51.687,51.612,51.636,52.475,52.568,52.577,52.663,52.702,52.797,52.815,52.832,52.829,52.819,52.851,52.811,52.828,52.862,52.848,51.779
magnitude_db,9.46,52.064,52.032,51.895,53.591,51.688,51.609,51.634,52.467,52.552,52.565,52.65,52.693,52.79,52.803,52.833,52.83,52.82,52.844,52.822,52.831,52.852,52.844,51.779
magnitude_db,9.48,52.064,52.039,51.894,53.782,51.698,51.617,51.631,52.479,52.557,52.565,52.637,52.698,52.793,52.794,52.83,52.824,52.832,52.827,52.827,52.833,52.842,52.857,51.779
magnitude_db,9.5,52.063,52.023,51.893,53.583,51.695,51.611,51.627,52.482,52.565,52.567,52.651,52.691,52.802,52.791,52.821,52.827,52.846,52.83,52.831,52.828,52.832,52.841,51.779
magnitude_db,9.52,52.061,52.014,51.894,53.83,51.697,51.599,51.631,52.459,52.564,52.584,52.666,52.683,52.793,52.803,52.817,52.826,52.835,52.832,52.826,52.834,52.836,52.845,51.779
magnitude_db,9.540000000000001,52.046,52.017,51.909,54.472,51.681,51.599,51.644,52.466,52.559,52.591,52.659,52.695,52.788,52.82,52.824,52.823,52.825,52.838,52.817,52.829,52.84,52.863,51.778
magnitude_db,9.56,52.058,52.025,51.914,54.389,51.692,51.606,51.644,52.464,52.562,52.584,52.655,52.697,52.774,52.83,52.813,52.817,52.819,52.831,52.817,52.821,52.851,52.857,51.778
magnitude_db,9.58,52.06,52.035,51.904,53.79,51.695,51.615,51.637,52.454,52.548,52.578,52.654,52.691,52.788,52.816,52.814,52.815,52.829,52.826,52.817,52.827,52.865,52.849,51.778
magnitude_db,9.6,52.053,52.031,51.904,53.352,51.693,51.613,51.64,52.446,52.557,52.573,52.66,52.684,52.801,52.807,52.82,52.828,52.822,52.829,52.817,52.82,52.84,52.849,51.778
magnitude_db,9.620000000000001,52.058,52.019,51.911,53.541,51.686,51.604,51.645,52.456,52.559,52.571,52.66,52.69,52.801,52.792,52.8,52.821,52.822,52.83,52.8,52.821,52.847,52.841,51.778
magnitude_db,9.64,52.062,52.018,51.904,54.167,51.692,51.598,51.642,52.468,52.56,52.579,52.655,52.7,52.801,52.787,52.803,52.819,52.835,52.827,52.799,52.818,52.844,52.843,51.778
magnitude_db,9.66,52.058,52.022,51.9,53.966,51.696,51.594,51.636,52.481,52.552,52.573,52.643,52.69,52.794,52.794,52.808,52.816,52.842,52.837,52.817,52.818,52.853,52.828,51.778
magnitude_db,9.68,52.06,52.02,51.906,53.792,51.7,51.6,51.639,52.478,52.546,52.568,52.659,52.69,52.792,52.794,52.796,52.809,52.821,52.837,52.823,52.818,52.849,52.847,51.778
magnitude_db,9.700000000000001,52.059,52.024,51.905,53.362,51.689,51.61,51.638,52.474,52.549,52.575,52.669,52.687,52.788,52.799,52.787,52.818,52.823,52.817,52.81,52.814,52.86,52.839,51.778
magnitude_db,9.72,52.068,52.023,51.9,53.437,51.7,51.61,51.636,52.466,52.546,52.567,52.659,52.673,52.79,52.785,52.785,52.815,52.822,52.828,52.811,52.816,52.872,52.843,51.778
magnitude_db,9.74,52.061,52.028,51.899,53.936,51.691,51.618,51.639,52.469,52.542,52.564,52.636,52.68,52.786,52.808,52.807,52.8,52.829,52.826,52.808,52.829,52.853,52.849,51.778
magnitude_db,9.76,52.06,52.021,51.909,53.54,51.687,51.606,51.648,52.458,52.539,52.565,52.642,52.684,52.78,52.814,52.801,52.818,52.82,52.83,52.793,52.823,52.855,52.852,51.778
magnitude_db,9.78,52.048,52.013,51.909,53.468,51.688,51.593,51.643,52.453,52.557,52.561,52.655,52.684,52.761,52.799,52.796,52.81,52.803,52.84,52.784,52.81,52.851,52.853,51.777
magnitude_db,9.8,52.051,52.019,51.902,53.251,51.685,51.602,51.637,52.46,52.547,52.563,52.653,52.692,52.767,52.779,52.798,52.813,52.808,52.84,52.819,52.821,52.845,52.847,51.777
magnitude_db,9.82,52.058,52.014,51.906,53.414,51.684,51.596,51.639,52.459,52.548,52.561,52.63,52.691,52.767,52.783,52.793,52.816,52.806,52.831,52.807,52.828,52.836,52.846,51.777
magnitude_db,9.84,52.066,52.021,51.905,53.607,51.695,51.607,51.644,52.462,52.549,52.556,52.643,52.695,52.779,52.789,52.795,52.809,52.798,52.823,52.792,52.821,52.844,52.825,51.777
magnitude_db,9.86,52.063,52.026,51.898,53.427,51.696,51.611,51.648,52.463,52.56,52.558,52.649,52.689,52.787,52.798,52.81,52.817,52.809,52.816,52.807,52.819,52.833,52.831,51.777
magnitude_db,9.88,52.058,52.026,51.899,53.254,51.698,51.606,51.646,52.459,52.562,52.562,52.633,52.667,52.785,52.811,52.789,52.8,52.815,52.822,52.818,52.825,52.837,52.842,51.777
magnitude_db,9.9,52.061,52.02,51.888,53.402,51.703,51.604,51.624,52.462,52.542,52.551,52.625,52.675,52.783,52.801,52.791,52.802,52.804,52.829,52.813,52.812,52.836,52.85,51.777
magnitude_db,9.92,52.055,52.032,51.886,54.028,51.693,51.621,51.62,52.46,52.547,52.548,52.621,52.689,52.779,52.796,52.788,52.802,52.81,52.814,52.813,52.817,52.837,52.836,51.777
magnitude_db,9.94,52.059,52.041,51.897,53.839,51.696,51.623,51.63,52.471,52.554,52.552,52.624,52.682,52.77,52.783,52.787,52.81,52.836,52.813,52.795,52.804,52.821,52.81,51.777
magnitude_db,9.96,52.055,52.021,51.908,53.37,51.684,51.608,51.644,52.466,52.544,52.561,52.624,52.691,52.776,52.773,52.792,52.812,52.829,52.816,52.796,52.811,52.836,52.814,51.777
magnitude_db,9.98,52.054,52.018,51.904,53.378,51.683,51.605,51.643,52.452,52.55,52.561,52.625,52.685,52.767,52.781,52.795,52.826,52.807,52.806,52.79,52.817,52.834,52.833,51.777
magnitude_db,10.0,52.047,52.026,51.899,53.181,51.689,51.606,51.634,52.461,52.542,52.565,52.646,52.682,52.757,52.78,52.798,52.806,52.812,52.803,52.809,52.817,52.838,52.833,51.777
magnitude_db,10.02,52.049,52.025,51.905,53.853,51.699,51.609,51.641,52.465,52.541,52.548,52.624,52.681,52.761,52.77,52.809,52.797,52.795,52.799,52.819,52.811,52.833,52.82,51.777
magnitude_db,10.040000000000001,52.037,52.018,51.894,53.703,51.678,51.609,51.634,52.47,52.547,52.546,52.624,52.686,52.769,52.775,52.811,52.797,52.807,52.81,52.812,52.815,52.83,52.824,51.776
magnitude_db,10.06,52.042,52.013,51.889,53.406,51.688,51.605,51.634,52.45,52.548,52.552,52.62,52.678,52.765,52.78,52.812,52.814,52.808,52.806,52.809,52.818,52.82,52.816,51.776
magnitude_db,10.08,52.04,52.011,51.894,53.676,51.67,51.603,51.637,52.449,52.537,52.558,52.623,52.683,52.768,52.797,52.821,52.812,52.805,52.806,52.795,52.808,52.831,52.824,51.776
magnitude_db,10.1,52.042,52.014,51.89,53.509,51.675,51.601,51.633,52.457,52.543,52.553,52.636,52.682,52.769,52.795,52.81,52.797,52.824,52.806,52.791,52.804,52.829,52.811,51.776
magnitude_db,10.120000000000001,52.042,52.021,51.889,53.422,51.677,51.607,51.634,52.445,52.545,52.553,52.633,52.676,52.763,52.794,52.798,52.794,52.828,52.803,52.774,52.798,52.837,52.811,51.776
magnitude_db,10.14,52.037,52.019,51.889,53.959,51.678,51.611,51.633,52.44,52.525,52.558,52.646,52.661,52.771,52.805,52.787,52.8,52.812,52.809,52.78,52.807,52.817,52.814,51.776
magnitude_db,10.16,52.039,52.012,51.895,54.056,51.676,51.604,51.64,52.445,52.526,52.552,52.638,52.685,52.775,52.785,52.779,52.8,52.804,52.8,52.773,52.808,52.818,52.796,51.776
magnitude_db,10.18,52.051,52.001,51.894,53.83,51.685,51.594,51.635,52.451,52.533,52.545,52.626,52.683,52.758,52.78,52.766,52.815,52.791,52.789,52.79,52.815,52.815,52.813,51.776
magnitude_db,10.200000000000001,52.047,52.01,51.898,53.859,51.68,51.609,51.635,52.443,52.53,52.554,52.62,52.674,52.75,52.785,52.778,52.816,52.792,52.799,52.802,52.795,52.817,52.828,51.776
magnitude_db,10.22,52.039,52.014,51.902,53.867,51.683,51.61,51.637,52.438,52.548,52.564,52.616,52.68,52.759,52.788,52.783,52.804,52.802,52.796,52.81,52.779,52.821,52.837,51.776
magnitude_db,10.24,52.039,52.007,51.894,53.186,51.674,51.597,51.628,52.433,52.558,52.555,52.623,52.688,52.765,52.783,52.783,52.801,52.808,52.812,52.788,52.796,52.826,52.823,51.776
magnitude_db,10.26,52.034,52.003,51.893,53.439,51.656,51.595,51.633,52.442,52.543,52.557,52.622,52.679,52.775,52.783,52.786,52.804,52.806,52.815,52.787,52.813,52.829,52.797,51.776
magnitude_db,10.28,52.041,52.002,51.894,53.188,51.67,51.599,51.635,52.432,52.547,52.551,52.611,52.67,52.783,52.779,52.775,52.808,52.799,52.8,52.783,52.801,52.825,52.801,51.776
magnitude_db,10.3,52.043,52.001,51.888,52.72,51.683,51.6,51.631,52.435,52.549,52.546,52.624,52.662,52.764,52.772,52.774,52.812,52.792,52.781,52.775,52.793,52.823,52.817,51.776
magnitude_db,10.32,52.037,52.005,51.89,53.264,51.678,51.601,51.632,52.428,52.539,52.531,52.626,52.668,52.748,52.76,52.788,52.8,52.794,52.796,52.784,52.801,52.812,52.813,51.775
magnitude_db,10.34,52.045,52.011,51.883,53.489,51.682,51.603,51.63,52.435,52.525,52.521,52.619,52.674,52.743,52.771,52.784,52.783,52.789,52.809,52.805,52.8,52.805,52.803,51.775
magnitude_db,10.36,52.042,52.004,51.887,53.068,51.688,51.598,51.63,52.448,52.529,52.526,52.632,52.666,52.745,52.767,52.777,52.782,52.792,52.8,52.791,52.79,52.824,52.818,51.775
magnitude_db,10.38,52.039,52.001,51.893,53.313,51.685,51.596,51.635,52.436,52.531,52.54,52.646,52.661,52.753,52.779,52.774,52.781,52.805,52.796,52.774,52.789,52.811,52.797,51.775
magnitude_db,10.4,52.043,51.999,51.898,53.538,51.691,51.594,51.638,52.44,52.541,52.531,52.618,52.673,52.759,52.769,52.764,52.784,52.803,52.796,52.776,52.792,52.806,52.79,51.775
magnitude_db,10.42,52.033,52.005,51.9,53.981,51.675,51.597,51.637,52.449,52.542,52.536,52.621,52.67,52.74,52.768,52.776,52.795,52.785,52.786,52.763,52.799,52.818,52.784,51.775
magnitude_db,10.44,52.035,52.001,51.894,53.48,51.674,51.598,51.627,52.435,52.537,52.539,52.616,52.644,52.747,52.763,52.776,52.793,52.78,52.791,52.773,52.802,52.829,52.794,51.775
magnitude_db,10.46,52.043,52.001,51.88,53.211,51.682,51.595,51.618,52.437,52.52,52.523,52.611,52.661,52.756,52.752,52.78,52.793,52.789,52.778,52.773,52.787,52.812,52.809,51.775
magnitude_db,10.48,52.037,51.999,51.882,53.274,51.684,51.592,51.62,52.446,52.522,52.544,52.631,52.653,52.741,52.762,52.784,52.789,52.797,52.768,52.77,52.781,52.807,52.813,51.775
magnitude_db,10.5,52.036,52.005,51.884,52.992,51.681,51.602,51.622,52.437,52.524,52.546,52.632,52.647,52.746,52.761,52.773,52.789,52.801,52.774,52.773,52.781,52.815,52.818,51.775
magnitude_db,10.52,52.028,52.002,51.878,52.71,51.691,51.597,51.62,52.438,52.517,52.532,52.628,52.655,52.747,52.767,52.774,52.77,52.786,52.784,52.783,52.773,52.834,52.799,51.775
magnitude_db,10.540000000000001,52.035,52.001,51.88,52.92,51.677,51.599,51.624,52.432,52.511,52.528,52.615,52.652,52.742,52.766,52.769,52.771,52.791,52.773,52.765,52.776,52.822,52.798,51.775
magnitude_db,10.56,52.039,52.005,51.887,53.361,51.692,51.603,51.63,52.417,52.516,52.53,52.624,52.645,52.754,52.783,52.77,52.772,52.787,52.787,52.761,52.767,52.823,52.798,51.775
magnitude_db,10.58,52.04,52.003,51.888,53.004,51.681,51.6,51.624,52.422,52.511,52.538,52.63,52.633,52.746,52.772,52.764,52.774,52.784,52.79,52.78,52.775,52.806,52.802,51.775
magnitude_db,10.6,52.033,51.996,51.886,53.255,51.686,51.588,51.623,52.443,52.505,52.555,52.625,52.642,52.745,52.757,52.77,52.777,52.789,52.78,52.777,52.787,52.808,52.789,51.775
magnitude_db,10.620000000000001,52.043,51.995,51.879,53.436,51.694,51.59,51.619,52.44,52.523,52.551,52.611,52.645,52.735,52.757,52.761,52.771,52.784,52.781,52.757,52.786,52.815,52.783,51.775
magnitude_db,10.64,52.034,51.999,51.885,53.435,51.677,51.6,51.62,52.434,52.524,52.526,52.601,52.645,52.743,52.752,52.762,52.758,52.771,52.782,52.766,52.779,52.815,52.8,51.774
magnitude_db,10.66,52.03,51.988,51.876,53.358,51.674,51.592,51.616,52.434,52.508,52.521,52.601,52.644,52.748,52.758,52.78,52.768,52.774,52.786,52.77,52.766,52.796,52.803,51.774
magnitude_db,10.68,52.029,51.986,51.876,53.639,51.673,51.581,51.617,52.442,52.504,52.545,52.605,52.648,52.754,52.772,52.778,52.776,52.773,52.783,52.766,52.779,52.803,52.792,51.774
magnitude_db,10.700000000000001,52.028,51.996,51.886,53.139,51.664,51.59,51.622,52.427,52.524,52.517,52.605,52.641,52.748,52.77,52.768,52.781,52.77,52.771,52.771,52.797,52.8,52.785,51.774
magnitude_db,10.72,52.021,52.001,51.886,53.745,51.64,51.596,51.622,52.422,52.511,52.508,52.613,52.642,52.745,52.765,52.763,52.763,52.779,52.776,52.773,52.764,52.796,52.791,51.774
magnitude_db,10.74,52.022,51.992,51.877,53.865,51.655,51.588,51.623,52.413,52.51,52.535,52.614,52.644,52.731,52.749,52.762,52.761,52.787,52.767,52.783,52.771,52.793,52.799,51.774
magnitude_db,10.76,52.027,51.985,51.875,53.422,51.672,51.579,51.621,52.412,52.516,52.528,52.6,52.644,52.733,52.743,52.761,52.765,52.792,52.772,52.77,52.777,52.8,52.777,51.774
magnitude_db,10.78,52.025,51.992,51.873,53.542,51.667,51.591,51.611,52.414,52.508,52.521,52.588,52.644,52.739,52.745,52.754,52.762,52.781,52.775,52.786,52.766,52.789,52.786,51.774
magnitude_db,10.8,52.021,52.004,51.879,53.447,51.663,51.597,51.618,52.406,52.514,52.53,52.608,52.633,52.735,52.751,52.751,52.77,52.775,52.776,52.781,52.77,52.779,52.797,51.774
magnitude_db,10.82,52.021,52.006,51.872,53.465,51.659,51.598,51.621,52.421,52.523,52.529,52.598,52.635,52.727,52.758,52.76,52.772,52.755,52.772,52.772,52.773,52.79,52.788,51.774
magnitude_db,10.84,52.033,51.994,51.869,53.064,51.669,51.59,51.612,52.419,52.513,52.516,52.599,52.648,52.738,52.743,52.763,52.787,52.765,52.762,52.759,52.78,52.812,52.792,51.774
magnitude_db,10.86,52.032,51.991,51.868,53.397,51.675,51.583,51.615,52.419,52.511,52.53,52.602,52.657,52.73,52.729,52.758,52.78,52.771,52.771,52.756,52.777,52.788,52.794,51.774
magnitude_db,10.88,52.031,51.992,51.875,54.216,51.673,51.587,51.61,52.425,52.51,52.52,52.598,52.639,52.722,52.744,52.746,52.767,52.768,52.787,52.765,52.775,52.795,52.795,51.774
magnitude_db,10.9,52.023,51.992,51.877,54.017,51.665,51.586,51.609,52.417,52.511,52.512,52.585,52.623,52.701,52.743,52.75,52.772,52.77,52.757,52.752,52.759,52.781,52.789,51.774
magnitude_db,10.92,52.026,51.989,51.875,53.284,51.667,51.582,51.618,52.412,52.503,52.519,52.575,52.639,52.706,52.76,52.755,52.771,52.764,52.76,52.757,52.77,52.788,52.791,51.774
magnitude_db,10.94,52.034,51.985,51.87,53.568,51.677,51.583,51.615,52.422,52.49,52.521,52.606,52.64,52.722,52.759,52.736,52.764,52.773,52.762,52.754,52.774,52.794,52.782,51.774
magnitude_db,10.96,52.034,51.979,51.875,53.865,51.667,51.573,51.613,52.43,52.499,52.522,52.607,52.618,52.736,52.747,52.741,52.751,52.755,52.762,52.757,52.774,52.785,52.773,51.773
magnitude_db,10.98,52.021,51.983,51.872,53.759,51.661,51.583,51.621,52.415,52.507,52.534,52.584,52.623,52.729,52.742,52.745,52.751,52.759,52.763,52.766,52.764,52.777,52.761,51.773
magnitude_db,11.0,52.006,51.985,51.864,53.721,51.659,51.588,51.619,52.413,52.507,52.526,52.57,52.623,52.726,52.727,52.751,52.758,52.772,52.779,52.75,52.752,52.782,52.762,51.773
magnitude_db,11.02,52.017,51.981,51.866,53.625,51.665,51.584,51.614,52.403,52.507,52.519,52.609,52.613,52.73,52.728,52.754,52.766,52.77,52.77,52.744,52.761,52.771,52.774,51.773
magnitude_db,11.040000000000001,52.017,51.991,51.876,53.163,51.656,51.591,51.612,52.411,52.504,52.512,52.609,52.61,52.726,52.751,52.734,52.767,52.77,52.755,52.738,52.755,52.786,52.771,51.773
magnitude_db,11.06,52.008,51.983,51.871,53.577,51.646,51.581,51.609,52.419,52.51,52.516,52.591,52.631,52.74,52.758,52.751,52.753,52.757,52.76,52.743,52.752,52.789,52.78,51.773
magnitude_db,11.08,52.017,51.986,51.869,53.543,51.652,51.586,51.615,52.412,52.509,52.517,52.572,52.638,52.729,52.744,52.771,52.764,52.752,52.75,52.748,52.754,52.768,52.794,51.773
magnitude_db,11.1,52.029,51.993,51.856,53.198,51.676,51.589,51.615,52.408,52.498,52.5,52.571,52.61,52.707,52.738,52.762,52.751,52.747,52.748,52.745,52.772,52.777,52.796,51.773
magnitude_db,11.120000000000001,52.016,51.985,51.863,53.249,51.656,51.582,51.614,52.418,52.504,52.497,52.587,52.621,52.702,52.727,52.738,52.748,52.764,52.758,52.738,52.776,52.774,52.791,51.773
magnitude_db,11.14,52.016,51.98,51.868,53.048,51.658,51.583,51.615,52.414,52.517,52.5,52.597,52.628,52.703,52.722,52.737,52.758,52.755,52.764,52.75,52.755,52.77,52.774,51.773
magnitude_db,11.16,52.017,51.977,51.869,52.668,51.658,51.582,51.613,52.396,52.508,52.506,52.594,52.623,52.698,52.732,52.728,52.773,52.757,52.752,52.756,52.756,52.769,52.768,51.773
magnitude_db,11.18,52.012,51.985,51.866,52.667,51.659,51.579,51.6,52.401,52.5,52.508,52.583,52.625,52.712,52.732,52.727,52.765,52.754,52.742,52.75,52.755,52.774,52.773,51.773
magnitude_db,11.200000000000001,52.015,51.979,51.861,53.154,51.663,51.572,51.598,52.404,52.499,52.509,52.59,52.616,52.722,52.717,52.725,52.74,52.772,52.749,52.744,52.752,52.768,52.767,51.773
magnitude_db,11.22,52.013,51.962,51.871,53.455,51.659,51.562,51.611,52.399,52.498,52.505,52.59,52.619,52.699,52.719,52.73,52.747,52.765,52.759,52.743,52.755,52.766,52.769,51.773
magnitude_db,11.24,52.009,51.969,51.868,53.288,51.66,51.571,51.614,52.4,52.498,52.492,52.592,52.613,52.691,52.74,52.729,52.753,52.747,52.755,52.743,52.752,52.773,52.759,51.773
magnitude_db,11.26,52.02,51.984,51.865,53.416,51.666,51.581,51.61,52.414,52.48,52.481,52.579,52.603,52.695,52.725,52.732,52.757,52.751,52.742,52.73,52.752,52.778,52.767,51.773
magnitude_db,11.28,52.005,51.977,51.861,53.358,51.649,51.585,51.615,52.391,52.482,52.495,52.584,52.593,52.712,52.7,52.732,52.755,52.734,52.775,52.733,52.75,52.773,52.766,51.773
magnitude_db,11.3,52.006,51.973,51.866,53.535,51.648,51.573,51.619,52.392,52.484,52.518,52.59,52.61,52.71,52.71,52.738,52.76,52.742,52.745,52.739,52.747,52.77,52.758,51.773
magnitude_db,11.32,52.01,51.979,51.86,53.245,51.664,51.58,51.604,52.401,52.485,52.515,52.578,52.624,52.691,52.713,52.732,52.755,52.741,52.741,52.733,52.731,52.764,52.764,51.773
magnitude_db,11.34,52.007,51.983,51.863,52.965,51.665,51.581,51.6,52.407,52.472,52.507,52.582,52.615,52.689,52.731,52.732,52.735,52.763,52.738,52.729,52.731,52.759,52.767,51.772
magnitude_db,11.36,52.002,51.974,51.861,53.134,51.654,51.579,51.605,52.404,52.483,52.501,52.585,52.606,52.683,52.733,52.724,52.764,52.763,52.719,52.73,52.732,52.77,52.759,51.772
magnitude_db,11.38,51.994,51.981,51.867,53.498,51.653,51.586,51.608,52.394,52.48,52.49,52.59,52.606,52.701,52.714,52.722,52.77,52.758,52.72,52.741,52.728,52.779,52.761,51.772
magnitude_db,11.4,52.005,51.976,51.856,54.015,51.648,51.579,51.601,52.391,52.467,52.489,52.567,52.617,52.703,52.689,52.723,52.733,52.759,52.732,52.737,52.732,52.764,52.742,51.772
magnitude_db,11.42,51.997,51.97,51.849,53.741,51.636,51.578,51.597,52.392,52.487,52.494,52.559,52.612,52.696,52.697,52.725,52.732,52.748,52.761,52.725,52.741,52.765,52.731,51.772
magnitude_db,11.44,51.994,51.974,51.852,53.324,51.636,51.575,51.598,52.384,52.484,52.492,52.575,52.615,52.687,52.696,52.727,52.728,52.729,52.762,52.708,52.742,52.766,52.737,51.772
magnitude_db,11.46,51.984,51.976,51.852,53.323,51.64,51.581,51.597,52.382,52.477,52.479,52.585,52.619,52.692,52.727,52.728,52.718,52.72,52.749,52.728,52.737,52.762,52.766,51.772
magnitude_db,11.48,51.997,51.975,51.84,53.862,51.654,51.575,51.575,52.39,52.474,52.49,52.571,52.613,52.68,52.723,52.733,52.734,52.742,52.725,52.735,52.719,52.744,52.772,51.772
magnitude_db,11.5,52.013,51.975,51.846,54.045,51.656,51.576,51.595,52.394,52.474,52.489,52.56,52.598,52.698,52.712,52.723,52.723,52.736,52.735,52.728,52.719,52.756,52.762,51.772
magnitude_db,11.52,52.006,51.968,51.849,53.612,51.653,51.568,51.591,52.386,52.465,52.483,52.566,52.592,52.699,52.723,52.719,52.717,52.733,52.736,52.749,52.735,52.759,52.764,51.772
magnitude_db,11.540000000000001,52.0,51.97,51.854,53.381,51.653,51.574,51.596,52.379,52.489,52.475,52.554,52.607,52.693,52.722,52.71,52.729,52.746,52.727,52.735,52.728,52.751,52.759,51.772
magnitude_db,11.56,52.001,51.968,51.86,52.973,51.651,51.567,51.614,52.385,52.468,52.481,52.581,52.609,52.683,52.711,52.713,52.736,52.731,52.74,52.721,52.733,52.751,52.764,51.772
magnitude_db,11.58,51.995,51.967,51.848,53.481,51.642,51.568,51.605,52.392,52.472,52.486,52.572,52.596,52.68,52.689,52.721,52.725,52.724,52.738,52.737,52.725,52.761,52.731,51.772
magnitude_db,11.6,51.994,51.969,51.848,54.196,51.656,51.576,51.594,52.381,52.473,52.483,52.581,52.585,52.678,52.704,52.717,52.723,52.721,52.728,52.732,52.726,52.736,52.74,51.772
magnitude_db,11.620000000000001,51.996,51.964,51.849,53.737,51.652,51.571,51.593,52.373,52.48,52.492,52.563,52.597,52.689,52.7,52.702,52.713,52.738,52.727,52.727,52.734,52.748,52.75,51.772
magnitude_db,11.64,51.984,51.965,51.848,53.373,51.636,51.575,51.595,52.394,52.48,52.489,52.569,52.61,52.707,52.718,52.705,52.713,52.726,52.728,52.712,52.727,52.735,52.752,51.772
magnitude_db,11.66,51.99,51.973,51.841,54.03,51.638,51.573,51.591,52.384,52.464,52.482,52.549,52.611,52.696,52.714,52.718,52.71,52.708,52.735,52.711,52.732,52.727,52.732,51.772
magnitude_db,11.68,51.987,51.964,51.837,53.591,51.655,51.562,51.594,52.385,52.466,52.463,52.562,52.615,52.669,52.685,52.706,52.708,52.701,52.72,52.705,52.727,52.741,52.726,51.772
magnitude_db,11.700000000000001,51.987,51.951,51.841,53.769,51.64,51.55,51.589,52.377,52.476,52.488,52.573,52.6,52.691,52.692,52.697,52.712,52.726,52.712,52.713,52.721,52.741,52.72,51.772
magnitude_db,11.72,51.993,51.944,51.842,53.939,51.639,51.548,51.591,52.378,52.462,52.467,52.552,52.594,52.691,52.703,52.695,52.72,52.731,52.7,52.718,52.728,52.747,52.727,51.772
magnitude_db,11.74,51.998,51.948,51.843,52.97,51.64,51.537,51.592,52.376,52.453,52.468,52.541,52.604,52.667,52.692,52.703,52.721,52.709,52.731,52.718,52.734,52.737,52.716,51.771
magnitude_db,11.76,51.989,51.939,51.844,52.901,51.645,51.54,51.587,52.379,52.477,52.483,52.543,52.601,52.671,52.701,52.712,52.719,52.72,52.722,52.713,52.708,52.73,52.727,51.771
magnitude_db,11.78,51.985,51.941,51.845,52.791,51.644,51.553,51.586,52.372,52.469,52.478,52.564,52.589,52.68,52.709,52.71,52.704,52.715,52.714,52.702,52.703,52.739,52.748,51.771
magnitude_db,11.8,51.983,51.952,51.843,53.295,51.654,51.566,51.585,52.376,52.466,52.468,52.576,52.577,52.673,52.696,52.713,52.703,52.715,52.713,52.7,52.714,52.747,52.734,51.771
magnitude_db,11.82,51.985,51.952,51.839,53.163,51.641,51.557,51.584,52.372,52.458,52.464,52.554,52.58,52.673,52.697,52.695,52.697,52.73,52.713,52.701,52.711,52.728,52.745,51.771
magnitude_db,11.84,51.979,51.954,51.84,53.448,51.63,51.554,51.586,52.373,52.463,52.463,52.542,52.577,52.681,52.693,52.698,52.7,52.69,52.706,52.698,52.716,52.734,52.73,51.771
magnitude_db,11.86,51.978,51.953,51.838,53.946,51.626,51.55,51.581,52.383,52.46,52.469,52.549,52.573,52.684,52.707,52.696,52.697,52.681,52.709,52.691,52.707,52.731,52.721,51.771
magnitude_db,11.88,51.976,51.959,51.834,53.686,51.622,51.563,51.575,52.371,52.443,52.477,52.559,52.591,52.688,52.7,52.701,52.704,52.706,52.7,52.691,52.699,52.727,52.71,51.771
magnitude_db,11.9,51.976,51.954,51.834,53.842,51.632,51.569,51.576,52.364,52.449,52.483,52.542,52.597,52.686,52.682,52.699,52.696,52.717,52.697,52.703,52.693,52.736,52.72,51.771
magnitude_db,11.92,51.982,51.938,51.833,54.095,51.649,51.54,51.576,52.37,52.457,52.487,52.541,52.577,52.678,52.678,52.687,52.704,52.71,52.716,52.688,52.703,52.727,52.727,51.771
magnitude_db,11.94,51.977,51.951,51.835,53.976,51.637,51.555,51.575,52.374,52.446,52.47,52.533,52.581,52.661,52.678,52.688,52.699,52.714,52.73,52.692,52.695,52.736,52.722,51.771
magnitude_db,11.96,51.976,51.951,51.834,53.738,51.631,51.553,51.585,52.382,52.447,52.459,52.53,52.583,52.659,52.694,52.685,52.7,52.719,52.722,52.688,52.695,52.716,52.703,51.771
magnitude_db,11.98,51.975,51.942,51.831,53.805,51.642,51.531,51.593,52.378,52.463,52.463,52.528,52.579,52.665,52.681,52.671,52.7,52.709,52.702,52.686,52.696,52.718,52.708,51.771
magnitude_db,12.0,51.97,51.949,51.838,53.194,51.636,51.538,51.593,52.365,52.462,52.463,52.531,52.582,52.666,52.686,52.678,52.704,52.71,52.703,52.681,52.671,52.74,52.705,51.771
magnitude_db,12.02,51.972,51.952,51.834,53.492,51.618,51.553,51.565,52.357,52.445,52.444,52.518,52.572,52.677,52.697,52.685,52.705,52.719,52.687,52.695,52.691,52.736,52.713,51.771
magnitude_db,12.040000000000001,51.976,51.942,51.817,53.423,51.621,51.552,51.55,52.352,52.439,52.451,52.548,52.559,52.674,52.659,52.684,52.703,52.71,52.687,52.705,52.711,52.734,52.711,51.771
magnitude_db,12.06,51.972,51.933,51.82,53.736,51.631,51.548,51.562,52.373,52.44,52.461,52.549,52.566,52.672,52.667,52.682,52.689,52.683,52.679,52.692,52.704,52.725,52.71,51.771
magnitude_db,12.08,51.967,51.934,51.834,53.697,51.626,51.543,51.576,52.36,52.463,52.459,52.551,52.571,52.679,52.68,52.688,52.679,52.682,52.693,52.699,52.697,52.702,52.719,51.771
magnitude_db,12.1,51.957,51.933,51.829,53.576,51.61,51.554,51.577,52.358,52.445,52.462,52.518,52.572,52.675,52.679,52.695,52.696,52.691,52.708,52.69,52.691,52.712,52.717,51.771
magnitude_db,12.120000000000001,51.953,51.939,51.834,53.422,51.621,51.546,51.58,52.35,52.427,52.451,52.503,52.566,52.655,52.684,52.671,52.697,52.695,52.705,52.685,52.692,52.719,52.722,51.771
magnitude_db,12.14,51.962,51.943,51.834,53.389,51.639,51.553,51.585,52.346,52.445,52.437,52.526,52.558,52.65,52.692,52.664,52.689,52.677,52.699,52.677,52.687,52.718,52.711,51.771
magnitude_db,12.16,51.962,51.937,51.821,53.448,51.625,51.552,51.579,52.368,52.437,52.449,52.543,52.569,52.651,52.688,52.681,52.689,52.684,52.698,52.682,52.682,52.713,52.7,51.771
magnitude_db,12.18,51.962,51.936,51.826,53.985,51.618,51.544,51.586,52.363,52.425,52.451,52.551,52.564,52.65,52.664,52.688,52.684,52.687,52.696,52.671,52.677,52.694,52.704,51.771
magnitude_db,12.200000000000001,51.968,51.934,51.833,53.559,51.621,51.54,51.581,52.342,52.44,52.447,52.513,52.555,52.66,52.666,52.686,52.693,52.696,52.672,52.693,52.684,52.697,52.699,51.77
magnitude_db,12.22,51.959,51.937,51.818,53.339,51.615,51.541,51.583,52.347,52.448,52.441,52.507,52.552,52.677,52.672,52.661,52.692,52.679,52.675,52.678,52.684,52.703,52.708,51.77
magnitude_db,12.24,51.957,51.935,51.817,53.036,51.614,51.544,51.565,52.352,52.444,52.443,52.523,52.566,52.648,52.678,52.671,52.696,52.67,52.692,52.679,52.68,52.709,52.703,51.77
magnitude_db,12.26,51.963,51.939,51.822,53.158,51.625,51.55,51.566,52.353,52.439,52.442,52.523,52.562,52.643,52.668,52.668,52.684,52.677,52.692,52.682,52.688,52.711,52.692,51.77
magnitude_db,12.280000000000001,51.961,51.923,51.812,52.9,51.612,51.535,51.563,52.358,52.417,52.432,52.532,52.546,52.637,52.666,52.661,52.687,52.674,52.692,52.674,52.679,52.7,52.688,51.77
magnitude_db,12.3,51.957,51.923,51.809,53.665,51.617,51.517,51.57,52.347,52.412,52.438,52.522,52.538,52.641,52.673,52.651,52.692,52.665,52.678,52.671,52.675,52.701,52.682,51.77
magnitude_db,12.32,51.959,51.916,51.824,53.907,51.612,51.531,51.581,52.34,52.432,52.444,52.522,52.55,52.639,52.673,52.663,52.679,52.679,52.674,52.676,52.682,52.72,52.685,51.77
magnitude_db,12.34,51.963,51.915,51.821,53.301,51.611,51.535,51.575,52.346,52.434,52.445,52.522,52.556,52.624,52.67,52.672,52.676,52.67,52.671,52.669,52.686,52.706,52.696,51.77
magnitude_db,12.36,51.958,51.918,51.811,52.853,51.601,51.534,51.561,52.346,52.416,52.45,52.516,52.537,52.635,52.639,52.654,52.667,52.674,52.674,52.67,52.679,52.694,52.697,51.77
magnitude_db,12.38,51.956,51.924,51.808,53.021,51.616,51.539,51.563,52.342,52.406,52.447,52.506,52.525,52.639,52.645,52.666,52.681,52.695,52.675,52.664,52.678,52.693,52.709,51.77
magnitude_db,12.4,51.95,51.923,51.807,53.747,51.604,51.544,51.566,52.321,52.431,52.447,52.506,52.525,52.638,52.636,52.673,52.684,52.687,52.678,52.66,52.667,52.701,52.689,51.77
magnitude_db,12.42,51.947,51.924,51.81,53.879,51.595,51.534,51.578,52.328,52.447,52.454,52.506,52.532,52.638,52.644,52.653,52.67,52.68,52.676,52.664,52.665,52.694,52.691,51.77
magnitude_db,12.44,51.945,51.915,51.811,53.011,51.601,51.524,51.566,52.334,52.414,52.426,52.503,52.54,52.632,52.642,52.639,52.668,52.671,52.686,52.67,52.679,52.686,52.687,51.77
magnitude_db,12.46,51.955,51.914,51.806,53.646,51.611,51.532,51.561,52.342,52.41,52.433,52.505,52.544,52.633,52.636,52.66,52.672,52.675,52.679,52.663,52.676,52.692,52.677,51.77
magnitude_db,12.48,51.955,51.912,51.805,53.836,51.602,51.53,51.564,52.343,52.412,52.447,52.512,52.547,52.632,52.639,52.658,52.681,52.676,52.673,52.669,52.676,52.687,52.685,51.77
magnitude_db,12.5,51.956,51.91,51.801,53.476,51.601,51.525,51.562,52.349,52.412,52.443,52.497,52.543,52.618,52.654,52.652,52.66,52.676,52.681,52.65,52.684,52.679,52.689,51.77
magnitude_db,12.52,51.945,51.911,51.805,54.158,51.628,51.518,51.553,52.349,52.409,52.433,52.496,52.547,52.651,52.646,52.663,52.654,52.679,52.668,52.652,52.679,52.679,52.691,51.77
magnitude_db,12.540000000000001,51.94,51.909,51.809,53.61,51.615,51.524,51.553,52.335,52.411,52.431,52.488,52.548,52.639,52.641,52.654,52.648,52.682,52.64,52.666,52.663,52.681,52.703,51.77
magnitude_db,12.56,51.951,51.905,51.8,52.99,51.594,51.519,51.546,52.328,52.401,52.414,52.484,52.554,52.621,52.668,52.651,52.662,52.655,52.667,52.677,52.656,52.678,52.698,51.77
magnitude_db,12.58,51.955,51.909,51.799,53.22,51.623,51.524,51.547,52.324,52.405,52.418,52.482,52.541,52.618,52.634,52.649,52.664,52.664,52.676,52.677,52.657,52.682,52.681,51.77
magnitude_db,12.6,51.952,51.912,51.798,53.473,51.614,51.52,51.56,52.331,52.417,52.436,52.476,52.533,52.615,52.636,52.641,52.656,52.669,52.679,52.668,52.662,52.683,52.691,51.77
magnitude_db,12.620000000000001,51.942,51.914,51.796,53.539,51.593,51.522,51.562,52.33,52.416,52.432,52.478,52.531,52.614,52.64,52.655,52.651,52.656,52.673,52.671,52.654,52.679,52.687,51.77
magnitude_db,12.64,51.925,51.907,51.793,54.014,51.586,51.517,51.544,52.315,52.41,52.425,52.482,52.535,52.628,52.62,52.655,52.654,52.658,52.671,52.668,52.643,52.677,52.687,51.77
magnitude_db,12.66,51.92,51.905,51.795,53.605,51.583,51.513,51.544,52.314,52.422,52.416,52.482,52.539,52.621,52.631,52.649,52.656,52.677,52.661,52.66,52.642,52.69,52.684,51.77
magnitude_db,12.68,51.935,51.902,51.798,53.68,51.6,51.519,51.559,52.321,52.412,52.41,52.481,52.52,52.617,52.644,52.637,52.653,52.68,52.666,52.671,52.652,52.695,52.687,51.77
magnitude_db,12.700000000000001,51.936,51.909,51.804,53.102,51.599,51.531,51.562,52.33,52.408,52.406,52.468,52.544,52.622,52.639,52.636,52.642,52.648,52.664,52.665,52.656,52.689,52.667,51.77
magnitude_db,12.72,51.935,51.904,51.798,53.491,51.6,51.526,51.55,52.328,52.395,52.417,52.476,52.54,52.633,52.636,52.635,52.642,52.65,52.648,52.638,52.662,52.681,52.654,51.769
magnitude_db,12.74,51.934,51.9,51.795,53.414,51.604,51.518,51.536,52.323,52.403,52.429,52.48,52.533,52.625,52.63,52.635,52.642,52.647,52.661,52.639,52.672,52.673,52.668,51.769
magnitude_db,12.76,51.943,51.897,51.784,53.693,51.607,51.509,51.535,52.33,52.406,52.422,52.489,52.535,52.618,52.616,52.645,52.656,52.623,52.655,52.635,52.647,52.673,52.669,51.769
magnitude_db,12.780000000000001,51.949,51.9,51.79,53.278,51.617,51.518,51.54,52.318,52.402,52.412,52.487,52.526,52.613,52.629,52.635,52.648,52.627,52.661,52.634,52.65,52.673,52.667,51.769
magnitude_db,12.8,51.945,51.896,51.797,53.603,51.608,51.516,51.549,52.314,52.404,52.411,52.487,52.529,52.613,52.636,52.644,52.637,52.64,52.668,52.626,52.662,52.672,52.663,51.769
magnitude_db,12.82,51.925,51.891,51.795,53.424,51.589,51.515,51.549,52.306,52.393,52.413,52.485,52.512,52.61,52.645,52.638,52.642,52.652,52.65,52.629,52.631,52.688,52.664,51.769
magnitude_db,12.84,51.918,51.894,51.796,53.67,51.578,51.521,51.54,52.307,52.396,52.404,52.473,52.506,52.613,52.644,52.622,52.647,52.649,52.63,52.638,52.636,52.678,52.665,51.769
magnitude_db,12.86,51.931,51.904,51.801,53.116,51.589,51.528,51.546,52.308,52.4,52.415,52.477,52.506,52.612,52.622,52.62,52.637,52.661,52.631,52.647,52.656,52.66,52.674,51.769
magnitude_db,12.88,51.928,51.91,51.784,53.001,51.588,51.525,51.539,52.308,52.39,52.414,52.484,52.51,52.6,52.611,52.624,52.636,52.649,52.634,52.641,52.646,52.667,52.66,51.769
magnitude_db,12.9,51.922,51.898,51.775,53.361,51.593,51.514,51.542,52.302,52.398,52.398,52.47,52.509,52.604,52.601,52.631,52.642,52.638,52.632,52.629,52.631,52.651,52.649,51.769
magnitude_db,12.92,51.921,51.894,51.777,53.246,51.579,51.506,51.539,52.294,52.385,52.393,52.473,52.514,52.603,52.599,52.633,52.633,52.636,52.63,52.635,52.631,52.646,52.65,51.769
magnitude_db,12.94,51.922,51.891,51.788,53.682,51.578,51.501,51.547,52.304,52.392,52.398,52.472,52.508,52.597,52.609,52.625,52.631,52.635,52.639,52.636,52.648,52.649,52.649,51.769
magnitude_db,12.96,51.931,51.889,51.788,53.776,51.602,51.503,51.534,52.299,52.392,52.398,52.48,52.505,52.606,52.617,52.608,52.641,52.644,52.634,52.626,52.613,52.655,52.65,51.769
magnitude_db,12.98,51.936,51.89,51.791,53.35,51.604,51.504,51.527,52.291,52.394,52.386,52.46,52.504,52.604,52.609,52.603,52.617,52.636,52.632,52.632,52.602,52.655,52.638,51.769
magnitude_db,13.0,51.931,51.89,51.782,53.362,51.597,51.502,51.534,52.3,52.386,52.384,52.447,52.518,52.604,52.611,52.62,52.608,52.623,52.637,52.638,52.625,52.656,52.634,51.769
magnitude_db,13.02,51.927,51.887,51.781,53.674,51.59,51.502,51.547,52.307,52.393,52.402,52.477,52.508,52.61,52.607,52.628,52.611,52.614,52.628,52.63,52.635,52.631,52.637,51.769
magnitude_db,13.040000000000001,51.913,51.895,51.781,53.624,51.576,51.509,51.526,52.289,52.397,52.4,52.47,52.498,52.608,52.602,52.623,52.623,52.623,52.626,52.618,52.638,52.658,52.636,51.769
magnitude_db,13.06,51.911,51.891,51.776,52.94,51.584,51.506,51.527,52.295,52.371,52.401,52.473,52.511,52.598,52.608,52.609,52.64,52.639,52.605,52.613,52.628,52.679,52.652,51.769
magnitude_db,13.08,51.903,51.892,51.776,53.03,51.571,51.509,51.541,52.288,52.36,52.399,52.462,52.512,52.592,52.598,52.617,52.619,52.628,52.616,52.622,52.629,52.681,52.639,51.769
magnitude_db,13.1,51.906,51.879,51.775,53.609,51.584,51.492,51.543,52.295,52.359,52.401,52.454,52.519,52.589,52.609,52.598,52.624,52.616,52.638,52.619,52.611,52.647,52.628,51.769
magnitude_db,13.120000000000001,51.914,51.883,51.779,53.122,51.579,51.498,51.545,52.291,52.378,52.391,52.461,52.495,52.584,52.608,52.586,52.63,52.622,52.621,52.615,52.619,52.644,52.64,51.769
magnitude_db,13.14,51.911,51.895,51.775,53.334,51.574,51.506,51.52,52.283,52.376,52.388,52.468,52.509,52.576,52.601,52.596,52.623,52.633,52.625,52.615,52.618,52.649,52.644,51.769
magnitude_db,13.16,51.91,51.885,51.778,54.135,51.567,51.493,51.521,52.283,52.39,52.383,52.461,52.502,52.581,52.598,52.594,52.612,52.623,52.634,52.607,52.608,52.632,52.636,51.769
magnitude_db,13.18,51.9,51.876,51.765,54.441,51.568,51.496,51.509,52.281,52.381,52.38,52.461,52.503,52.59,52.608,52.607,52.611,52.614,52.632,52.6,52.611,52.644,52.619,51.769
magnitude_db,13.200000000000001,51.898,51.875,51.765,54.337,51.574,51.492,51.524,52.295,52.37,52.374,52.463,52.503,52.596,52.596,52.609,52.599,52.612,52.621,52.602,52.625,52.644,52.626,51.769
magnitude_db,13.22,51.905,51.874,51.766,53.718,51.578,51.489,51.521,52.286,52.379,52.37,52.464,52.507,52.593,52.603,52.603,52.601,52.599,52.626,52.593,52.627,52.632,52.649,51.769
magnitude_db,13.24,51.911,51.871,51.765,52.92,51.574,51.49,51.529,52.276,52.365,52.361,52.443,52.5,52.585,52.593,52.613,52.616,52.61,52.618,52.596,52.613,52.642,52.635,51.769
magnitude_db,13.26,51.899,51.875,51.762,53.887,51.569,51.49,51.528,52.266,52.364,52.36,52.454,52.481,52.58,52.586,52.594,52.623,52.608,52.608,52.603,52.613,52.638,52.624,51.769
magnitude_db,13.280000000000001,51.903,51.878,51.763,53.539,51.558,51.494,51.517,52.266,52.364,52.366,52.45,52.485,52.584,52.59,52.591,52.607,52.615,52.602,52.606,52.622,52.622,52.621,51.769
magnitude_db,13.3,51.905,51.873,51.773,53.555,51.564,51.489,51.518,52.264,52.362,52.39,52.425,52.482,52.564,52.605,52.587,52.61,52.618,52.617,52.586,52.606,52.616,52.616,51.768
magnitude_db,13.32,51.902,51.869,51.775,53.459,51.572,51.485,51.511,52.264,52.372,52.373,52.431,52.482,52.57,52.593,52.572,52.599,52.618,52.609,52.587,52.617,52.634,52.621,51.768
magnitude_db,13.34,51.904,51.868,51.763,53.045,51.564,51.487,51.55,52.27,52.361,52.37,52.436,52.482,52.565,52.587,52.581,52.609,52.603,52.611,52.599,52.61,52.626,52.617,51.768
magnitude_db,13.36,51.902,51.866,51.762,53.149,51.57,51.483,51.515,52.275,52.354,52.369,52.426,52.482,52.549,52.594,52.582,52.601,52.603,52.604,52.594,52.604,52.629,52.62,51.768
magnitude_db,13.38,51.899,51.868,51.763,53.769,51.56,51.486,51.519,52.273,52.366,52.365,52.433,52.484,52.568,52.587,52.586,52.609,52.599,52.622,52.584,52.599,52.623,52.617,51.768
magnitude_db,13.4,51.895,51.865,51.763,53.768,51.559,51.489,51.521,52.254,52.364,52.367,52.425,52.477,52.584,52.571,52.587,52.603,52.597,52.622,52.596,52.586,52.633,52.618,51.768
magnitude_db,13.42,51.886,51.869,51.75,53.534,51.551,51.49,51.507,52.256,52.351,52.358,52.438,52.476,52.56,52.58,52.585,52.589,52.606,52.599,52.597,52.592,52.626,52.62,51.768
magnitude_db,13.44,51.889,51.865,51.738,53.747,51.563,51.483,51.492,52.262,52.344,52.363,52.435,52.478,52.54,52.572,52.601,52.588,52.596,52.592,52.58,52.586,52.621,52.622,51.768
magnitude_db,13.46,51.882,51.862,51.74,53.36,51.548,51.48,51.498,52.259,52.357,52.362,52.425,52.478,52.564,52.563,52.585,52.59,52.591,52.596,52.582,52.591,52.614,52.616,51.768
magnitude_db,13.48,51.889,51.851,51.757,52.842,51.556,51.479,51.513,52.254,52.354,52.357,52.422,52.462,52.565,52.571,52.57,52.582,52.6,52.6,52.583,52.587,52.622,52.605,51.768
magnitude_db,13.5,51.889,51.843,51.753,53.0,51.551,51.466,51.5,52.258,52.36,52.365,52.423,52.456,52.546,52.559,52.562,52.595,52.624,52.599,52.586,52.595,52.617,52.602,51.768
magnitude_db,13.52,51.887,51.852,51.753,53.108,51.556,51.47,51.512,52.27,52.351,52.364,52.416,52.461,52.564,52.562,52.571,52.588,52.606,52.588,52.58,52.596,52.615,52.61,51.768
magnitude_db,13.540000000000001,51.882,51.855,51.756,53.789,51.551,51.47,51.517,52.264,52.344,52.352,52.427,52.463,52.576,52.564,52.579,52.586,52.594,52.579,52.592,52.584,52.605,52.614,51.768
magnitude_db,13.56,51.886,51.858,51.756,53.859,51.55,51.473,51.511,52.249,52.35,52.354,52.419,52.471,52.545,52.564,52.574,52.594,52.607,52.59,52.591,52.601,52.614,52.608,51.768
magnitude_db,13.58,51.889,51.853,51.754,53.763,51.547,51.474,51.495,52.255,52.346,52.34,52.429,52.473,52.538,52.578,52.569,52.591,52.603,52.61,52.585,52.579,52.589,52.604,51.768
magnitude_db,13.6,51.889,51.856,51.741,53.846,51.545,51.473,51.488,52.25,52.324,52.344,52.419,52.475,52.545,52.556,52.563,52.58,52.594,52.597,52.59,52.576,52.598,52.602,51.768
magnitude_db,13.620000000000001,51.888,51.862,51.74,53.691,51.553,51.472,51.504,52.248,52.335,52.352,52.42,52.471,52.55,52.567,52.56,52.586,52.598,52.595,52.601,52.588,52.614,52.603,51.768
magnitude_db,13.64,51.875,51.856,51.736,53.924,51.561,51.472,51.51,52.254,52.333,52.343,52.411,52.463,52.554,52.56,52.553,52.576,52.593,52.598,52.598,52.592,52.61,52.608,51.768
magnitude_db,13.66,51.877,51.844,51.733,53.372,51.556,51.471,51.5,52.251,52.325,52.336,52.412,52.43,52.552,52.553,52.572,52.592,52.582,52.57,52.587,52.594,52.599,52.597,51.768
magnitude_db,13.68,51.877,51.841,51.749,53.494,51.552,51.467,51.501,52.243,52.331,52.342,52.403,52.451,52.55,52.557,52.574,52.58,52.582,52.585,52.579,52.595,52.598,52.611,51.768
magnitude_db,13.700000000000001,51.872,51.848,51.745,53.993,51.534,51.463,51.501,52.231,52.333,52.341,52.402,52.437,52.544,52.554,52.567,52.575,52.587,52.586,52.574,52.576,52.6,52.605,51.768
magnitude_db,13.72,51.873,51.855,51.729,53.552,51.546,51.471,51.479,52.233,52.326,52.337,52.404,52.46,52.53,52.577,52.573,52.577,52.579,52.585,52.576,52.574,52.598,52.597,51.768
magnitude_db,13.74,51.869,51.842,51.731,53.73,51.542,51.469,51.485,52.246,52.334,52.341,52.408,52.47,52.532,52.56,52.574,52.57,52.568,52.582,52.571,52.577,52.59,52.572,51.768
magnitude_db,13.76,51.871,51.841,51.732,53.783,51.541,51.461,51.498,52.234,52.329,52.342,52.41,52.448,52.543,52.558,52.562,52.554,52.578,52.589,52.57,52.579,52.588,52.567,51.768
magnitude_db,13.780000000000001,51.869,51.84,51.736,53.426,51.538,51.457,51.502,52.229,52.325,52.335,52.411,52.455,52.531,52.568,52.546,52.568,52.579,52.591,52.564,52.586,52.599,52.588,51.768
magnitude_db,13.8,51.872,51.833,51.734,53.38,51.543,51.45,51.497,52.243,52.328,52.338,52.408,52.437,52.542,52.561,52.555,52.568,52.589,52.59,52.558,52.574,52.601,52.581,51.768
magnitude_db,13.82,51.867,51.832,51.727,53.975,51.541,51.439,51.478,52.231,52.332,52.357,52.401,52.443,52.535,52.542,52.565,52.566,52.579,52.57,52.565,52.554,52.598,52.587,51.768
magnitude_db,13.84,51.868,51.833,51.722,53.318,51.546,51.444,51.479,52.229,52.315,52.352,52.392,52.462,52.524,52.539,52.559,52.564,52.561,52.569,52.544,52.547,52.585,52.578,51.768
magnitude_db,13.86,51.866,51.838,51.716,53.813,51.531,51.457,51.466,52.232,52.314,52.339,52.41,52.452,52.516,52.542,52.557,52.57,52.563,52.587,52.54,52.556,52.589,52.581,51.768
magnitude_db,13.88,51.858,51.824,51.725,53.852,51.53,51.452,51.473,52.246,52.324,52.331,52.397,52.424,52.527,52.547,52.549,52.562,52.579,52.565,52.533,52.571,52.598,52.589,51.768
magnitude_db,13.9,51.843,51.821,51.719,53.726,51.517,51.447,51.488,52.245,52.313,52.33,52.379,52.428,52.539,52.548,52.557,52.547,52.581,52.56,52.551,52.561,52.593,52.576,51.768
magnitude_db,13.92,51.859,51.826,51.719,54.045,51.521,51.44,51.477,52.227,52.304,52.324,52.398,52.437,52.53,52.551,52.553,52.555,52.562,52.571,52.558,52.57,52.585,52.574,51.768
magnitude_db,13.94,51.869,51.824,51.714,54.183,51.528,51.443,51.468,52.23,52.307,52.312,52.396,52.441,52.514,52.553,52.554,52.55,52.554,52.569,52.553,52.569,52.584,52.569,51.768
magnitude_db,13.96,51.847,51.829,51.711,53.294,51.522,51.448,51.478,52.23,52.309,52.304,52.393,52.441,52.515,52.547,52.538,52.566,52.566,52.561,52.545,52.567,52.579,52.567,51.767
magnitude_db,13.98,51.856,51.828,51.707,52.873,51.536,51.443,51.467,52.223,52.315,52.311,52.4,52.441,52.517,52.552,52.557,52.567,52.564,52.561,52.547,52.568,52.589,52.578,51.767
magnitude_db,14.0,51.854,51.818,51.717,53.623,51.523,51.442,51.485,52.225,52.32,52.332,52.384,52.443,52.52,52.548,52.555,52.548,52.548,52.561,52.532,52.553,52.592,52.581,51.767
magnitude_db,14.02,51.857,51.819,51.726,53.509,51.518,51.442,51.49,52.22,52.312,52.331,52.386,52.42,52.521,52.528,52.566,52.537,52.536,52.562,52.541,52.547,52.575,52.573,51.767
magnitude_db,14.040000000000001,51.846,51.822,51.725,53.212,51.508,51.443,51.483,52.215,52.304,52.302,52.378,52.414,52.51,52.521,52.548,52.543,52.547,52.54,52.552,52.56,52.567,52.574,51.767
magnitude_db,14.06,51.845,51.827,51.723,53.222,51.511,51.447,51.482,52.216,52.309,52.3,52.391,52.434,52.495,52.548,52.55,52.553,52.558,52.522,52.547,52.558,52.566,52.577,51.767
magnitude_db,14.08,51.847,51.837,51.717,52.95,51.517,51.452,51.473,52.221,52.306,52.303,52.398,52.431,52.505,52.556,52.557,52.551,52.549,52.561,52.539,52.558,52.567,52.577,51.767
magnitude_db,14.1,51.839,51.834,51.708,53.184,51.517,51.449,51.469,52.218,52.298,52.304,52.388,52.414,52.51,52.53,52.541,52.536,52.52,52.555,52.552,52.566,52.556,52.569,51.767
magnitude_db,14.120000000000001,51.839,51.827,51.712,52.95,51.523,51.454,51.472,52.222,52.282,52.299,52.382,52.426,52.503,52.524,52.534,52.544,52.528,52.555,52.546,52.545,52.569,52.571,51.767
magnitude_db,14.14,51.846,51.826,51.707,53.339,51.511,51.452,51.471,52.206,52.306,52.313,52.374,52.425,52.518,52.535,52.535,52.55,52.53,52.551,52.533,52.536,52.585,52.558,51.767
magnitude_db,14.16,51.844,51.821,51.697,53.733,51.516,51.443,51.47,52.207,52.313,52.323,52.355,52.427,52.515,52.543,52.53,52.544,52.533,52.537,52.547,52.535,52.585,52.56,51.767
magnitude_db,14.18,51.834,51.81,51.696,53.331,51.506,51.436,51.467,52.213,52.307,52.316,52.366,52.429,52.51,52.534,52.526,52.531,52.534,52.528,52.528,52.529,52.578,52.562,51.767
magnitude_db,14.200000000000001,51.84,51.811,51.704,53.555,51.507,51.43,51.473,52.208,52.286,52.308,52.364,52.423,52.491,52.528,52.524,52.523,52.524,52.526,52.523,52.544,52.554,52.549,51.767
magnitude_db,14.22,51.84,51.819,51.706,53.495,51.503,51.446,51.473,52.216,52.295,52.302,52.368,52.415,52.487,52.512,52.529,52.531,52.536,52.532,52.529,52.557,52.553,52.551,51.767
magnitude_db,14.24,51.836,51.811,51.699,53.493,51.506,51.444,51.469,52.198,52.29,52.297,52.378,52.414,52.493,52.513,52.527,52.521,52.529,52.541,52.52,52.548,52.555,52.566,51.767
magnitude_db,14.26,51.838,51.805,51.689,53.648,51.493,51.434,51.458,52.202,52.292,52.291,52.37,52.419,52.477,52.505,52.504,52.528,52.531,52.558,52.529,52.547,52.554,52.575,51.767
magnitude_db,14.280000000000001,51.836,51.798,51.692,53.805,51.494,51.424,51.456,52.196,52.284,52.292,52.353,52.407,52.498,52.512,52.513,52.535,52.522,52.54,52.521,52.542,52.556,52.561,51.767
magnitude_db,14.3,51.831,51.802,51.689,53.761,51.507,51.425,51.45,52.185,52.275,52.304,52.366,52.408,52.494,52.52,52.507,52.52,52.516,52.53,52.511,52.533,52.578,52.554,51.767
magnitude_db,14.32,51.837,51.807,51.694,53.761,51.51,51.427,51.453,52.178,52.26,52.301,52.357,52.415,52.497,52.511,52.513,52.525,52.525,52.539,52.519,52.533,52.563,52.535,51.767
magnitude_db,14.34,51.838,51.796,51.694,53.734,51.502,51.415,51.458,52.196,52.265,52.29,52.363,52.4,52.488,52.495,52.525,52.524,52.533,52.526,52.526,52.534,52.551,52.553,51.767
magnitude_db,14.36,51.819,51.799,51.694,53.268,51.488,51.419,51.454,52.201,52.279,52.297,52.363,52.388,52.488,52.502,52.514,52.509,52.53,52.537,52.527,52.546,52.549,52.525,51.767
magnitude_db,14.38,51.816,51.795,51.691,53.625,51.486,51.424,51.452,52.193,52.287,52.29,52.369,52.392,52.493,52.494,52.521,52.508,52.527,52.542,52.515,52.534,52.558,52.538,51.767
magnitude_db,14.4,51.816,51.792,51.675,53.584,51.494,51.419,51.441,52.196,52.284,52.276,52.372,52.392,52.497,52.507,52.515,52.525,52.53,52.535,52.512,52.527,52.559,52.543,51.767
magnitude_db,14.42,51.824,51.79,51.679,53.059,51.493,51.413,51.437,52.193,52.283,52.283,52.364,52.4,52.491,52.503,52.514,52.545,52.52,52.532,52.499,52.535,52.555,52.523,51.767
magnitude_db,14.44,51.816,51.784,51.684,53.271,51.48,51.411,51.451,52.191,52.277,52.284,52.371,52.406,52.478,52.494,52.511,52.529,52.527,52.526,52.511,52.518,52.547,52.526,51.767
magnitude_db,14.46,51.811,51.789,51.678,52.813,51.479,51.422,51.442,52.184,52.271,52.285,52.362,52.389,52.478,52.497,52.512,52.538,52.521,52.533,52.516,52.501,52.545,52.541,51.767
magnitude_db,14.48,51.818,51.793,51.684,53.357,51.491,51.418,51.454,52.194,52.266,52.289,52.349,52.395,52.479,52.501,52.498,52.54,52.506,52.524,52.506,52.514,52.552,52.537,51.767
magnitude_db,14.5,51.823,51.789,51.682,53.918,51.493,51.416,51.454,52.195,52.264,52.278,52.349,52.381,52.47,52.496,52.493,52.518,52.511,52.504,52.515,52.503,52.546,52.533,51.767
magnitude_db,14.52,51.817,51.792,51.683,53.673,51.49,51.421,51.457,52.185,52.255,52.281,52.359,52.367,52.47,52.493,52.489,52.512,52.522,52.501,52.534,52.502,52.542,52.526,51.767
magnitude_db,14.540000000000001,51.826,51.79,51.672,54.111,51.497,51.412,51.436,52.182,52.275,52.28,52.36,52.376,52.467,52.484,52.496,52.515,52.53,52.517,52.517,52.513,52.544,52.527,51.767
magnitude_db,14.56,51.826,51.775,51.675,53.183,51.499,51.406,51.433,52.177,52.281,52.262,52.341,52.367,52.478,52.481,52.487,52.514,52.531,52.524,52.501,52.523,52.547,52.522,51.767
magnitude_db,14.58,51.819,51.78,51.673,53.365,51.491,51.404,51.426,52.178,52.274,52.268,52.348,52.381,52.467,52.486,52.477,52.505,52.522,52.516,52.503,52.512,52.535,52.531,51.767
magnitude_db,14.6,51.819,51.788,51.674,53.368,51.492,51.405,51.427,52.18,52.263,52.266,52.348,52.389,52.46,52.483,52.481,52.51,52.511,52.499,52.483,52.499,52.517,52.525,51.767
magnitude_db,14.620000000000001,51.81,51.779,51.679,53.199,51.478,51.411,51.437,52.167,52.259,52.276,52.339,52.396,52.46,52.477,52.485,52.496,52.513,52.5,52.489,52.495,52.523,52.535,51.767
magnitude_db,14.64,51.801,51.78,51.674,53.601,51.48,51.403,51.437,52.166,52.273,52.274,52.346,52.384,52.465,52.471,52.467,52.485,52.5,52.504,52.483,52.492,52.528,52.541,51.767
magnitude_db,14.66,51.801,51.773,51.671,52.909,51.479,51.392,51.432,52.176,52.269,52.262,52.342,52.381,52.455,52.475,52.477,52.482,52.492,52.52,52.486,52.484,52.522,52.528,51.767
magnitude_db,14.68,51.799,51.773,51.665,52.589,51.477,51.395,51.42,52.17,52.263,52.275,52.326,52.377,52.453,52.477,52.483,52.483,52.5,52.516,52.48,52.481,52.52,52.511,51.767
magnitude_db,14.700000000000001,51.785,51.761,51.668,52.98,51.477,51.387,51.425,52.173,52.256,52.276,52.314,52.386,52.451,52.49,52.483,52.502,52.496,52.49,52.503,52.486,52.521,52.51,51.767
magnitude_db,14.72,51.799,51.764,51.67,53.233,51.474,51.391,51.432,52.167,52.253,52.259,52.305,52.374,52.456,52.488,52.503,52.481,52.504,52.487,52.501,52.494,52.527,52.502,51.767
magnitude_db,14.74,51.797,51.763,51.663,53.354,51.469,51.395,51.423,52.159,52.244,52.247,52.319,52.369,52.462,52.483,52.513,52.48,52.507,52.507,52.479,52.505,52.511,52.49,51.766
magnitude_db,14.76,51.791,51.766,51.66,53.163,51.467,51.39,51.418,52.156,52.254,52.248,52.329,52.362,52.451,52.485,52.489,52.502,52.493,52.512,52.479,52.49,52.508,52.505,51.766
magnitude_db,14.780000000000001,51.783,51.762,51.658,53.664,51.461,51.388,51.413,52.152,52.254,52.263,52.329,52.364,52.441,52.47,52.482,52.496,52.49,52.496,52.478,52.501,52.51,52.513,51.766
magnitude_db,14.8,51.787,51.767,51.655,53.28,51.461,51.403,51.413,52.154,52.243,52.262,52.327,52.36,52.454,52.49,52.482,52.484,52.497,52.503,52.489,52.5,52.516,52.512,51.766
magnitude_db,14.82,51.794,51.766,51.646,52.732,51.47,51.406,51.41,52.155,52.231,52.26,52.331,52.361,52.449,52.477,52.476,52.491,52.481,52.488,52.493,52.503,52.52,52.488,51.766
magnitude_db,14.84,51.791,51.772,51.651,52.831,51.474,51.401,51.416,52.153,52.243,52.256,52.323,52.375,52.449,52.463,52.47,52.487,52.476,52.497,52.484,52.482,52.508,52.487,51.766
magnitude_db,14.86,51.784,51.757,51.651,53.807,51.461,51.387,51.412,52.155,52.247,52.258,52.323,52.368,52.443,52.461,52.468,52.474,52.484,52.511,52.476,52.483,52.504,52.486,51.766
magnitude_db,14.88,51.774,51.751,51.651,53.663,51.455,51.389,51.404,52.153,52.247,52.272,52.326,52.367,52.438,52.467,52.458,52.471,52.492,52.497,52.485,52.483,52.498,52.487,51.766
magnitude_db,14.9,51.783,51.754,51.646,53.246,51.465,51.389,51.397,52.146,52.245,52.254,52.321,52.347,52.443,52.463,52.459,52.465,52.492,52.489,52.487,52.478,52.511,52.501,51.766
magnitude_db,14.92,51.783,51.751,51.648,53.47,51.466,51.381,51.415,52.15,52.24,52.251,52.311,52.355,52.447,52.46,52.464,52.476,52.477,52.488,52.457,52.485,52.509,52.493,51.766
magnitude_db,14.94,51.777,51.744,51.648,53.18,51.453,51.371,51.415,52.152,52.245,52.252,52.32,52.37,52.452,52.458,52.463,52.48,52.48,52.491,52.456,52.471,52.511,52.49,51.766
magnitude_db,14.96,51.775,51.749,51.643,53.216,51.446,51.384,51.406,52.151,52.239,52.238,52.335,52.371,52.45,52.453,52.45,52.475,52.475,52.483,52.464,52.48,52.495,52.485,51.766
magnitude_db,14.98,51.775,51.758,51.641,53.519,51.447,51.391,51.411,52.144,52.228,52.244,52.338,52.367,52.436,52.448,52.464,52.462,52.478,52.467,52.461,52.501,52.489,52.5,51.766
magnitude_db,15.0,51.776,51.764,51.638,53.297,51.444,51.397,51.422,52.147,52.218,52.244,52.322,52.355,52.428,52.431,52.445,52.463,52.466,52.481,52.467,52.475,52.491,52.48,51.766
magnitude_db,15.02,51.772,51.765,51.634,53.39,51.448,51.399,51.407,52.142,52.215,52.23,52.303,52.35,52.45,52.44,52.449,52.482,52.467,52.477,52.462,52.483,52.486,52.467,51.766
magnitude_db,15.040000000000001,51.781,51.753,51.642,53.334,51.469,51.381,51.414,52.143,52.222,52.22,52.305,52.357,52.44,52.437,52.453,52.485,52.493,52.467,52.461,52.475,52.496,52.466,51.766
magnitude_db,15.06,51.779,51.753,51.642,53.671,51.455,51.379,51.405,52.151,52.219,52.235,52.326,52.351,52.425,52.454,52.455,52.468,52.487,52.472,52.464,52.47,52.488,52.473,51.766
magnitude_db,15.08,51.779,51.744,51.639,53.378,51.457,51.37,51.405,52.151,52.213,52.233,52.306,52.344,52.421,52.448,52.448,52.455,52.473,52.472,52.446,52.465,52.481,52.488,51.766
magnitude_db,15.1,51.771,51.741,51.636,53.665,51.454,51.368,51.404,52.159,52.212,52.232,52.304,52.341,52.438,52.44,52.455,52.475,52.475,52.448,52.453,52.473,52.483,52.495,51.766
magnitude_db,15.120000000000001,51.766,51.735,51.632,54.134,51.446,51.363,51.396,52.152,52.207,52.236,52.312,52.343,52.422,52.436,52.463,52.467,52.483,52.45,52.462,52.458,52.487,52.476,51.766
magnitude_db,15.14,51.765,51.735,51.631,53.645,51.44,51.358,51.399,52.152,52.217,52.217,52.303,52.331,52.429,52.439,52.459,52.452,52.468,52.435,52.444,52.447,52.496,52.46,51.766
magnitude_db,15.16,51.768,51.738,51.633,53.433,51.437,51.364,51.398,52.135,52.22,52.226,52.311,52.339,52.438,52.425,52.439,52.457,52.465,52.442,52.456,52.43,52.486,52.48,51.766
magnitude_db,15.18,51.763,51.735,51.634,53.371,51.438,51.359,51.402,52.123,52.215,52.231,52.309,52.344,52.425,52.431,52.447,52.457,52.462,52.459,52.445,52.453,52.475,52.48,51.766
magnitude_db,15.200000000000001,51.755,51.731,51.625,53.249,51.434,51.356,51.41,52.123,52.205,52.221,52.296,52.326,52.418,52.437,52.439,52.451,52.451,52.459,52.434,52.468,52.477,52.474,51.766
magnitude_db,15.22,51.755,51.725,51.615,53.173,51.428,51.351,51.385,52.12,52.192,52.214,52.294,52.336,52.423,52.416,52.436,52.456,52.442,52.466,52.438,52.465,52.479,52.459,51.766
magnitude_db,15.24,51.75,51.725,51.613,53.69,51.42,51.361,51.378,52.121,52.183,52.212,52.287,52.34,52.404,52.424,52.438,52.456,52.462,52.462,52.447,52.449,52.493,52.472,51.766
magnitude_db,15.26,51.744,51.73,51.621,53.302,51.419,51.358,51.384,52.118,52.202,52.221,52.279,52.318,52.407,52.442,52.443,52.449,52.473,52.463,52.459,52.459,52.49,52.451,51.766
magnitude_db,15.280000000000001,51.747,51.722,51.622,53.014,51.42,51.35,51.391,52.128,52.202,52.21,52.278,52.316,52.417,52.435,52.424,52.457,52.453,52.458,52.43,52.443,52.469,52.452,51.766
magnitude_db,15.3,51.742,51.72,51.606,52.927,51.428,51.351,51.384,52.126,52.209,52.214,52.286,52.317,52.413,52.422,52.434,52.453,52.463,52.453,52.433,52.427,52.482,52.461,51.766
magnitude_db,15.32,51.758,51.716,51.609,53.021,51.45,51.356,51.384,52.107,52.19,52.203,52.289,52.318,52.409,52.431,52.435,52.432,52.462,52.459,52.441,52.432,52.481,52.464,51.766
magnitude_db,15.34,51.754,51.716,51.619,53.514,51.436,51.364,51.385,52.118,52.189,52.2,52.282,52.305,52.414,52.435,52.425,52.438,52.443,52.441,52.436,52.437,52.462,52.466,51.766
magnitude_db,15.36,51.749,51.722,51.617,53.8,51.438,51.368,51.38,52.112,52.198,52.211,52.291,52.3,52.426,52.435,52.433,52.443,52.436,52.432,52.431,52.436,52.465,52.452,51.766
magnitude_db,15.38,51.745,51.715,51.615,53.557,51.43,51.353,51.373,52.111,52.195,52.211,52.291,52.32,52.422,52.422,52.434,52.44,52.435,52.451,52.419,52.451,52.477,52.446,51.766
magnitude_db,15.4,51.742,51.712,51.612,53.555,51.428,51.353,51.377,52.113,52.188,52.201,52.277,52.317,52.409,52.426,52.423,52.43,52.439,52.434,52.427,52.449,52.457,52.451,51.766
magnitude_db,15.42,51.736,51.713,51.607,53.325,51.416,51.357,51.37,52.111,52.191,52.208,52.277,52.312,52.405,52.42,52.41,52.433,52.436,52.429,52.426,52.443,52.466,52.447,51.766
magnitude_db,15.44,51.739,51.729,51.601,53.696,51.419,51.369,51.369,52.104,52.192,52.212,52.285,52.327,52.417,52.427,52.419,52.447,52.444,52.419,52.429,52.43,52.483,52.457,51.766
magnitude_db,15.46,51.748,51.724,51.595,53.162,51.427,51.356,51.37,52.1,52.186,52.201,52.27,52.322,52.402,52.425,52.424,52.438,52.442,52.439,52.433,52.443,52.466,52.449,51.766
magnitude_db,15.48,51.738,51.718,51.6,52.766,51.403,51.353,51.365,52.094,52.179,52.19,52.277,52.32,52.392,52.405,52.433,52.425,52.437,52.442,52.428,52.438,52.455,52.439,51.766
magnitude_db,15.5,51.732,51.694,51.592,53.131,51.404,51.331,51.346,52.101,52.183,52.19,52.282,52.303,52.396,52.398,52.413,52.42,52.447,52.45,52.437,52.414,52.447,52.455,51.766
magnitude_db,15.52,51.729,51.696,51.596,53.751,51.406,51.333,51.359,52.103,52.182,52.191,52.283,52.297,52.394,52.401,52.407,52.43,52.444,52.448,52.425,52.396,52.456,52.449,51.766
magnitude_db,15.540000000000001,51.735,51.695,51.594,53.144,51.406,51.334,51.366,52.096,52.185,52.183,52.257,52.294,52.386,52.417,52.416,52.427,52.419,52.445,52.431,52.407,52.455,52.451,51.766
magnitude_db,15.56,51.725,51.695,51.589,52.718,51.403,51.335,51.364,52.097,52.172,52.19,52.254,52.298,52.389,52.412,52.409,52.423,52.424,52.432,52.429,52.43,52.444,52.438,51.766
magnitude_db,15.58,51.735,51.694,51.587,53.292,51.41,51.336,51.357,52.088,52.172,52.177,52.267,52.298,52.396,52.406,52.395,52.433,52.422,52.423,52.419,52.437,52.44,52.425,51.766
magnitude_db,15.6,51.727,51.693,51.593,53.257,51.404,51.337,51.366,52.093,52.169,52.167,52.272,52.288,52.393,52.399,52.39,52.427,52.426,52.426,52.411,52.429,52.434,52.421,51.766
magnitude_db,15.620000000000001,51.723,51.687,51.6,52.713,51.4,51.325,51.364,52.105,52.169,52.163,52.245,52.286,52.39,52.403,52.405,52.435,52.429,52.429,52.407,52.417,52.432,52.436,51.766
magnitude_db,15.64,51.717,51.699,51.599,52.673,51.404,51.332,51.377,52.103,52.172,52.174,52.242,52.284,52.383,52.401,52.412,52.407,52.403,52.412,52.409,52.428,52.439,52.432,51.766
magnitude_db,15.66,51.719,51.702,51.59,52.822,51.408,51.338,51.373,52.085,52.172,52.182,52.248,52.295,52.366,52.407,52.424,52.4,52.413,52.421,52.407,52.425,52.433,52.425,51.765
magnitude_db,15.68,51.723,51.688,51.588,52.93,51.403,51.324,51.355,52.083,52.17,52.19,52.245,52.304,52.367,52.406,52.407,52.421,52.43,52.42,52.399,52.435,52.431,52.429,51.765
magnitude_db,15.700000000000001,51.718,51.679,51.588,53.556,51.397,51.314,51.355,52.079,52.178,52.187,52.245,52.293,52.358,52.39,52.408,52.418,52.424,52.415,52.411,52.421,52.44,52.424,51.765
magnitude_db,15.72,51.716,51.679,51.581,53.931,51.397,51.313,51.348,52.088,52.172,52.181,52.257,52.288,52.376,52.401,52.403,52.406,52.413,52.414,52.429,52.409,52.441,52.431,51.765
magnitude_db,15.74,51.714,51.684,51.584,53.309,51.405,51.319,51.344,52.09,52.162,52.181,52.248,52.291,52.377,52.406,52.401,52.408,52.415,52.406,52.428,52.409,52.437,52.415,51.765
magnitude_db,15.76,51.721,51.677,51.586,53.073,51.402,51.319,51.349,52.081,52.157,52.165,52.241,52.295,52.365,52.398,52.384,52.396,52.415,52.401,52.392,52.401,52.437,52.421,51.765
magnitude_db,15.780000000000001,51.723,51.688,51.574,52.707,51.401,51.327,51.343,52.08,52.16,52.165,52.239,52.29,52.371,52.388,52.381,52.399,52.416,52.395,52.387,52.395,52.434,52.435,51.765
magnitude_db,15.8,51.721,51.685,51.567,52.695,51.4,51.324,51.33,52.073,52.161,52.171,52.233,52.288,52.369,52.379,52.392,52.4,52.406,52.394,52.39,52.409,52.414,52.437,51.765
magnitude_db,15.82,51.721,51.675,51.572,52.926,51.403,51.31,51.343,52.074,52.15,52.176,52.232,52.29,52.364,52.382,52.381,52.392,52.409,52.389,52.387,52.41,52.429,52.435,51.765
magnitude_db,15.84,51.705,51.679,51.574,53.381,51.386,51.319,51.351,52.068,52.156,52.174,52.239,52.283,52.365,52.38,52.378,52.408,52.401,52.385,52.392,52.39,52.439,52.425,51.765
magnitude_db,15.860000000000001,51.685,51.686,51.576,53.087,51.374,51.313,51.342,52.074,52.152,52.169,52.241,52.287,52.375,52.367,52.371,52.405,52.405,52.388,52.394,52.393,52.432,52.413,51.765
magnitude_db,15.88,51.69,51.686,51.577,52.879,51.383,51.308,51.342,52.083,52.156,52.161,52.232,52.286,52.376,52.367,52.388,52.401,52.4,52.392,52.401,52.395,52.43,52.406,51.765
magnitude_db,15.9,51.698,51.67,51.572,52.709,51.383,51.314,51.336,52.07,52.152,52.16,52.227,52.276,52.371,52.373,52.38,52.393,52.395,52.398,52.416,52.392,52.43,52.412,51.765
magnitude_db,15.92,51.696,51.668,51.567,53.644,51.386,51.313,51.33,52.064,52.142,52.162,52.223,52.282,52.341,52.387,52.38,52.391,52.384,52.397,52.387,52.382,52.427,52.409,51.765
magnitude_db,15.94,51.689,51.673,51.568,53.516,51.376,51.302,51.333,52.043,52.145,52.163,52.233,52.278,52.347,52.374,52.368,52.396,52.379,52.387,52.379,52.398,52.429,52.412,51.765
magnitude_db,15.96,51.689,51.672,51.565,52.762,51.369,51.309,51.334,52.043,52.152,52.153,52.224,52.268,52.361,52.375,52.372,52.391,52.384,52.385,52.398,52.403,52.428,52.396,51.765
magnitude_db,15.98,51.692,51.667,51.561,52.645,51.375,51.3,51.326,52.047,52.143,52.148,52.211,52.274,52.359,52.38,52.377,52.389,52.373,52.404,52.375,52.388,52.404,52.396,51.765
magnitude_db,16.0,51.695,51.664,51.549,53.061,51.374,51.296,51.318,52.043,52.128,52.163,52.217,52.251,52.347,52.358,52.371,52.381,52.367,52.403,52.359,52.396,52.395,52.386,51.765
phase_deg,0.04,178.722,178.187,176.714,-179.578,178.839,178.246,175.443,176.117,171.517,177.573,-179.857,175.592,175.294,174.87,176.038,176.842,175.159,177.412,178.836,177.003,175.904,179.319,177.14
phase_deg,0.06,176.044,175.631,175.884,177.279,176.171,175.77,175.983,176.996,174.174,175.89,173.496,177.654,174.885,176.56,174.427,172.812,174.762,174.454,173.755,175.881,175.825,177.671,175.706
phase_deg,0.08,173.732,173.28,172.831,177.137,173.881,173.48,172.993,173.785,173.01,173.908,171.726,173.241,174.975,172.754,170.943,172.956,173.318,173.25,171.063,173.813,173.153,172.864,174.267
phase_deg,0.1,170.757,172.074,171.1,176.061,170.937,172.343,171.644,170.973,171.13,171.391,171.55,170.928,170.882,171.153,171.721,172.24,170.536,170.855,171.26,170.554,171.676,172.066,172.822
phase_deg,0.12,169.616,170.283,170.293,174.725,169.825,170.603,170.902,169.318,169.552,169.172,170.324,169.229,169.374,169.954,169.504,169.521,168.851,171.076,168.657,169.044,169.795,170.388,171.368
phase_deg,0.14,168.455,169.189,169.019,174.03,168.715,169.517,169.036,168.387,168.58,167.741,168.486,169.017,167.597,167.772,167.464,167.659,167.525,167.523,168.257,168.45,167.796,169.083,169.904
phase_deg,0.16,167.623,167.572,167.063,174.707,167.874,167.983,167.612,166.977,166.972,165.234,166.39,165.966,165.67,166.603,165.674,166.163,165.391,165.451,165.526,166.003,166.752,166.059,168.429
phase_deg,0.18,165.901,164.884,165.656,171.504,166.185,165.399,165.897,164.313,165.022,164.243,164.733,164.478,164.191,163.951,163.894,164.033,164.111,163.961,165.733,164.389,164.139,163.425,166.941
phase_deg,0.2,163.892,163.954,164.002,172.813,164.279,164.47,164.342,163.157,163.307,163.242,163.046,161.867,161.701,162.979,161.926,162.279,162.794,162.934,162.526,161.725,162.076,162.412,165.439
phase_deg,0.22,163.047,162.122,162.44,172.695,163.45,162.691,162.755,161.122,161.213,162.118,161.648,160.805,160.972,160.127,160.6,160.806,160.882,160.232,160.204,159.956,160.674,160.393,163.92
phase_deg,0.24,160.498,160.258,161.455,171.116,160.934,160.855,161.429,159.089,158.792,159.922,159.18,159.323,158.788,158.484,158.561,158.625,159.091,159.015,158.585,158.853,158.982,158.538,162.383
phase_deg,0.26,158.935,159.533,159.137,169.817,159.353,160.167,159.591,157.907,157.884,157.896,157.433,156.739,156.887,156.505,157.236,157.114,156.517,156.759,157.282,156.696,156.488,157.62,160.828
phase_deg,0.28,157.17,157.864,157.105,169.515,157.584,158.541,157.642,156.248,155.768,156.409,155.788,155.52,154.937,154.796,155.729,155.488,155.128,155.12,154.866,154.976,155.286,155.386,159.252
phase_deg,0.3,155.522,155.69,155.807,168.795,155.963,156.383,156.366,154.71,154.187,154.063,153.209,152.953,153.549,153.372,152.522,153.061,153.189,153.374,152.847,153.342,153.914,153.584,157.655
phase_deg,0.32,153.36,154.068,153.887,167.066,153.843,154.814,154.354,152.908,152.605,152.417,151.815,151.55,150.664,150.904,151.274,151.292,150.508,151.892,151.582,151.76,151.008,151.129,156.034
phase_deg,0.34,151.849,152.075,152.125,167.852,152.364,152.828,152.64,150.982,150.429,151.056,150.128,150.072,149.663,150.293,149.37,149.362,149.53,149.119,149.675,149.469,149.793,149.308,154.39
phase_deg,0.36,150.73,150.512,150.209,162.962,151.277,151.297,150.81,149.313,149.025,148.958,148.013,147.618,148.001,147.456,147.498,147.372,148.082,147.741,147.93,147.569,147.704,147.239,152.72
phase_deg,0.38,148.377,148.531,149.101,164.355,148.969,149.35,149.751,147.302,147.35,147.128,145.908,145.884,145.292,145.711,145.862,145.798,145.678,145.918,145.501,145.497,145.904,145.967,151.024
phase_deg,0.4,146.665,146.579,147.187,160.63,147.284,147.406,147.69,145.464,144.636,145.218,144.284,144.228,144.01,143.966,144.12,143.677,144.234,143.948,144.227,144.182,144.279,144.53,149.301
phase_deg,0.42,145.308,144.828,144.971,161.096,145.907,145.685,145.715,143.501,143.378,143.284,142.115,141.909,142.707,142.283,141.31,141.684,141.799,142.003,141.598,141.836,141.741,141.967,147.55
phase_deg,0.44,142.83,143.236,143.424,159.363,143.455,144.091,144.072,141.86,141.584,141.996,140.499,140.157,139.738,140.287,140.162,140.161,140.213,140.3,140.108,140.182,140.077,140.219,145.771
phase_deg,0.46,141.227,141.277,141.077,151.266,141.844,142.164,141.933,139.962,139.564,139.591,138.475,138.24,138.016,137.863,138.209,138.021,137.991,138.865,137.975,138.112,138.06,138.662,143.964
phase_deg,0.48,139.107,139.028,139.436,152.672,139.696,139.935,140.104,138.156,137.546,137.717,136.953,136.019,136.325,136.175,136.25,136.436,136.18,135.802,136.208,136.324,136.237,136.201,142.129
phase_deg,0.5,137.071,137.315,137.723,159.173,137.658,138.227,138.441,136.157,135.678,135.663,134.737,134.297,134.612,134.323,134.071,133.75,134.275,134.263,134.029,133.919,134.093,134.709,140.265
phase_deg,0.52,135.515,135.545,135.977,162.417,136.114,136.434,136.724,133.415,133.947,134.013,132.797,132.453,132.161,132.475,132.679,132.608,132.54,132.403,132.195,132.301,132.512,132.129,138.374
phase_deg,0.54,133.441,133.619,133.46,155.928,134.033,134.517,134.186,132.098,131.486,131.542,130.802,130.734,129.872,130.669,130.304,130.333,130.275,130.6,130.568,130.739,130.082,130.541,136.455
phase_deg,0.56,131.796,131.544,131.741,157.515,132.39,132.448,132.458,130.249,130.186,130.062,129.325,128.451,128.328,128.108,128.252,128.449,128.53,128.542,128.411,128.466,128.65,128.304,134.51
phase_deg,0.58,129.532,129.339,129.803,152.386,130.101,130.195,130.502,128.266,128.113,128.054,126.923,126.238,126.405,126.152,126.295,126.34,126.675,126.285,126.877,126.503,126.385,126.484,132.54
phase_deg,0.6,127.514,127.889,127.669,148.519,128.051,128.746,128.347,126.245,126.291,125.915,124.935,124.657,124.657,124.569,124.297,124.24,124.53,124.522,124.455,124.502,124.95,124.54,130.547
phase_deg,0.62,125.531,125.594,125.787,152.581,126.041,126.408,126.532,124.12,123.864,123.524,122.9,122.426,122.489,122.286,122.676,122.587,122.565,122.74,122.602,122.543,122.313,122.71,128.531
phase_deg,0.64,123.585,123.642,123.67,152.707,124.068,124.415,124.463,122.008,122.021,121.991,121.214,120.088,120.822,120.621,120.545,120.383,120.426,120.764,120.685,120.554,120.88,120.979,126.496
phase_deg,0.66,121.718,121.782,121.632,158.527,122.184,122.505,122.294,120.143,120.103,120.357,118.794,118.794,118.431,118.594,118.349,118.771,118.667,118.594,118.608,118.445,118.508,118.567,124.444
phase_deg,0.68,119.77,119.396,119.089,158.707,120.196,120.07,119.787,118.568,118.438,118.444,117.09,116.395,116.422,116.653,116.987,116.433,116.788,116.545,117.122,116.438,116.982,116.517,122.378
phase_deg,0.7000000000000001,117.516,117.374,117.485,152.28,117.902,117.986,118.113,116.333,116.328,116.019,115.407,114.731,114.268,114.835,114.679,114.725,114.855,115.139,114.921,114.802,114.735,115.238,120.299
phase_deg,0.72,115.153,115.341,115.557,150.627,115.486,115.952,116.119,114.44,114.159,114.221,113.145,113.376,112.882,112.73,112.537,112.822,112.884,113.01,112.655,112.675,112.724,112.76,118.212
phase_deg,0.74,113.519,113.688,113.376,153.738,113.824,114.251,113.998,112.492,111.983,112.672,111.244,110.38,111.14,110.766,111.101,110.815,110.929,110.624,110.692,111.277,110.8,111.307,116.12
phase_deg,0.76,111.322,111.591,111.244,150.376,111.565,112.075,111.748,110.444,110.864,110.705,109.504,108.629,109.047,109.13,109.244,108.894,109.085,109.215,109.079,109.4,109.049,108.855,114.025
phase_deg,0.78,109.526,109.754,109.56,151.909,109.72,110.22,110.061,108.548,108.424,108.686,107.232,107.186,107.161,107.124,106.828,106.864,107.168,107.141,107.53,106.897,107.292,107.545,111.933
phase_deg,0.8,107.464,107.337,107.239,147.701,107.612,107.733,107.774,106.873,106.789,106.225,105.849,105.012,105.227,105.271,105.012,105.472,105.498,105.538,105.522,105.637,105.776,105.572,109.845
phase_deg,0.8200000000000001,105.934,105.568,105.261,136.762,106.027,105.876,105.709,104.551,104.474,104.99,103.495,103.466,103.455,103.574,103.626,103.494,103.711,103.912,103.729,103.47,103.407,103.78,107.767
phase_deg,0.84,103.645,103.819,103.54,147.672,103.663,104.058,103.95,103.0,102.782,102.816,102.063,101.516,101.474,101.713,101.605,101.597,101.486,101.604,101.496,101.184,101.835,101.904,105.701
phase_deg,0.86,101.848,101.838,101.68,152.603,101.818,102.013,102.028,101.31,101.157,101.123,100.144,99.628,99.983,99.79,99.916,100.055,99.887,99.973,99.606,100.181,100.224,100.084,103.65
phase_deg,0.88,100.01,99.977,99.545,152.56,99.939,100.083,99.838,99.23,99.452,99.451,98.195,97.866,98.288,97.962,98.497,98.036,98.288,98.177,98.421,98.194,98.179,98.123,101.619
phase_deg,0.9,98.146,98.024,97.87,153.401,98.035,98.067,98.118,97.874,97.678,97.497,96.641,96.21,96.675,96.426,96.388,96.65,96.443,96.665,96.867,96.626,96.762,96.445,99.611
phase_deg,0.92,96.489,96.104,95.929,144.137,96.298,96.086,96.204,95.711,95.62,95.92,94.84,94.595,94.744,94.868,94.777,94.561,94.591,94.524,95.095,94.97,94.83,95.175,97.627
phase_deg,0.9400000000000001,94.655,94.504,94.479,138.612,94.431,94.445,94.667,93.797,94.046,93.787,93.377,92.975,93.002,93.294,93.028,93.22,93.216,93.091,93.016,93.084,93.446,93.568,95.672
phase_deg,0.96,92.464,92.409,92.395,121.048,92.173,92.276,92.56,92.203,92.377,92.637,91.522,91.502,91.514,91.843,91.443,91.74,91.983,91.571,91.29,91.428,91.546,91.534,93.748
phase_deg,0.98,91.069,90.909,90.49,84.444,90.74,90.698,90.596,90.767,90.91,90.879,89.981,89.71,89.966,90.036,90.233,89.888,89.992,90.144,89.894,89.92,89.92,90.248,91.857
phase_deg,1.0,89.35,89.46,88.833,66.291,88.97,89.195,88.877,89.277,89.315,89.15,88.464,87.723,88.436,88.366,88.022,88.351,88.445,88.535,88.431,88.29,88.599,88.422,90.001
phase_deg,1.02,87.699,87.337,87.386,48.13,87.269,86.961,87.428,87.27,87.583,87.526,86.863,86.312,86.704,86.725,86.836,86.681,86.869,86.776,86.863,86.626,86.836,86.913,88.181
phase_deg,1.04,85.928,86.041,85.601,42.489,85.435,85.607,85.602,86.128,85.888,86.08,85.164,85.171,85.591,85.288,85.243,85.485,85.332,85.538,85.49,85.333,85.419,85.844,86.4
phase_deg,1.06,84.394,84.457,83.693,37.577,83.873,83.995,83.664,84.398,84.876,84.465,83.804,83.586,83.729,83.687,83.958,84.056,83.851,83.944,84.03,84.28,84.013,83.874,84.658
phase_deg,1.08,82.864,82.679,82.4,38.654,82.3,82.173,82.284,82.821,82.76,83.039,82.704,82.35,82.289,82.164,82.488,82.495,82.584,82.559,82.455,82.4,82.571,82.605,82.957
phase_deg,1.1,81.316,81.21,80.619,44.442,80.711,80.67,80.484,81.399,81.638,81.702,81.127,80.621,81.029,81.191,81.157,80.897,80.935,81.158,81.337,81.139,81.522,81.142,81.296
phase_deg,1.12,80.037,79.694,79.553,29.082,79.403,79.079,79.39,80.169,80.22,80.417,79.765,79.532,79.749,79.838,79.703,79.688,79.731,79.72,79.726,79.814,79.446,79.873,79.676
phase_deg,1.1400000000000001,78.407,78.01,77.985,25.57,77.728,77.346,77.834,78.685,78.959,78.731,78.269,78.134,78.301,78.525,78.244,78.533,78.613,78.347,78.618,78.414,78.732,78.471,78.099
phase_deg,1.16,77.159,77.128,76.418,36.606,76.459,76.461,76.175,77.395,77.287,77.445,76.951,76.709,77.184,76.992,76.841,77.161,77.265,77.376,76.983,77.193,77.254,77.193,76.562
phase_deg,1.18,75.766,75.672,75.076,34.456,75.069,74.982,74.843,75.949,76.241,76.132,75.354,75.552,75.454,75.799,75.85,75.773,75.705,75.778,75.698,75.873,75.921,75.961,75.067
phase_deg,1.2,74.186,74.025,73.902,28.148,73.42,73.234,73.637,74.584,74.811,75.118,74.361,74.054,74.583,74.731,74.364,74.531,74.758,74.651,74.715,74.594,74.661,74.788,73.614
phase_deg,1.22,73.022,73.107,72.184,26.761,72.227,72.274,71.864,73.401,73.735,73.775,73.429,73.108,73.262,73.477,73.503,73.492,73.515,73.495,73.542,73.49,73.916,73.685,72.201
phase_deg,1.24,71.9,71.506,71.22,23.695,71.098,70.691,70.93,72.4,72.384,72.058,71.851,71.674,72.094,72.24,72.292,72.343,72.255,72.298,72.322,72.256,72.102,72.3,70.828
phase_deg,1.26,70.672,70.359,69.896,19.337,69.832,69.489,69.483,70.903,71.429,71.119,70.806,70.705,70.806,70.813,70.889,70.925,71.287,70.983,71.112,71.075,71.353,71.222,69.494
phase_deg,1.28,69.352,69.296,68.734,20.159,68.487,68.404,68.321,70.034,69.997,70.327,69.734,69.595,70.01,69.822,69.953,69.997,69.713,69.859,69.919,69.858,70.082,70.068,68.199
phase_deg,1.3,68.126,68.085,67.733,21.226,67.248,67.156,67.359,68.857,69.118,69.15,68.53,68.568,68.9,68.84,68.951,68.925,68.964,69.088,68.722,69.049,69.085,68.926,66.942
phase_deg,1.32,67.07,66.804,66.463,15.113,66.19,65.788,65.993,67.761,67.775,67.847,67.571,67.326,67.891,67.823,67.91,67.755,67.885,67.956,67.829,68.205,68.13,68.007,65.722
phase_deg,1.34,66.096,65.823,65.132,20.977,65.194,64.833,64.735,66.377,66.889,66.662,66.534,66.493,66.851,66.903,66.933,66.725,66.765,66.87,66.818,66.761,66.977,67.174,64.538
phase_deg,1.36,64.969,64.768,64.18,33.131,64.043,63.787,63.706,65.49,65.819,65.827,65.689,65.383,65.649,65.763,65.735,65.889,66.191,65.825,65.869,65.843,65.91,65.765,63.389
phase_deg,1.3800000000000001,63.97,63.627,63.303,21.009,63.019,62.58,62.905,64.655,64.916,64.922,64.651,64.369,64.884,64.746,64.92,64.736,64.875,64.915,64.848,64.836,65.023,64.567,62.274
phase_deg,1.4000000000000001,62.725,62.723,62.321,20.45,61.756,61.684,61.839,63.58,63.768,64.042,63.776,63.529,64.086,63.885,63.748,64.015,63.877,63.919,64.029,63.929,64.168,63.824,61.192
phase_deg,1.42,61.888,61.728,61.473,35.0,60.896,60.665,61.01,62.665,63.045,62.847,62.664,62.591,62.545,62.832,62.852,62.851,62.707,62.981,62.891,63.052,63.142,62.823,60.142
phase_deg,1.44,60.943,60.756,60.071,29.597,59.92,59.681,59.595,61.777,62.121,61.961,61.705,61.592,61.913,61.902,62.07,62.096,62.008,61.957,62.243,61.979,62.139,62.192,59.124
phase_deg,1.46,59.897,59.686,59.242,32.428,58.894,58.616,58.758,60.822,60.827,61.013,60.882,60.648,61.04,61.118,61.15,61.172,61.316,61.421,61.228,61.235,61.289,61.502,58.135
phase_deg,1.48,59.108,58.891,58.218,29.018,58.107,57.838,57.693,59.784,60.083,60.175,59.957,59.843,60.202,60.31,60.115,60.265,60.506,60.224,60.352,60.48,60.508,60.328,57.176
phase_deg,1.5,58.182,58.18,57.381,29.98,57.185,57.067,56.87,58.949,59.295,59.353,59.133,58.908,59.293,59.499,59.476,59.51,59.433,59.408,59.469,59.581,59.614,59.5,56.244
phase_deg,1.52,57.27,57.222,56.73,34.991,56.263,56.076,56.197,58.197,58.344,58.593,58.233,58.201,58.454,58.645,58.553,58.669,58.608,58.837,58.845,58.774,58.618,58.657,55.34
phase_deg,1.54,56.453,56.212,55.853,30.66,55.461,55.065,55.302,57.419,57.723,57.79,57.611,57.439,57.83,57.914,57.934,58.018,57.964,57.802,57.97,57.895,58.059,57.984,54.462
phase_deg,1.56,55.808,55.484,55.049,19.531,54.815,54.363,54.464,56.292,56.741,56.993,56.701,56.619,56.833,57.046,56.982,57.003,57.15,57.082,57.074,57.114,57.34,57.31,53.609
phase_deg,1.58,54.885,54.847,54.074,25.486,53.855,53.735,53.485,55.778,56.012,56.042,55.899,55.85,56.093,56.242,56.269,56.287,56.322,56.366,56.367,56.344,56.353,56.399,52.781
phase_deg,1.6,54.234,53.867,53.524,28.995,53.21,52.699,52.993,55.227,55.161,55.365,55.332,55.076,55.381,55.398,55.624,55.541,55.649,55.497,55.59,55.684,55.706,55.587,51.977
phase_deg,1.62,53.28,53.302,52.882,22.87,52.251,52.122,52.31,54.332,54.605,54.539,54.422,54.403,54.72,54.745,54.738,54.875,54.868,54.865,54.803,55.12,55.069,55.113,51.195
phase_deg,1.6400000000000001,52.695,52.433,51.9,18.199,51.657,51.261,51.332,53.361,53.771,53.804,53.677,53.809,54.1,54.158,54.251,54.206,54.002,54.11,54.139,54.218,54.32,54.235,50.435
phase_deg,1.6600000000000001,51.996,51.837,51.257,22.85,50.975,50.705,50.668,52.91,53.28,53.049,52.989,53.05,53.371,53.324,53.389,53.563,53.549,53.511,53.594,53.607,53.717,53.529,49.696
phase_deg,1.68,51.064,51.007,50.557,20.952,50.066,49.827,49.947,52.184,52.545,52.538,52.4,52.502,52.832,52.621,52.604,53.034,52.742,52.828,52.97,52.627,52.887,52.904,48.978
phase_deg,1.7,50.647,50.339,49.923,21.165,49.623,49.176,49.316,51.501,51.852,51.901,51.833,51.774,52.017,51.988,51.977,52.245,52.177,52.137,52.02,52.201,52.271,52.157,48.279
phase_deg,1.72,49.954,49.756,49.296,20.908,48.896,48.564,48.739,50.793,51.287,51.178,51.191,51.074,51.227,51.564,51.63,51.681,51.498,51.481,51.609,51.599,51.72,51.619,47.599
phase_deg,1.74,49.287,49.108,48.635,18.5,48.272,47.949,48.039,50.318,50.499,50.414,50.35,50.584,50.731,50.872,51.033,50.933,50.889,50.841,50.863,50.762,50.992,51.056,46.938
phase_deg,1.76,48.581,48.434,48.012,15.303,47.588,47.335,47.403,49.701,49.899,49.907,49.861,49.951,50.334,50.315,50.368,50.285,50.232,50.381,50.172,50.29,50.317,50.305,46.294
phase_deg,1.78,47.921,47.838,47.415,17.59,46.931,46.74,46.823,49.002,49.359,49.319,49.228,49.273,49.587,49.628,49.562,49.662,49.72,49.711,49.75,49.638,49.636,49.749,45.667
phase_deg,1.8,47.405,47.259,46.8,21.121,46.403,46.132,46.191,48.425,48.714,48.642,48.738,48.874,48.946,49.185,49.071,49.193,49.075,49.146,49.211,49.157,49.242,49.269,45.056
phase_deg,1.82,46.819,46.76,46.226,19.411,45.774,45.592,45.648,47.822,48.041,48.326,48.166,48.151,48.306,48.51,48.515,48.516,48.603,48.669,48.575,48.539,48.795,48.553,44.462
phase_deg,1.84,46.34,46.215,45.589,19.638,45.309,45.057,44.978,47.187,47.504,47.437,47.501,47.583,47.8,47.905,47.882,48.121,47.977,48.076,48.067,48.077,48.033,48.024,43.882
phase_deg,1.86,45.679,45.599,45.14,20.419,44.675,44.438,44.515,46.674,46.941,47.009,47.049,47.053,47.315,47.455,47.342,47.46,47.343,47.581,47.489,47.611,47.505,47.47,43.317
phase_deg,1.8800000000000001,45.125,45.064,44.58,23.82,44.105,43.959,43.932,46.215,46.26,46.615,46.467,46.56,46.81,46.734,46.862,46.761,46.951,47.091,46.939,46.867,47.047,46.904,42.767
phase_deg,1.9000000000000001,44.714,44.577,44.085,22.49,43.712,43.43,43.477,45.774,45.901,45.865,45.931,46.093,46.258,46.426,46.268,46.331,46.445,46.486,46.478,46.371,46.486,46.38,42.23
phase_deg,1.92,44.144,43.906,43.637,22.683,43.159,42.765,42.973,45.048,45.568,45.537,45.502,45.395,45.83,45.873,45.776,45.946,45.974,45.804,45.886,45.918,46.069,46.051,41.706
phase_deg,1.94,43.645,43.443,42.93,18.8,42.646,42.39,42.346,44.699,44.977,44.977,44.854,44.977,45.3,45.434,45.341,45.476,45.409,45.331,45.37,45.311,45.452,45.43,41.196
phase_deg,1.96,43.211,43.063,42.603,20.828,42.187,41.978,41.966,44.202,44.381,44.389,44.428,44.527,44.874,44.959,44.87,44.921,44.964,44.951,44.878,44.988,45.112,45.099,40.697
phase_deg,1.98,42.76,42.494,42.139,27.662,41.767,41.416,41.551,43.705,43.866,43.974,43.903,44.042,44.224,44.343,44.396,44.433,44.53,44.61,44.392,44.501,44.651,44.596,40.21
phase_deg,2.0,42.206,42.121,41.637,18.574,41.232,41.053,41.027,43.197,43.495,43.508,43.518,43.699,43.955,43.749,43.932,43.962,43.974,44.038,43.956,43.982,44.065,44.113,39.735
phase_deg,2.02,41.795,41.644,41.038,17.447,40.821,40.534,40.443,42.781,42.994,43.169,43.169,43.129,43.455,43.494,43.381,43.412,43.577,43.496,43.57,43.679,43.701,43.702,39.271
phase_deg,2.04,41.356,41.052,40.741,21.263,40.367,39.877,40.129,42.346,42.55,42.713,42.64,42.788,42.845,43.052,42.914,43.006,43.029,43.001,43.096,43.087,43.218,43.052,38.818
phase_deg,2.06,40.973,40.697,40.311,23.86,39.983,39.566,39.695,41.889,42.123,42.048,42.099,42.255,42.421,42.413,42.719,42.673,42.697,42.751,42.627,42.723,42.736,42.682,38.376
phase_deg,2.08,40.41,40.34,39.859,23.445,39.406,39.263,39.271,41.481,41.763,41.693,41.861,41.788,42.144,42.08,42.099,42.376,42.387,42.278,42.226,42.242,42.385,42.188,37.943
phase_deg,2.1,39.933,39.883,39.421,21.181,38.969,38.756,38.816,41.169,41.359,41.248,41.469,41.434,41.78,41.681,41.649,41.904,41.742,41.813,41.802,41.83,41.923,41.762,37.52
phase_deg,2.12,39.642,39.496,39.048,22.29,38.685,38.376,38.436,40.629,40.912,41.003,41.046,41.0,41.242,41.322,41.355,41.198,41.287,41.323,41.298,41.306,41.387,41.522,37.106
phase_deg,2.14,39.205,39.109,38.694,21.327,38.267,38.037,38.091,40.194,40.671,40.416,40.612,40.639,40.873,40.923,41.025,40.897,40.951,40.939,41.079,41.088,40.982,41.032,36.702
phase_deg,2.16,38.843,38.644,38.339,20.425,37.878,37.602,37.699,39.748,40.062,40.14,40.208,40.339,40.373,40.637,40.54,40.635,40.767,40.641,40.582,40.573,40.642,40.581,36.306
phase_deg,2.18,38.502,38.329,37.801,18.324,37.542,37.276,37.225,39.417,39.616,39.734,39.832,39.643,40.044,40.16,40.181,40.062,40.143,40.306,40.061,40.218,40.298,40.242,35.919
phase_deg,2.2,38.038,38.019,37.55,19.622,37.11,36.897,36.959,39.025,39.355,39.272,39.43,39.327,39.862,39.792,39.697,39.798,39.755,39.823,39.697,39.693,39.912,39.836,35.541
phase_deg,2.22,37.684,37.433,37.167,24.222,36.747,36.322,36.586,38.582,38.903,38.882,39.024,39.067,39.399,39.367,39.423,39.34,39.371,39.353,39.45,39.347,39.436,39.47,35.17
phase_deg,2.24,37.196,37.207,36.778,19.62,36.285,36.19,36.202,38.268,38.559,38.526,38.64,38.72,38.929,38.997,39.0,39.123,38.985,39.238,39.121,39.006,39.089,39.145,34.807
phase_deg,2.2600000000000002,36.951,36.852,36.377,15.859,36.046,35.834,35.817,37.997,38.253,38.172,38.223,38.362,38.589,38.606,38.594,38.715,38.742,38.817,38.706,38.66,38.773,38.911,34.452
phase_deg,2.2800000000000002,36.651,36.466,36.056,19.897,35.785,35.495,35.483,37.697,37.851,37.832,37.926,38.204,38.273,38.285,38.234,38.343,38.385,38.323,38.268,38.319,38.482,38.532,34.104
phase_deg,2.3000000000000003,36.201,36.093,35.768,23.935,35.267,35.048,35.191,37.3,37.45,37.49,37.633,37.737,37.886,37.944,37.968,38.082,38.001,38.018,37.975,37.977,38.076,38.174,33.763
phase_deg,2.32,35.98,35.779,35.399,22.036,35.029,34.751,34.844,36.989,37.104,37.193,37.33,37.296,37.569,37.566,37.705,37.609,37.703,37.713,37.676,37.693,37.763,37.75,33.428
phase_deg,2.34,35.748,35.45,35.069,15.349,34.86,34.445,34.47,36.631,36.776,36.77,37.06,37.096,37.165,37.275,37.288,37.317,37.321,37.292,37.394,37.446,37.411,37.317,33.101
phase_deg,2.36,35.381,35.131,34.824,17.666,34.529,34.167,34.226,36.321,36.415,36.544,36.611,36.589,36.945,36.953,37.011,37.003,36.979,36.977,37.02,37.035,37.075,37.042,32.78
phase_deg,2.38,34.862,34.861,34.425,19.841,33.987,33.879,33.911,35.866,36.19,36.254,36.126,36.2,36.582,36.618,36.714,36.734,36.736,36.727,36.596,36.587,36.887,36.842,32.465
phase_deg,2.4,34.684,34.524,34.104,14.968,33.818,33.502,33.58,35.537,35.832,35.855,35.86,35.939,36.094,36.312,36.363,36.417,36.393,36.482,36.278,36.394,36.47,36.535,32.157
phase_deg,2.42,34.447,34.162,33.771,15.141,33.621,33.124,33.202,35.319,35.514,35.497,35.663,35.693,35.845,35.977,36.088,36.109,36.012,36.101,36.075,36.145,36.093,36.082,31.854
phase_deg,2.44,34.107,33.978,33.612,18.987,33.283,32.912,33.092,35.018,35.234,35.179,35.396,35.546,35.644,35.763,35.595,35.624,35.771,35.828,35.666,35.867,35.934,35.821,31.557
phase_deg,2.46,33.703,33.644,33.271,13.416,32.847,32.566,32.745,34.738,35.035,35.07,35.054,35.173,35.405,35.475,35.396,35.381,35.402,35.463,35.471,35.516,35.722,35.511,31.266
phase_deg,2.48,33.52,33.363,33.009,14.99,32.683,32.292,32.436,34.349,34.638,34.731,34.751,34.845,35.018,35.197,35.157,35.179,35.165,35.211,35.176,35.01,35.283,35.321,30.98
phase_deg,2.5,33.173,33.053,32.69,17.853,32.348,32.035,32.14,34.08,34.275,34.407,34.395,34.556,34.68,34.963,34.827,34.962,34.955,34.795,34.902,34.681,35.0,34.95,30.7
phase_deg,2.52,32.946,32.823,32.393,15.936,32.068,31.871,31.849,33.917,34.021,34.074,34.098,34.318,34.5,34.326,34.584,34.641,34.65,34.453,34.642,34.576,34.648,34.599,30.425
phase_deg,2.54,32.57,32.506,32.174,18.04,31.864,31.555,31.652,33.61,33.791,33.805,33.851,33.937,34.252,34.162,34.326,34.313,34.335,34.3,34.424,34.376,34.372,34.323,30.154
phase_deg,2.56,32.358,32.192,31.849,15.749,31.562,31.169,31.353,33.313,33.514,33.676,33.634,33.515,33.951,33.937,34.052,34.004,33.992,34.107,33.991,34.1,34.128,34.164,29.889
phase_deg,2.58,32.037,32.061,31.657,17.641,31.08,30.942,31.111,33.036,33.153,33.31,33.33,33.254,33.732,33.689,33.771,33.678,33.734,33.72,33.702,33.775,33.899,33.778,29.628
phase_deg,2.6,31.821,31.725,31.417,19.647,31.128,30.419,30.837,32.736,32.92,32.977,33.041,33.181,33.395,33.409,33.376,33.541,33.462,33.433,33.461,33.501,33.68,33.58,29.372
phase_deg,2.62,31.533,31.41,31.194,13.87,30.696,30.259,30.649,32.462,32.821,32.655,32.898,32.915,33.224,33.09,33.211,33.178,33.22,33.283,33.357,33.274,33.371,33.236,29.121
phase_deg,2.64,31.302,31.2,30.926,15.759,30.416,30.326,30.335,32.279,32.521,32.422,32.647,32.666,32.943,32.842,32.9,32.959,33.048,32.976,33.004,32.998,32.887,32.959,28.873
phase_deg,2.66,31.034,30.956,30.626,15.401,30.186,30.488,30.001,32.063,32.35,32.216,32.208,32.463,32.597,32.538,32.693,32.718,32.814,32.615,32.804,32.67,32.711,32.74,28.63
phase_deg,2.68,30.837,30.688,30.401,16.782,30.035,30.049,29.89,31.807,32.045,32.066,31.918,32.191,32.413,32.289,32.513,32.347,32.498,32.486,32.431,32.41,32.524,32.311,28.392
phase_deg,2.7,30.591,30.447,30.16,17.796,29.783,29.533,29.749,31.511,31.644,31.705,31.859,31.826,32.186,32.193,32.269,32.199,32.086,32.304,32.19,32.318,32.353,32.213,28.157
phase_deg,2.72,30.365,30.29,29.955,16.911,29.635,29.297,29.53,31.301,31.404,31.525,31.518,31.631,31.885,31.99,32.005,31.983,31.97,31.979,32.103,32.058,32.015,32.04,27.926
phase_deg,2.74,30.121,29.967,29.755,13.777,29.485,28.921,29.313,31.047,31.194,31.263,31.384,31.375,31.643,31.755,31.659,31.632,31.745,31.666,31.863,31.699,31.764,31.784,27.699
phase_deg,2.7600000000000002,29.905,29.875,29.473,13.665,29.162,29.056,29.006,30.729,31.036,31.005,31.121,31.175,31.351,31.513,31.397,31.505,31.527,31.502,31.616,31.527,31.633,31.626,27.476
phase_deg,2.7800000000000002,29.652,29.595,29.281,16.219,28.82,28.53,28.772,30.491,30.807,30.757,30.92,30.977,31.244,31.315,31.383,31.261,31.388,31.266,31.381,31.312,31.42,31.331,27.257
phase_deg,2.8000000000000003,29.417,29.405,29.083,19.239,28.57,28.404,28.495,30.263,30.597,30.672,30.684,30.724,30.967,31.103,31.142,31.111,31.149,31.034,31.07,30.98,31.289,31.128,27.041
phase_deg,2.82,29.253,29.088,28.808,17.742,28.375,28.115,28.303,30.008,30.335,30.368,30.497,30.496,30.74,30.763,30.979,30.872,30.901,30.896,30.893,30.766,30.811,30.934,26.828
phase_deg,2.84,28.953,28.903,28.622,20.785,28.396,28.08,28.173,29.812,30.053,30.04,30.255,30.209,30.388,30.593,30.719,30.68,30.623,30.631,30.564,30.592,30.575,30.667,26.619
phase_deg,2.86,28.82,28.744,28.404,18.307,28.048,27.659,27.942,29.715,29.767,29.935,30.041,29.952,30.259,30.429,30.465,30.404,30.398,30.341,30.386,30.402,30.507,30.419,26.414
phase_deg,2.88,28.663,28.499,28.202,20.627,27.899,27.385,27.751,29.566,29.697,29.667,29.778,29.768,30.018,30.167,30.159,30.071,30.262,30.211,30.238,30.23,30.219,30.12,26.211
phase_deg,2.9,28.397,28.346,28.0,16.184,27.545,27.364,27.566,29.276,29.429,29.427,29.529,29.691,29.92,29.91,29.986,29.887,30.04,30.026,29.988,29.956,29.94,30.058,26.012
phase_deg,2.92,28.204,28.158,27.752,12.563,27.334,27.26,27.297,29.127,29.132,29.373,29.318,29.516,29.81,29.752,29.72,29.667,29.729,29.788,29.741,29.696,29.707,29.903,25.815
phase_deg,2.94,27.961,27.938,27.559,13.842,27.188,27.133,27.082,28.938,29.044,29.092,29.06,29.26,29.618,29.452,29.529,29.518,29.445,29.535,29.557,29.582,29.647,29.64,25.622
phase_deg,2.96,27.804,27.723,27.392,16.549,27.044,26.935,26.912,28.673,28.876,28.94,28.985,28.947,29.282,29.266,29.291,29.345,29.27,29.318,29.283,29.269,29.533,29.401,25.432
phase_deg,2.98,27.604,27.482,27.277,16.027,26.829,26.607,26.787,28.52,28.714,28.719,28.842,28.859,29.077,29.166,29.08,29.175,29.141,29.181,29.141,29.074,29.152,29.197,25.245
phase_deg,3.0,27.431,27.269,27.001,11.898,26.737,26.37,26.455,28.257,28.521,28.51,28.587,28.68,28.899,28.913,28.923,28.945,28.916,28.87,28.957,28.93,28.93,29.079,25.06
phase_deg,3.02,27.321,27.14,26.861,13.36,26.607,26.266,26.357,27.956,28.312,28.408,28.383,28.412,28.65,28.677,28.806,28.785,28.718,28.713,28.754,28.716,28.851,28.86,24.878
phase_deg,3.04,27.143,26.995,26.697,18.203,26.401,26.057,26.215,27.849,28.062,28.281,28.234,28.156,28.472,28.575,28.66,28.58,28.61,28.561,28.55,28.486,28.642,28.66,24.699
phase_deg,3.06,26.897,26.709,26.471,16.311,26.127,25.856,26.023,27.734,27.974,27.944,28.054,27.927,28.365,28.385,28.368,28.408,28.364,28.366,28.424,28.292,28.403,28.421,24.522
phase_deg,3.08,26.682,26.582,26.259,11.645,25.92,25.721,25.789,27.498,27.799,27.772,27.86,27.891,28.172,28.173,28.216,28.244,28.095,28.099,28.325,28.287,28.252,28.31,24.349
phase_deg,3.1,26.552,26.51,26.178,13.923,25.872,25.656,25.708,27.37,27.632,27.608,27.692,27.719,27.901,27.979,28.022,28.038,27.958,28.021,28.225,28.03,28.047,27.993,24.177
phase_deg,3.12,26.354,26.29,26.02,16.529,25.648,25.483,25.593,27.218,27.368,27.532,27.566,27.542,27.715,27.891,27.826,27.87,27.776,27.739,27.846,27.821,27.957,27.711,24.008
phase_deg,3.14,26.138,26.132,25.81,17.247,25.42,25.339,25.376,27.03,27.114,27.197,27.291,27.419,27.586,27.689,27.717,27.66,27.669,27.593,27.581,27.621,27.853,27.685,23.842
phase_deg,3.16,25.988,25.929,25.649,15.253,25.264,25.063,25.18,26.775,26.99,27.065,27.134,27.195,27.356,27.477,27.534,27.551,27.459,27.494,27.456,27.444,27.549,27.608,23.677
phase_deg,3.18,25.854,25.694,25.436,13.567,25.172,24.89,24.95,26.559,26.917,26.95,27.012,26.956,27.242,27.248,27.277,27.154,27.271,27.403,27.301,27.374,27.373,27.38,23.515
phase_deg,3.2,25.752,25.544,25.253,13.954,25.084,24.746,24.809,26.397,26.71,26.675,26.83,26.865,27.137,27.092,27.057,27.092,27.192,27.117,27.169,27.195,27.266,27.156,23.356
phase_deg,3.22,25.528,25.474,25.124,16.72,24.854,24.676,24.679,26.27,26.427,26.428,26.678,26.705,26.943,26.884,26.875,26.954,26.913,26.996,27.03,27.046,27.098,27.043,23.198
phase_deg,3.24,25.399,25.298,24.964,13.392,24.696,24.484,24.538,26.086,26.251,26.323,26.378,26.49,26.724,26.81,26.846,26.787,26.744,26.98,26.857,26.727,26.86,26.874,23.043
phase_deg,3.2600000000000002,25.202,25.115,24.738,9.154,24.518,24.332,24.319,26.035,26.142,26.193,26.213,26.376,26.621,26.635,26.603,26.676,26.663,26.774,26.716,26.561,26.69,26.649,22.89
phase_deg,3.2800000000000002,25.033,24.942,24.582,10.923,24.379,24.222,24.167,25.701,26.031,25.987,26.244,26.326,26.442,26.434,26.384,26.508,26.502,26.553,26.477,26.502,26.554,26.431,22.739
phase_deg,3.3000000000000003,24.838,24.818,24.459,11.768,24.222,24.107,24.04,25.657,25.892,25.948,26.054,26.115,26.171,26.281,26.122,26.28,26.33,26.281,26.338,26.323,26.475,26.317,22.59
phase_deg,3.3200000000000003,24.778,24.677,24.343,14.272,24.126,23.936,23.907,25.61,25.734,25.793,25.756,25.98,26.04,26.127,25.932,26.019,26.138,26.19,26.095,26.352,26.238,26.186,22.443
phase_deg,3.34,24.611,24.541,24.27,14.607,23.964,23.824,23.831,25.304,25.57,25.564,25.581,25.882,26.03,25.964,25.976,25.956,25.983,26.074,25.927,26.052,26.038,25.994,22.298
phase_deg,3.36,24.456,24.375,24.068,13.099,23.807,23.689,23.587,25.09,25.444,25.445,25.453,25.679,25.814,25.818,25.896,25.903,25.816,25.857,25.898,25.873,25.904,25.889,22.154
phase_deg,3.38,24.419,24.137,23.902,15.652,23.755,23.445,23.459,25.011,25.236,25.315,25.44,25.538,25.563,25.581,25.771,25.693,25.673,25.542,25.705,25.864,25.727,25.721,22.013
phase_deg,3.4,24.215,23.991,23.786,17.207,23.534,23.279,23.368,24.91,25.066,25.166,25.175,25.196,25.436,25.489,25.525,25.543,25.56,25.514,25.586,25.581,25.483,25.563,21.873
phase_deg,3.42,23.98,23.934,23.731,15.635,23.331,23.23,23.334,24.797,24.913,25.046,24.982,25.002,25.424,25.344,25.37,25.314,25.348,25.333,25.44,25.472,25.376,25.432,21.736
phase_deg,3.44,23.905,23.81,23.597,15.268,23.274,23.137,23.237,24.603,24.822,24.897,24.908,24.934,25.163,25.161,25.251,25.223,25.234,25.291,25.149,25.244,25.228,25.309,21.6
phase_deg,3.46,23.784,23.762,23.399,13.399,23.107,23.067,22.974,24.473,24.628,24.761,24.812,24.837,24.996,24.985,25.065,25.056,25.182,25.096,24.989,25.094,25.161,25.219,21.466
phase_deg,3.48,23.628,23.521,23.306,13.251,22.948,22.809,22.875,24.377,24.519,24.54,24.645,24.719,24.748,24.771,24.86,24.98,25.047,24.857,24.846,24.952,25.058,24.971,21.333
phase_deg,3.5,23.488,23.44,23.15,13.723,22.854,22.637,22.733,24.195,24.425,24.401,24.532,24.605,24.682,24.729,24.82,24.825,24.818,24.759,24.783,24.859,24.967,24.781,21.202
phase_deg,3.52,23.338,23.149,23.012,12.895,22.689,22.392,22.596,24.178,24.082,24.239,24.363,24.446,24.592,24.548,24.772,24.755,24.697,24.694,24.591,24.707,24.886,24.692,21.073
phase_deg,3.54,23.254,23.108,22.834,14.377,22.6,22.373,22.414,24.023,24.021,24.015,24.165,24.249,24.467,24.523,24.514,24.496,24.577,24.614,24.524,24.614,24.57,24.542,20.945
phase_deg,3.56,23.174,23.055,22.771,12.715,22.557,22.494,22.389,23.881,24.016,23.931,24.038,24.13,24.414,24.456,24.387,24.418,24.476,24.394,24.505,24.327,24.4,24.375,20.819
phase_deg,3.58,22.939,22.868,22.626,10.426,22.326,22.175,22.21,23.634,23.84,23.841,23.91,23.911,24.315,24.26,24.257,24.362,24.271,24.277,24.241,24.313,24.261,24.316,20.695
phase_deg,3.6,22.804,22.778,22.459,11.524,22.206,22.071,22.056,23.538,23.609,23.774,23.793,23.878,24.074,24.111,24.065,24.06,24.079,24.081,24.061,24.092,24.11,24.219,20.572
phase_deg,3.62,22.725,22.687,22.304,14.674,22.124,21.937,21.916,23.441,23.541,23.635,23.611,23.77,23.954,23.932,23.891,24.012,23.991,23.946,23.912,23.802,24.078,23.94,20.45
phase_deg,3.64,22.645,22.462,22.134,13.713,22.018,21.768,21.744,23.416,23.385,23.461,23.517,23.684,23.817,23.834,23.809,23.828,23.927,23.963,23.706,23.772,23.961,23.963,20.33
phase_deg,3.66,22.486,22.362,22.015,15.699,21.857,21.713,21.649,23.218,23.263,23.272,23.455,23.441,23.741,23.747,23.751,23.654,23.719,23.76,23.61,23.695,23.756,23.878,20.212
phase_deg,3.68,22.337,22.275,21.975,12.943,21.705,21.616,21.595,22.982,23.222,23.177,23.359,23.321,23.522,23.525,23.492,23.627,23.544,23.516,23.551,23.6,23.524,23.64,20.095
phase_deg,3.7,22.173,22.263,21.874,9.782,21.574,21.552,21.5,22.883,22.988,23.06,23.269,23.244,23.38,23.41,23.425,23.455,23.319,23.446,23.465,23.555,23.532,23.512,19.979
phase_deg,3.72,22.053,21.982,21.75,9.677,21.463,21.306,21.354,22.81,22.918,22.954,23.06,23.108,23.298,23.4,23.307,23.437,23.295,23.43,23.362,23.483,23.479,23.48,19.864
phase_deg,3.74,21.999,21.894,21.688,11.651,21.442,21.214,21.302,22.655,22.809,22.901,22.88,23.02,23.197,23.197,23.131,23.27,23.251,23.305,23.299,23.201,23.219,23.279,19.751
phase_deg,3.7600000000000002,21.928,21.835,21.667,11.309,21.374,21.153,21.288,22.553,22.721,22.716,22.798,22.841,22.971,23.022,23.107,23.104,23.11,23.12,23.155,23.128,23.12,23.2,19.639
phase_deg,3.7800000000000002,21.79,21.612,21.505,10.601,21.197,20.977,21.147,22.406,22.562,22.499,22.597,22.733,22.855,22.991,22.981,23.011,22.969,22.943,22.89,23.026,22.859,22.943,19.529
phase_deg,3.8000000000000003,21.63,21.491,21.241,11.941,21.078,20.846,20.858,22.222,22.427,22.476,22.562,22.664,22.845,22.845,22.818,22.925,22.724,22.883,22.776,22.933,22.822,22.819,19.42
phase_deg,3.8200000000000003,21.503,21.444,21.088,12.079,20.953,20.816,20.704,22.244,22.326,22.343,22.469,22.6,22.685,22.697,22.766,22.815,22.735,22.732,22.726,22.731,22.671,22.714,19.312
phase_deg,3.84,21.395,21.313,21.042,12.647,20.819,20.667,20.665,22.199,22.295,22.202,22.269,22.467,22.624,22.579,22.567,22.652,22.615,22.606,22.685,22.692,22.659,22.621,19.205
phase_deg,3.86,21.324,21.264,20.953,14.143,20.723,20.581,20.591,22.019,22.219,22.019,22.309,22.34,22.547,22.434,22.459,22.565,22.484,22.55,22.528,22.673,22.503,22.491,19.099
phase_deg,3.88,21.172,21.111,20.89,13.607,20.603,20.465,20.551,21.789,22.063,21.958,22.083,22.165,22.408,22.328,22.39,22.45,22.36,22.394,22.429,22.534,22.335,22.374,18.995
phase_deg,3.9,21.027,21.05,20.777,13.866,20.461,20.417,20.405,21.668,21.862,21.941,22.008,21.963,22.276,22.296,22.27,22.256,22.148,22.2,22.364,22.305,22.292,22.282,18.892
phase_deg,3.92,20.972,20.952,20.661,13.343,20.399,20.29,20.294,21.687,21.773,21.736,21.909,21.955,22.185,22.223,22.084,22.108,22.093,22.076,22.157,22.155,22.123,22.246,18.79
phase_deg,3.94,20.899,20.881,20.558,14.691,20.336,20.206,20.17,21.586,21.594,21.679,21.716,21.808,22.041,22.037,21.957,22.073,22.056,22.097,22.04,22.043,22.038,22.118,18.689
phase_deg,3.96,20.762,20.733,20.438,13.157,20.202,20.07,20.07,21.467,21.52,21.596,21.657,21.708,21.883,21.957,21.967,21.927,22.012,21.931,21.867,21.941,22.04,21.907,18.589
phase_deg,3.98,20.658,20.597,20.353,9.61,20.122,19.938,20.002,21.24,21.56,21.553,21.597,21.556,21.822,21.962,21.781,21.744,21.913,21.763,21.795,21.876,21.893,21.784,18.49
phase_deg,4.0,20.58,20.411,20.238,9.657,20.054,19.762,19.888,21.165,21.491,21.452,21.455,21.422,21.632,21.731,21.711,21.769,21.792,21.66,21.715,21.787,21.769,21.712,18.392
phase_deg,4.0200000000000005,20.482,20.345,20.17,10.347,19.942,19.717,19.793,21.144,21.259,21.28,21.361,21.52,21.451,21.685,21.652,21.612,21.642,21.565,21.622,21.695,21.64,21.712,18.295
phase_deg,4.04,20.378,20.319,20.099,10.294,19.825,19.693,19.714,20.956,21.126,21.202,21.209,21.513,21.455,21.502,21.423,21.462,21.441,21.377,21.461,21.43,21.546,21.582,18.2
phase_deg,4.0600000000000005,20.326,20.231,20.007,15.368,19.79,19.596,19.619,20.827,20.922,21.068,21.217,21.242,21.338,21.414,21.413,21.398,21.46,21.398,21.319,21.41,21.442,21.379,18.105
phase_deg,4.08,20.133,20.095,19.879,13.577,19.612,19.469,19.515,20.762,20.86,20.879,21.161,20.951,21.249,21.316,21.404,21.338,21.356,21.263,21.272,21.254,21.265,21.251,18.011
phase_deg,4.1,20.06,20.008,19.819,11.698,19.541,19.39,19.459,20.725,20.853,20.801,21.062,20.866,21.103,21.145,21.228,21.161,21.119,21.155,21.269,21.167,21.297,21.184,17.919
phase_deg,4.12,19.981,19.985,19.738,11.219,19.445,19.363,19.364,20.603,20.701,20.742,20.92,20.917,21.108,21.109,21.187,21.148,21.068,21.041,21.175,21.137,21.393,21.163,17.827
phase_deg,4.14,19.892,19.819,19.697,13.62,19.354,19.232,19.319,20.423,20.569,20.643,20.669,20.842,20.992,21.074,21.098,21.118,20.923,20.953,20.966,21.012,21.208,21.036,17.736
phase_deg,4.16,19.761,19.658,19.51,13.409,19.234,19.038,19.18,20.368,20.502,20.456,20.652,20.754,20.772,20.908,20.898,20.945,20.867,20.99,20.74,20.836,21.032,20.93,17.647
phase_deg,4.18,19.681,19.559,19.353,13.074,19.157,18.96,19.041,20.316,20.387,20.314,20.542,20.642,20.771,20.802,20.774,20.891,20.793,20.899,20.629,20.744,20.915,20.864,17.558
phase_deg,4.2,19.576,19.496,19.221,11.504,19.071,18.918,18.903,20.201,20.288,20.202,20.491,20.437,20.736,20.698,20.702,20.823,20.716,20.762,20.609,20.768,20.759,20.788,17.47
phase_deg,4.22,19.495,19.544,19.237,13.649,18.996,18.919,18.893,20.194,20.198,20.126,20.4,20.246,20.638,20.506,20.713,20.716,20.612,20.657,20.578,20.661,20.62,20.736,17.383
phase_deg,4.24,19.366,19.353,19.116,12.642,18.861,18.755,18.795,20.02,20.24,20.088,20.31,20.237,20.468,20.418,20.538,20.55,20.368,20.526,20.525,20.46,20.607,20.679,17.296
phase_deg,4.26,19.329,19.218,19.047,11.15,18.797,18.625,18.719,19.925,20.079,20.033,20.159,20.227,20.391,20.309,20.409,20.481,20.327,20.427,20.447,20.396,20.523,20.482,17.211
phase_deg,4.28,19.173,19.16,18.857,10.159,18.684,18.575,18.538,19.902,19.945,19.938,20.056,20.165,20.287,20.171,20.372,20.45,20.23,20.362,20.362,20.25,20.374,20.315,17.127
phase_deg,4.3,19.098,19.063,18.802,10.966,18.617,18.485,18.463,19.766,19.896,19.79,19.974,19.93,20.081,20.277,20.265,20.364,20.202,20.249,20.281,20.2,20.306,20.287,17.043
phase_deg,4.32,19.03,18.896,18.818,14.295,18.545,18.301,18.482,19.665,19.726,19.749,19.87,19.873,20.09,20.251,20.155,20.204,20.112,20.097,20.126,20.146,20.133,20.093,16.96
phase_deg,4.34,18.944,18.865,18.749,11.787,18.447,18.278,18.4,19.577,19.689,19.624,19.829,19.902,19.935,20.025,20.148,20.15,20.042,20.012,20.001,20.069,20.124,19.975,16.878
phase_deg,4.36,18.848,18.879,18.681,10.994,18.356,18.308,18.344,19.448,19.572,19.608,19.848,19.849,19.777,19.928,20.113,19.976,19.921,19.882,20.056,20.01,20.001,19.998,16.797
phase_deg,4.38,18.774,18.678,18.519,12.383,18.27,18.124,18.21,19.378,19.558,19.433,19.655,19.657,19.739,19.877,19.91,19.88,19.793,19.739,20.018,19.936,19.828,19.899,16.717
phase_deg,4.4,18.701,18.618,18.388,12.82,18.232,18.068,18.07,19.401,19.442,19.361,19.571,19.541,19.675,19.785,19.743,19.886,19.709,19.745,19.783,19.77,19.778,19.728,16.637
phase_deg,4.42,18.61,18.544,18.449,12.415,18.131,17.981,18.118,19.112,19.354,19.356,19.51,19.399,19.565,19.644,19.715,19.645,19.785,19.762,19.746,19.686,19.774,19.682,16.558
phase_deg,4.44,18.548,18.493,18.338,8.86,18.047,17.921,18.008,19.038,19.269,19.266,19.423,19.362,19.55,19.453,19.691,19.503,19.635,19.599,19.58,19.585,19.789,19.644,16.48
phase_deg,4.46,18.388,18.401,18.181,9.121,17.903,17.85,17.861,18.998,19.173,19.146,19.213,19.311,19.438,19.419,19.605,19.508,19.52,19.499,19.502,19.503,19.543,19.513,16.403
phase_deg,4.48,18.391,18.336,18.131,11.674,17.923,17.776,17.81,18.982,19.145,19.073,19.081,19.203,19.323,19.412,19.345,19.415,19.507,19.386,19.431,19.479,19.484,19.476,16.326
phase_deg,4.5,18.334,18.244,17.993,10.958,17.838,17.69,17.668,18.898,18.974,18.989,19.129,19.237,19.297,19.285,19.256,19.383,19.436,19.24,19.36,19.371,19.343,19.343,16.25
phase_deg,4.5200000000000005,18.261,18.135,17.938,10.881,17.762,17.612,17.635,18.845,18.9,18.968,19.036,19.081,19.219,19.241,19.254,19.36,19.259,19.187,19.315,19.263,19.283,19.137,16.175
phase_deg,4.54,18.234,18.085,17.905,12.727,17.739,17.54,17.592,18.731,18.848,18.906,18.946,18.928,19.112,19.258,19.239,19.234,19.281,19.156,19.242,19.244,19.252,19.098,16.101
phase_deg,4.5600000000000005,18.122,18.083,17.815,10.091,17.637,17.532,17.5,18.599,18.76,18.815,18.857,18.925,18.988,19.177,19.121,19.094,19.167,19.074,19.11,19.185,19.142,18.99,16.027
phase_deg,4.58,18.01,18.033,17.733,7.055,17.551,17.491,17.402,18.54,18.617,18.703,18.737,18.8,18.827,18.985,19.029,18.948,19.046,19.026,19.054,18.981,19.023,19.018,15.954
phase_deg,4.6000000000000005,17.86,17.948,17.729,8.05,17.407,17.408,17.396,18.466,18.605,18.513,18.616,18.68,18.78,18.919,18.938,18.865,18.97,18.95,18.937,18.906,18.971,18.897,15.881
phase_deg,4.62,17.809,17.799,17.684,10.859,17.365,17.273,17.362,18.445,18.602,18.463,18.579,18.645,18.742,18.833,18.782,18.839,18.912,18.87,18.776,18.758,18.819,18.779,15.81
phase_deg,4.64,17.758,17.726,17.516,9.319,17.302,17.19,17.232,18.394,18.496,18.491,18.623,18.51,18.708,18.815,18.635,18.758,18.938,18.75,18.731,18.692,18.789,18.686,15.739
phase_deg,4.66,17.672,17.646,17.422,9.892,17.207,17.128,17.116,18.326,18.215,18.443,18.591,18.502,18.647,18.753,18.637,18.657,18.675,18.611,18.759,18.714,18.721,18.664,15.668
phase_deg,4.68,17.621,17.6,17.371,9.778,17.159,17.046,17.059,18.307,18.21,18.297,18.359,18.46,18.533,18.607,18.657,18.568,18.554,18.368,18.588,18.719,18.669,18.6,15.598
phase_deg,4.7,17.565,17.517,17.329,10.176,17.093,16.968,17.025,18.128,18.231,18.23,18.295,18.315,18.492,18.378,18.511,18.572,18.403,18.442,18.455,18.594,18.689,18.577,15.529
phase_deg,4.72,17.48,17.405,17.248,10.459,17.041,16.866,16.945,17.994,18.175,18.105,18.219,18.261,18.45,18.418,18.258,18.53,18.44,18.443,18.426,18.383,18.544,18.502,15.461
phase_deg,4.74,17.412,17.362,17.12,10.134,16.973,16.815,16.846,17.819,18.117,18.07,18.201,18.193,18.345,18.306,18.303,18.34,18.385,18.408,18.332,18.442,18.428,18.382,15.393
phase_deg,4.76,17.366,17.303,17.087,9.119,16.899,16.783,16.805,17.842,17.934,17.96,18.145,18.156,18.22,18.257,18.211,18.431,18.31,18.34,18.202,18.405,18.274,18.286,15.325
phase_deg,4.78,17.275,17.217,16.918,8.296,16.833,16.73,16.64,17.762,17.797,17.907,18.017,18.072,18.142,18.175,18.202,18.326,18.224,18.272,18.269,18.242,18.183,18.229,15.259
phase_deg,4.8,17.228,17.123,16.89,9.288,16.79,16.616,16.616,17.689,17.768,17.755,17.874,17.944,18.114,18.105,18.221,18.105,18.056,18.198,18.253,18.154,18.215,18.171,15.193
phase_deg,4.82,17.179,17.063,16.877,10.373,16.733,16.543,16.565,17.752,17.712,17.687,17.869,17.888,17.979,18.092,18.106,18.007,18.001,18.071,18.052,18.076,18.171,18.206,15.127
phase_deg,4.84,17.076,16.956,16.843,11.893,16.622,16.453,16.504,17.575,17.553,17.63,17.873,17.86,17.974,18.084,17.971,17.871,18.009,17.995,17.985,18.003,18.109,18.129,15.062
phase_deg,4.86,17.028,16.953,16.729,11.33,16.583,16.465,16.445,17.45,17.647,17.616,17.692,17.75,17.97,17.917,17.954,17.883,17.841,18.004,18.034,17.878,17.933,17.964,14.998
phase_deg,4.88,16.974,16.916,16.651,14.092,16.528,16.392,16.394,17.371,17.543,17.596,17.545,17.652,17.78,17.761,17.814,17.911,17.752,17.994,17.885,17.785,17.875,17.788,14.934
phase_deg,4.9,16.886,16.757,16.57,10.265,16.444,16.237,16.286,17.41,17.477,17.518,17.489,17.601,17.692,17.826,17.844,17.829,17.701,17.883,17.739,17.79,17.827,17.737,14.87
phase_deg,4.92,16.767,16.69,16.499,10.957,16.32,16.189,16.214,17.347,17.386,17.458,17.437,17.567,17.577,17.774,17.789,17.828,17.648,17.828,17.562,17.761,17.794,17.768,14.808
phase_deg,4.94,16.703,16.659,16.445,9.505,16.262,16.177,16.161,17.161,17.322,17.347,17.389,17.519,17.555,17.602,17.662,17.679,17.618,17.737,17.557,17.726,17.677,17.633,14.745
phase_deg,4.96,16.69,16.515,16.39,9.326,16.255,16.04,16.078,17.084,17.255,17.218,17.429,17.372,17.424,17.513,17.531,17.652,17.583,17.651,17.558,17.561,17.545,17.53,14.684
phase_deg,4.98,16.581,16.545,16.34,8.96,16.154,15.996,16.044,17.142,17.134,17.221,17.369,17.316,17.405,17.476,17.508,17.588,17.555,17.599,17.447,17.41,17.49,17.427,14.622
phase_deg,5.0,16.513,16.517,16.299,10.113,16.101,16.01,16.008,17.108,17.09,17.12,17.293,17.21,17.38,17.4,17.399,17.517,17.442,17.439,17.312,17.429,17.506,17.381,14.562
phase_deg,5.0200000000000005,16.437,16.434,16.305,8.484,16.045,15.939,16.009,16.99,17.091,17.012,17.149,17.123,17.311,17.331,17.321,17.298,17.346,17.463,17.241,17.321,17.37,17.362,14.502
phase_deg,5.04,16.441,16.338,16.104,7.569,16.037,15.854,15.832,16.852,16.957,16.945,17.029,17.153,17.31,17.285,17.265,17.29,17.263,17.31,17.245,17.298,17.251,17.236,14.442
phase_deg,5.0600000000000005,16.308,16.299,16.038,8.884,15.905,15.82,15.771,16.759,16.885,16.894,16.851,17.033,17.224,17.185,17.28,17.228,17.204,17.136,17.09,17.278,17.188,17.191,14.383
phase_deg,5.08,16.246,16.222,16.006,10.823,15.84,15.709,15.725,16.735,16.887,16.815,16.833,16.917,17.171,17.042,17.163,17.152,17.181,17.174,17.101,17.126,17.214,17.206,14.324
phase_deg,5.1000000000000005,16.247,16.124,15.957,10.998,15.841,15.631,15.659,16.687,16.868,16.674,16.85,16.899,17.052,17.025,17.146,17.014,17.135,17.136,17.085,17.127,17.197,17.221,14.266
phase_deg,5.12,16.135,16.002,15.877,7.721,15.744,15.551,15.61,16.59,16.761,16.68,16.897,16.871,16.998,17.085,17.062,16.916,17.061,17.096,16.916,17.017,17.138,17.028,14.208
phase_deg,5.14,16.089,15.962,15.85,8.246,15.685,15.512,15.576,16.533,16.643,16.665,16.785,16.727,16.835,17.076,16.947,16.906,16.748,16.937,16.857,16.938,17.005,16.927,14.151
phase_deg,5.16,16.007,15.905,15.794,10.673,15.603,15.446,15.506,16.486,16.575,16.567,16.724,16.803,16.771,16.972,16.939,16.863,16.808,16.814,16.821,16.935,16.908,16.914,14.094
phase_deg,5.18,15.944,15.86,15.79,12.022,15.545,15.393,15.528,16.409,16.506,16.494,16.682,16.705,16.776,16.889,16.846,16.852,16.816,16.797,16.798,16.806,16.862,16.802,14.038
phase_deg,5.2,15.938,15.8,15.796,10.721,15.536,15.329,15.526,16.355,16.469,16.376,16.563,16.659,16.695,16.728,16.727,16.723,16.822,16.783,16.716,16.765,16.777,16.757,13.982
phase_deg,5.22,15.825,15.776,15.612,8.354,15.42,15.285,15.321,16.28,16.321,16.416,16.47,16.604,16.728,16.761,16.643,16.652,16.617,16.647,16.659,16.657,16.728,16.645,13.927
phase_deg,5.24,15.674,15.762,15.524,7.648,15.279,15.266,15.272,16.237,16.319,16.362,16.407,16.538,16.671,16.569,16.559,16.599,16.537,16.675,16.609,16.507,16.65,16.59,13.872
phase_deg,5.26,15.644,15.716,15.503,8.005,15.248,15.218,15.238,16.143,16.283,16.283,16.373,16.508,16.468,16.525,16.454,16.567,16.49,16.588,16.599,16.491,16.598,16.464,13.817
phase_deg,5.28,15.586,15.693,15.447,10.101,15.193,15.205,15.166,16.042,16.244,16.195,16.329,16.439,16.404,16.551,16.548,16.446,16.457,16.365,16.566,16.465,16.611,16.533,13.763
phase_deg,5.3,15.598,15.549,15.452,9.548,15.204,15.101,15.178,16.016,16.238,16.205,16.25,16.305,16.361,16.451,16.51,16.443,16.445,16.4,16.423,16.5,16.47,16.406,13.709
phase_deg,5.32,15.566,15.509,15.383,9.575,15.173,15.054,15.09,16.047,16.097,16.048,16.295,16.235,16.392,16.319,16.334,16.507,16.343,16.339,16.381,16.411,16.444,16.328,13.656
phase_deg,5.34,15.476,15.385,15.314,9.016,15.082,14.906,15.026,15.998,15.98,15.928,16.265,16.148,16.306,16.293,16.22,16.439,16.257,16.266,16.392,16.295,16.45,16.264,13.603
phase_deg,5.36,15.356,15.417,15.224,9.45,14.967,14.929,14.947,15.905,15.923,15.922,16.081,16.147,16.299,16.21,16.214,16.225,16.182,16.214,16.244,16.252,16.391,16.246,13.551
phase_deg,5.38,15.377,15.36,15.149,6.534,14.992,14.899,14.887,15.846,15.864,15.909,15.925,16.162,16.152,16.184,16.259,16.148,16.127,16.194,16.181,16.089,16.421,16.265,13.499
phase_deg,5.4,15.294,15.243,15.027,7.929,14.915,14.824,14.799,15.779,15.872,15.904,15.847,16.08,16.096,16.157,16.138,16.065,16.114,16.125,16.066,16.053,16.175,16.229,13.447
phase_deg,5.42,15.286,15.257,15.036,8.075,14.897,14.826,14.783,15.655,15.913,15.736,15.87,16.043,16.025,16.051,16.021,16.117,16.098,16.116,15.887,16.046,16.097,16.183,13.396
phase_deg,5.44,15.231,15.188,14.977,7.874,14.844,14.768,14.711,15.638,15.765,15.665,15.886,15.865,15.876,16.022,15.996,16.11,16.006,16.035,15.939,16.058,16.029,16.029,13.345
phase_deg,5.46,15.136,15.125,14.976,9.36,14.758,14.687,14.684,15.556,15.669,15.617,15.783,15.796,15.868,16.005,16.013,16.04,15.924,16.012,15.944,16.001,15.973,15.925,13.295
phase_deg,5.48,15.071,15.083,14.954,9.698,14.7,14.625,14.663,15.486,15.644,15.631,15.696,15.752,15.82,15.966,16.019,15.982,15.899,15.844,15.885,15.85,15.856,15.835,13.245
phase_deg,5.5,15.065,15.006,14.903,8.082,14.687,14.534,14.644,15.491,15.571,15.593,15.691,15.726,15.812,15.837,15.925,15.891,15.858,15.86,15.887,15.82,15.803,15.807,13.195
phase_deg,5.5200000000000005,14.957,15.009,14.816,8.894,14.6,14.546,14.566,15.364,15.512,15.539,15.579,15.705,15.748,15.712,15.761,15.803,15.836,15.833,15.908,15.776,15.844,15.811,13.146
phase_deg,5.54,14.909,15.003,14.734,9.375,14.546,14.55,14.485,15.231,15.412,15.462,15.665,15.576,15.758,15.645,15.778,15.716,15.797,15.676,15.747,15.735,15.798,15.752,13.097
phase_deg,5.5600000000000005,14.864,14.858,14.644,7.585,14.506,14.429,14.419,15.272,15.322,15.479,15.544,15.501,15.664,15.628,15.769,15.633,15.754,15.595,15.687,15.578,15.73,15.632,13.048
phase_deg,5.58,14.787,14.794,14.624,8.121,14.428,14.359,14.392,15.307,15.333,15.425,15.377,15.439,15.611,15.692,15.625,15.507,15.614,15.648,15.592,15.57,15.674,15.555,13.0
phase_deg,5.6000000000000005,14.727,14.754,14.548,9.354,14.36,14.32,14.314,15.209,15.346,15.366,15.397,15.414,15.592,15.635,15.542,15.599,15.529,15.569,15.55,15.565,15.572,15.42,12.952
phase_deg,5.62,14.737,14.701,14.518,10.374,14.363,14.262,14.292,15.102,15.277,15.221,15.259,15.453,15.578,15.498,15.436,15.556,15.498,15.513,15.396,15.51,15.587,15.437,12.905
phase_deg,5.64,14.729,14.705,14.503,8.909,14.352,14.271,14.245,15.076,15.171,15.098,15.173,15.374,15.462,15.518,15.49,15.485,15.446,15.444,15.483,15.511,15.604,15.448,12.858
phase_deg,5.66,14.596,14.582,14.43,8.168,14.226,14.163,14.169,14.926,15.086,15.063,15.21,15.24,15.31,15.373,15.496,15.525,15.323,15.318,15.522,15.387,15.546,15.362,12.811
phase_deg,5.68,14.549,14.514,14.329,8.808,14.177,14.104,14.082,14.937,15.075,15.111,15.174,15.158,15.283,15.323,15.446,15.381,15.302,15.263,15.548,15.361,15.364,15.263,12.765
phase_deg,5.7,14.477,14.473,14.312,10.063,14.135,14.047,14.079,14.918,15.119,15.078,15.111,15.248,15.239,15.224,15.248,15.199,15.28,15.267,15.314,15.475,15.299,15.326,12.718
phase_deg,5.72,14.423,14.447,14.225,9.908,14.08,14.005,14.007,14.99,14.988,14.988,15.086,15.174,15.218,15.185,15.15,15.152,15.17,15.193,15.144,15.238,15.201,15.23,12.673
phase_deg,5.74,14.413,14.357,14.207,8.88,14.069,13.933,13.954,14.93,14.871,14.905,14.952,14.97,15.258,15.181,15.098,15.156,15.214,15.21,15.022,15.157,15.171,15.177,12.627
phase_deg,5.76,14.319,14.329,14.172,8.149,13.988,13.898,13.934,14.768,14.9,14.792,14.918,14.913,15.053,15.155,15.07,15.127,15.151,15.078,15.058,15.197,15.091,15.118,12.582
phase_deg,5.78,14.268,14.302,14.097,7.062,13.918,13.869,13.86,14.68,14.833,14.79,14.887,15.038,15.094,15.085,14.99,15.082,15.044,15.037,15.046,15.167,15.076,15.114,12.537
phase_deg,5.8,14.258,14.247,14.034,8.208,13.894,13.832,13.776,14.717,14.772,14.835,14.774,14.949,15.118,15.063,15.015,15.043,15.022,14.999,15.072,15.033,15.033,15.006,12.493
phase_deg,5.82,14.17,14.235,14.007,8.791,13.829,13.807,13.758,14.601,14.797,14.592,14.769,14.925,14.982,14.904,14.974,14.922,14.997,14.956,15.009,14.983,15.055,14.99,12.449
phase_deg,5.84,14.155,14.086,13.963,8.832,13.809,13.676,13.723,14.552,14.746,14.589,14.792,14.81,14.923,14.868,15.011,14.898,14.994,14.842,14.829,14.97,14.924,14.972,12.405
phase_deg,5.86,14.113,13.949,13.871,8.858,13.779,13.563,13.658,14.46,14.63,14.604,14.718,14.771,14.839,14.908,14.893,14.875,14.801,14.943,14.893,14.93,14.868,14.808,12.362
phase_deg,5.88,14.094,13.925,13.822,10.006,13.746,13.522,13.641,14.435,14.477,14.595,14.62,14.682,14.771,14.937,14.74,14.779,14.818,14.859,14.861,14.752,14.911,14.672,12.318
phase_deg,5.9,14.107,13.967,13.812,9.122,13.725,13.572,13.592,14.448,14.522,14.517,14.598,14.652,14.793,14.743,14.776,14.728,14.708,14.695,14.718,14.861,14.814,14.776,12.275
phase_deg,5.92,13.985,13.881,13.759,8.408,13.626,13.496,13.54,14.399,14.559,14.485,14.567,14.569,14.741,14.554,14.713,14.677,14.634,14.741,14.639,14.733,14.747,14.634,12.233
phase_deg,5.94,13.905,13.867,13.747,6.974,13.561,13.471,13.519,14.29,14.379,14.422,14.559,14.467,14.583,14.583,14.686,14.623,14.575,14.602,14.484,14.717,14.704,14.524,12.191
phase_deg,5.96,13.89,13.874,13.723,7.999,13.539,13.472,13.504,14.251,14.259,14.519,14.421,14.494,14.575,14.603,14.639,14.592,14.639,14.628,14.507,14.665,14.619,14.601,12.149
phase_deg,5.98,13.843,13.8,13.671,9.364,13.519,13.386,13.442,14.146,14.257,14.361,14.438,14.539,14.584,14.519,14.641,14.634,14.511,14.52,14.502,14.595,14.588,14.476,12.107
phase_deg,6.0,13.732,13.732,13.59,10.453,13.398,13.31,13.36,14.161,14.137,14.26,14.35,14.445,14.528,14.554,14.595,14.552,14.537,14.497,14.533,14.467,14.527,14.334,12.065
phase_deg,6.0200000000000005,13.699,13.652,13.533,8.968,13.363,13.254,13.309,14.128,14.176,14.174,14.221,14.386,14.578,14.444,14.399,14.505,14.537,14.456,14.463,14.437,14.485,14.359,12.024
phase_deg,6.04,13.746,13.625,13.5,7.716,13.404,13.24,13.275,14.07,14.241,14.256,14.03,14.218,14.472,14.383,14.36,14.428,14.45,14.397,14.49,14.387,14.411,14.337,11.984
phase_deg,6.0600000000000005,13.685,13.537,13.444,7.4,13.355,13.159,13.214,13.985,14.123,14.136,14.132,14.154,14.341,14.351,14.316,14.425,14.434,14.439,14.338,14.366,14.342,14.301,11.943
phase_deg,6.08,13.631,13.583,13.439,8.745,13.284,13.201,13.239,14.052,14.002,14.065,14.188,14.137,14.238,14.332,14.249,14.457,14.429,14.328,14.242,14.284,14.364,14.378,11.903
phase_deg,6.1000000000000005,13.603,13.492,13.401,9.412,13.237,13.126,13.18,14.004,13.886,14.037,14.127,14.133,14.199,14.275,14.247,14.323,14.342,14.193,14.349,14.239,14.354,14.315,11.863
phase_deg,6.12,13.594,13.441,13.392,8.418,13.258,13.068,13.157,13.947,13.839,14.018,14.097,14.133,14.214,14.271,14.248,14.242,14.218,14.232,14.293,14.21,14.226,14.27,11.823
phase_deg,6.140000000000001,13.481,13.459,13.309,7.846,13.164,13.078,13.099,13.816,13.98,13.938,14.051,14.119,14.155,14.293,14.208,14.207,14.204,14.175,14.197,14.176,14.112,14.151,11.783
phase_deg,6.16,13.435,13.37,13.184,8.808,13.124,13.006,12.958,13.789,14.045,13.808,13.987,13.956,14.065,14.177,14.04,14.114,14.244,14.061,14.216,14.134,14.194,14.198,11.744
phase_deg,6.18,13.37,13.338,13.155,8.517,13.048,12.958,12.952,13.795,13.902,13.855,13.817,13.865,13.958,14.008,14.03,14.053,14.175,13.995,14.077,14.039,14.05,14.106,11.705
phase_deg,6.2,13.298,13.343,13.144,7.838,12.975,12.952,12.95,13.71,13.8,13.799,13.88,13.888,14.011,13.986,14.01,13.959,14.091,13.919,14.096,14.077,14.015,14.084,11.667
phase_deg,6.22,13.302,13.252,13.078,9.571,12.976,12.881,12.88,13.64,13.843,13.707,13.846,13.889,13.966,13.919,13.973,13.9,13.946,13.919,14.073,14.112,14.023,14.109,11.628
phase_deg,6.24,13.285,13.166,13.028,10.055,12.948,12.793,12.81,13.638,13.805,13.663,13.784,13.961,13.943,13.919,13.939,13.941,13.919,13.903,13.946,13.999,13.923,13.985,11.59
phase_deg,6.26,13.161,13.143,12.999,7.433,12.825,12.762,12.77,13.627,13.544,13.687,13.699,13.856,13.838,13.914,13.871,13.904,13.866,13.897,13.834,13.863,13.905,13.853,11.552
phase_deg,6.28,13.148,13.077,13.003,6.3,12.83,12.716,12.793,13.561,13.571,13.623,13.688,13.735,13.772,13.747,13.888,13.86,13.821,13.797,13.684,13.856,13.905,13.897,11.514
phase_deg,6.3,13.061,13.061,13.01,6.624,12.752,12.702,12.801,13.497,13.557,13.665,13.685,13.702,13.845,13.715,13.925,13.771,13.835,13.733,13.69,13.871,13.812,13.823,11.477
phase_deg,6.32,13.051,13.081,12.954,6.705,12.736,12.715,12.741,13.424,13.476,13.562,13.631,13.624,13.737,13.8,13.688,13.757,13.781,13.846,13.737,13.805,13.685,13.792,11.44
phase_deg,6.34,13.007,12.938,12.897,8.382,12.711,12.575,12.682,13.422,13.523,13.482,13.633,13.483,13.584,13.775,13.677,13.739,13.637,13.86,13.734,13.745,13.642,13.708,11.403
phase_deg,6.36,13.037,12.937,12.798,8.482,12.708,12.567,12.594,13.32,13.523,13.481,13.649,13.485,13.713,13.762,13.653,13.707,13.716,13.725,13.749,13.538,13.61,13.675,11.366
phase_deg,6.38,12.99,12.977,12.76,7.821,12.648,12.614,12.55,13.3,13.492,13.454,13.501,13.524,13.673,13.652,13.697,13.669,13.71,13.524,13.531,13.596,13.646,13.619,11.33
phase_deg,6.4,12.95,12.919,12.71,7.51,12.611,12.545,12.504,13.294,13.455,13.376,13.445,13.464,13.612,13.554,13.596,13.661,13.575,13.428,13.514,13.505,13.711,13.61,11.293
phase_deg,6.42,12.88,12.828,12.632,9.019,12.556,12.464,12.42,13.19,13.3,13.301,13.344,13.469,13.475,13.558,13.636,13.641,13.465,13.436,13.483,13.442,13.562,13.498,11.257
phase_deg,6.44,12.815,12.755,12.653,8.321,12.505,12.402,12.449,13.107,13.276,13.241,13.341,13.442,13.448,13.475,13.548,13.534,13.504,13.502,13.564,13.43,13.496,13.472,11.222
phase_deg,6.46,12.729,12.749,12.617,7.814,12.413,12.391,12.416,12.981,13.212,13.27,13.254,13.236,13.389,13.479,13.538,13.483,13.519,13.548,13.596,13.336,13.425,13.464,11.186
phase_deg,6.48,12.715,12.715,12.61,5.961,12.388,12.371,12.401,13.042,13.195,13.244,13.248,13.285,13.354,13.442,13.603,13.476,13.344,13.455,13.523,13.318,13.405,13.472,11.151
phase_deg,6.5,12.661,12.693,12.583,7.048,12.357,12.345,12.36,13.072,13.127,13.26,13.213,13.352,13.291,13.348,13.449,13.508,13.352,13.384,13.498,13.344,13.312,13.371,11.116
phase_deg,6.5200000000000005,12.616,12.641,12.499,8.541,12.331,12.288,12.293,12.966,13.037,13.207,13.218,13.253,13.255,13.4,13.345,13.365,13.359,13.341,13.339,13.377,13.345,13.316,11.081
phase_deg,6.54,12.63,12.577,12.443,9.063,12.334,12.229,12.242,12.908,13.048,13.063,13.098,13.222,13.238,13.317,13.231,13.346,13.24,13.214,13.31,13.364,13.278,13.305,11.046
phase_deg,6.5600000000000005,12.648,12.596,12.431,7.256,12.334,12.223,12.233,12.846,13.069,12.909,13.063,13.189,13.25,13.232,13.255,13.331,13.164,13.162,13.256,13.216,13.136,13.237,11.012
phase_deg,6.58,12.523,12.549,12.348,7.829,12.218,12.191,12.137,12.771,12.984,13.036,13.099,13.027,13.296,13.303,13.323,13.299,13.29,13.213,13.22,13.211,13.1,13.299,10.978
phase_deg,6.6000000000000005,12.434,12.459,12.263,6.958,12.136,12.113,12.076,12.866,12.887,12.97,13.038,12.932,13.127,13.157,13.242,13.155,13.167,13.093,13.181,13.147,13.154,13.202,10.944
phase_deg,6.62,12.411,12.431,12.276,6.694,12.099,12.074,12.093,12.893,12.77,12.898,12.991,12.981,13.074,13.103,13.301,13.105,13.005,13.044,13.108,12.901,13.125,13.056,10.91
phase_deg,6.640000000000001,12.397,12.427,12.223,7.625,12.101,12.063,12.035,12.818,12.873,12.883,12.93,13.079,13.024,13.052,13.133,13.015,12.966,13.032,13.08,13.003,13.05,13.014,10.876
phase_deg,6.66,12.38,12.36,12.203,8.001,12.089,12.015,12.027,12.786,12.878,12.818,12.826,12.959,13.021,13.079,12.913,13.083,12.99,13.018,13.082,13.083,13.023,13.055,10.843
phase_deg,6.68,12.339,12.332,12.186,7.034,12.036,11.983,11.978,12.631,12.762,12.799,12.9,12.754,12.945,13.034,12.978,13.024,13.003,12.854,12.975,12.92,12.935,13.047,10.81
phase_deg,6.7,12.273,12.277,12.168,7.385,11.971,11.931,11.972,12.563,12.721,12.73,12.744,12.794,12.896,12.943,13.009,12.9,12.983,12.872,12.874,12.977,12.962,13.032,10.777
phase_deg,6.72,12.261,12.229,12.082,7.978,11.953,11.869,11.878,12.606,12.719,12.804,12.728,12.807,12.923,12.931,12.892,12.922,12.851,12.991,12.916,12.987,12.955,13.067,10.744
phase_deg,6.74,12.225,12.186,12.029,7.561,11.931,11.83,11.835,12.618,12.659,12.756,12.672,12.806,12.841,12.899,12.778,12.838,12.877,12.853,12.832,12.944,12.907,12.949,10.712
phase_deg,6.76,12.179,12.18,11.967,7.972,11.893,11.84,11.775,12.549,12.725,12.627,12.624,12.737,12.767,12.754,12.733,12.912,12.889,12.847,12.832,12.809,12.827,12.861,10.679
phase_deg,6.78,12.167,12.169,11.991,7.787,11.876,11.841,11.785,12.504,12.617,12.605,12.512,12.728,12.681,12.829,12.754,12.861,12.846,12.808,12.854,12.799,12.709,12.785,10.647
phase_deg,6.8,12.135,12.078,11.92,7.691,11.835,11.763,11.71,12.523,12.483,12.594,12.613,12.722,12.669,12.805,12.794,12.651,12.792,12.757,12.825,12.828,12.713,12.706,10.615
phase_deg,6.82,12.081,12.053,11.848,8.691,11.783,11.721,11.664,12.532,12.398,12.455,12.623,12.722,12.633,12.769,12.766,12.603,12.697,12.709,12.675,12.668,12.614,12.675,10.583
phase_deg,6.84,12.032,11.991,11.826,8.97,11.747,11.676,11.642,12.359,12.385,12.445,12.632,12.647,12.648,12.664,12.598,12.645,12.543,12.689,12.608,12.571,12.718,12.629,10.552
phase_deg,6.86,12.073,11.925,11.785,8.877,11.744,11.604,11.592,12.349,12.383,12.404,12.521,12.477,12.555,12.572,12.575,12.615,12.586,12.636,12.623,12.585,12.587,12.634,10.52
phase_deg,6.88,11.911,11.899,11.793,8.058,11.617,11.566,11.603,12.198,12.348,12.426,12.505,12.432,12.42,12.56,12.55,12.578,12.6,12.623,12.505,12.492,12.542,12.492,10.489
phase_deg,6.9,11.855,11.87,11.786,7.748,11.576,11.551,11.604,12.224,12.32,12.265,12.483,12.398,12.428,12.533,12.551,12.659,12.46,12.541,12.444,12.551,12.541,12.51,10.458
phase_deg,6.92,11.845,11.883,11.751,7.098,11.557,11.56,11.57,12.212,12.278,12.223,12.364,12.4,12.413,12.503,12.454,12.473,12.497,12.525,12.534,12.595,12.536,12.513,10.427
phase_deg,6.94,11.831,11.832,11.724,7.981,11.543,11.495,11.533,12.12,12.294,12.28,12.305,12.304,12.421,12.398,12.462,12.274,12.439,12.51,12.47,12.552,12.531,12.486,10.397
phase_deg,6.96,11.815,11.874,11.689,6.503,11.545,11.532,11.482,12.163,12.158,12.322,12.303,12.263,12.28,12.458,12.473,12.337,12.356,12.436,12.517,12.429,12.423,12.443,10.366
phase_deg,6.98,11.76,11.767,11.669,6.678,11.488,11.454,11.455,12.077,12.101,12.22,12.309,12.241,12.292,12.417,12.371,12.346,12.385,12.362,12.404,12.387,12.311,12.38,10.336
phase_deg,7.0,11.733,11.726,11.628,7.245,11.464,11.408,11.434,12.03,12.022,12.137,12.19,12.244,12.297,12.376,12.38,12.343,12.335,12.255,12.378,12.432,12.262,12.246,10.306
phase_deg,7.0200000000000005,11.705,11.719,11.555,7.807,11.417,11.381,11.37,12.103,12.056,12.139,12.104,12.131,12.355,12.336,12.306,12.376,12.342,12.284,12.291,12.438,12.368,12.23,10.276
phase_deg,7.04,11.695,11.669,11.522,8.316,11.404,11.321,11.348,11.933,12.131,12.077,12.12,12.091,12.295,12.259,12.215,12.309,12.349,12.257,12.255,12.296,12.356,12.248,10.246
phase_deg,7.0600000000000005,11.649,11.638,11.513,8.214,11.388,11.301,11.336,11.984,11.923,12.081,12.09,12.056,12.114,12.272,12.12,12.22,12.169,12.322,12.316,12.222,12.265,12.316,10.217
phase_deg,7.08,11.612,11.593,11.487,7.278,11.334,11.277,11.282,11.957,11.926,11.987,12.11,12.067,12.056,12.251,12.045,12.245,12.16,12.201,12.158,12.18,12.187,12.298,10.187
phase_deg,7.1000000000000005,11.609,11.448,11.383,8.645,11.329,11.143,11.185,11.935,12.017,11.95,12.028,12.071,12.07,12.134,12.113,12.16,12.173,12.162,12.097,12.145,12.225,12.233,10.158
phase_deg,7.12,11.573,11.47,11.394,8.502,11.298,11.154,11.205,11.901,11.975,11.985,11.978,12.069,12.1,12.08,12.09,12.176,12.119,12.11,12.09,12.018,12.362,12.106,10.129
phase_deg,7.140000000000001,11.446,11.467,11.346,8.061,11.194,11.165,11.18,11.883,11.885,11.967,11.983,11.962,12.026,12.034,12.03,12.094,12.147,11.976,12.14,12.162,12.24,12.161,10.1
phase_deg,7.16,11.43,11.47,11.319,7.927,11.172,11.158,11.13,11.809,11.798,11.887,11.994,11.916,11.994,12.047,12.053,12.012,12.115,11.898,12.09,12.169,12.134,12.054,10.071
phase_deg,7.18,11.435,11.414,11.305,7.453,11.163,11.082,11.116,11.666,11.87,11.908,11.963,11.795,11.981,11.99,12.044,11.964,11.948,11.999,12.076,12.006,12.057,12.094,10.043
phase_deg,7.2,11.433,11.355,11.249,8.224,11.148,11.037,11.078,11.774,11.839,11.947,11.817,11.863,11.988,11.924,11.981,11.95,12.042,11.978,12.033,11.899,11.978,12.055,10.014
phase_deg,7.22,11.369,11.296,11.275,7.294,11.082,10.999,11.065,11.72,11.896,11.909,11.772,11.97,11.965,11.935,11.869,11.85,12.102,11.933,11.892,11.907,11.923,11.974,9.986
phase_deg,7.24,11.357,11.23,11.183,5.942,11.073,10.931,10.997,11.597,11.657,11.782,11.737,11.901,11.861,11.869,11.833,11.838,12.002,11.988,11.872,11.793,11.91,11.947,9.958
phase_deg,7.26,11.345,11.193,11.146,6.516,11.055,10.891,10.975,11.639,11.591,11.723,11.746,11.763,11.848,11.97,11.931,11.891,11.976,11.987,11.832,11.799,11.98,11.794,9.93
phase_deg,7.28,11.338,11.25,11.15,6.391,11.038,10.933,10.968,11.654,11.682,11.698,11.735,11.648,11.794,11.858,11.853,11.864,11.867,11.826,11.825,11.825,11.921,11.807,9.902
phase_deg,7.3,11.265,11.261,11.13,7.056,10.977,10.943,10.951,11.626,11.699,11.515,11.739,11.676,11.735,11.793,11.863,11.901,11.86,11.839,11.919,11.793,11.741,11.873,9.875
phase_deg,7.32,11.218,11.164,11.021,6.937,10.929,10.863,10.849,11.624,11.668,11.474,11.686,11.693,11.734,11.762,11.875,11.755,11.84,11.803,11.901,11.715,11.752,11.898,9.847
phase_deg,7.34,11.097,11.125,10.961,7.53,10.813,10.83,10.778,11.48,11.631,11.583,11.611,11.623,11.724,11.756,11.786,11.701,11.764,11.857,11.838,11.714,11.8,11.875,9.82
phase_deg,7.36,11.121,11.089,10.968,7.837,10.838,10.78,10.78,11.388,11.592,11.603,11.564,11.577,11.626,11.766,11.697,11.584,11.596,11.774,11.739,11.833,11.8,11.679,9.793
phase_deg,7.38,11.085,11.007,10.921,7.95,10.828,10.711,10.735,11.393,11.57,11.609,11.506,11.455,11.68,11.74,11.625,11.617,11.623,11.723,11.65,11.812,11.708,11.642,9.766
phase_deg,7.4,11.043,11.025,10.9,7.108,10.786,10.727,10.738,11.415,11.477,11.481,11.464,11.463,11.636,11.59,11.651,11.671,11.588,11.658,11.646,11.715,11.661,11.659,9.739
phase_deg,7.42,11.007,11.0,10.87,5.646,10.727,10.693,10.721,11.272,11.454,11.395,11.545,11.493,11.626,11.641,11.586,11.647,11.567,11.651,11.684,11.809,11.568,11.597,9.712
phase_deg,7.44,10.984,10.979,10.81,6.704,10.702,10.67,10.613,11.326,11.444,11.474,11.521,11.499,11.623,11.696,11.505,11.517,11.552,11.631,11.609,11.682,11.635,11.579,9.686
phase_deg,7.46,11.007,10.97,10.802,7.263,10.727,10.637,10.633,11.365,11.391,11.336,11.451,11.442,11.495,11.583,11.58,11.521,11.453,11.571,11.594,11.588,11.579,11.489,9.659
phase_deg,7.48,10.926,10.918,10.781,6.201,10.675,10.607,10.623,11.302,11.342,11.336,11.356,11.449,11.439,11.468,11.526,11.547,11.39,11.558,11.538,11.582,11.578,11.592,9.633
phase_deg,7.5,10.89,10.861,10.761,6.614,10.64,10.561,10.59,11.225,11.349,11.313,11.344,11.431,11.468,11.513,11.529,11.577,11.466,11.501,11.472,11.509,11.588,11.523,9.607
phase_deg,7.5200000000000005,10.838,10.814,10.728,7.621,10.58,10.512,10.559,11.17,11.284,11.263,11.389,11.361,11.402,11.567,11.425,11.52,11.459,11.432,11.485,11.447,11.464,11.477,9.581
phase_deg,7.54,10.85,10.791,10.7,8.064,10.577,10.487,10.525,11.187,11.148,11.223,11.307,11.255,11.499,11.526,11.424,11.464,11.408,11.424,11.338,11.386,11.372,11.456,9.555
phase_deg,7.5600000000000005,10.775,10.807,10.606,7.977,10.49,10.495,10.451,11.181,11.079,11.187,11.284,11.203,11.475,11.247,11.42,11.409,11.358,11.457,11.299,11.266,11.384,11.529,9.529
phase_deg,7.58,10.767,10.78,10.578,7.205,10.499,10.467,10.417,11.076,11.136,11.204,11.338,11.27,11.412,11.332,11.327,11.387,11.384,11.45,11.293,11.224,11.402,11.522,9.504
phase_deg,7.6000000000000005,10.768,10.756,10.6,7.524,10.499,10.44,10.424,10.986,11.203,11.224,11.224,11.284,11.327,11.28,11.255,11.388,11.36,11.351,11.326,11.27,11.403,11.352,9.478
phase_deg,7.62,10.71,10.674,10.584,6.994,10.457,10.373,10.411,11.021,11.191,11.065,11.062,11.157,11.177,11.214,11.302,11.285,11.307,11.291,11.24,11.385,11.332,11.318,9.453
phase_deg,7.640000000000001,10.689,10.647,10.557,7.273,10.438,10.346,10.376,10.986,11.037,11.066,11.126,11.131,11.169,11.255,11.209,11.208,11.279,11.25,11.185,11.27,11.324,11.346,9.428
phase_deg,7.66,10.664,10.644,10.469,7.338,10.41,10.357,10.307,10.869,11.098,11.004,11.052,11.079,11.144,11.175,11.239,11.107,11.225,11.228,11.204,11.222,11.358,11.264,9.403
phase_deg,7.68,10.641,10.561,10.399,7.045,10.366,10.289,10.248,10.842,11.072,10.96,11.014,11.152,11.15,11.036,11.22,11.168,11.183,11.141,11.191,11.232,11.231,11.189,9.378
phase_deg,7.7,10.595,10.556,10.448,6.876,10.319,10.262,10.277,10.915,11.02,10.937,11.025,11.187,11.022,11.011,11.075,11.269,11.207,11.076,11.082,11.153,11.18,11.279,9.353
phase_deg,7.72,10.513,10.528,10.429,7.751,10.251,10.24,10.264,10.828,10.909,11.02,11.017,11.099,11.046,11.155,11.183,11.141,11.082,11.065,11.131,11.108,11.159,11.239,9.329
phase_deg,7.74,10.512,10.507,10.357,5.831,10.25,10.224,10.21,10.823,10.931,11.018,10.941,11.014,11.075,11.132,11.135,11.021,11.087,11.094,11.129,11.031,11.059,11.114,9.304
phase_deg,7.76,10.531,10.436,10.421,5.986,10.275,10.146,10.258,10.902,10.899,10.945,10.852,11.015,11.087,11.106,11.082,11.003,11.113,11.037,11.116,11.104,11.049,11.157,9.28
phase_deg,7.78,10.477,10.437,10.376,6.829,10.23,10.147,10.206,10.8,10.798,10.931,10.868,10.91,11.034,10.997,11.053,11.048,11.066,11.075,11.019,11.104,11.055,11.122,9.256
phase_deg,7.8,10.389,10.424,10.354,7.894,10.143,10.128,10.172,10.788,10.821,10.793,10.803,10.87,11.095,10.986,11.052,11.038,10.946,11.047,10.91,11.078,11.105,11.085,9.231
phase_deg,7.82,10.398,10.402,10.285,7.143,10.152,10.108,10.122,10.742,10.748,10.784,10.786,10.783,11.006,10.966,10.937,10.969,10.92,10.987,10.951,10.992,11.027,10.927,9.207
phase_deg,7.84,10.398,10.353,10.226,5.643,10.134,10.071,10.081,10.749,10.708,10.758,10.749,10.675,10.991,10.836,10.941,10.981,10.921,10.948,10.996,11.028,11.03,10.933,9.184
phase_deg,7.86,10.344,10.318,10.184,5.797,10.084,10.029,10.042,10.628,10.712,10.683,10.681,10.765,10.954,10.796,10.915,11.005,10.895,10.943,10.826,10.868,10.863,10.898,9.16
phase_deg,7.88,10.321,10.293,10.174,5.925,10.069,10.01,10.033,10.592,10.721,10.687,10.66,10.757,10.914,10.72,10.842,10.968,10.839,10.899,10.762,10.791,10.817,10.958,9.136
phase_deg,7.9,10.313,10.236,10.177,6.363,10.038,9.97,10.014,10.499,10.751,10.669,10.756,10.688,10.864,10.763,10.812,10.872,10.818,10.795,10.806,10.889,10.938,10.996,9.113
phase_deg,7.92,10.329,10.254,10.136,6.236,10.062,9.966,9.963,10.454,10.707,10.673,10.669,10.473,10.748,10.743,10.806,10.811,10.837,10.798,10.838,10.862,10.887,10.821,9.089
phase_deg,7.94,10.277,10.221,10.071,6.824,10.005,9.917,9.919,10.502,10.614,10.616,10.599,10.645,10.728,10.718,10.733,10.715,10.79,10.85,10.789,10.858,10.818,10.811,9.066
phase_deg,7.96,10.209,10.182,10.056,7.141,9.908,9.878,9.885,10.467,10.617,10.584,10.737,10.674,10.668,10.719,10.812,10.738,10.766,10.796,10.674,10.789,10.831,10.72,9.043
phase_deg,7.98,10.175,10.097,10.071,6.933,9.891,9.813,9.888,10.389,10.615,10.555,10.69,10.577,10.638,10.771,10.686,10.789,10.723,10.731,10.729,10.734,10.763,10.723,9.02
phase_deg,8.0,10.138,10.096,10.014,6.938,9.884,9.812,9.845,10.481,10.497,10.438,10.573,10.645,10.712,10.8,10.658,10.813,10.796,10.646,10.768,10.617,10.671,10.729,8.997
phase_deg,8.02,10.152,10.086,9.915,5.951,9.882,9.799,9.742,10.456,10.434,10.404,10.523,10.672,10.655,10.693,10.694,10.697,10.783,10.68,10.663,10.563,10.768,10.68,8.974
phase_deg,8.040000000000001,10.177,10.038,9.994,6.769,9.9,9.767,9.81,10.384,10.483,10.421,10.492,10.591,10.609,10.638,10.557,10.639,10.651,10.571,10.622,10.564,10.76,10.621,8.952
phase_deg,8.06,10.094,9.974,9.962,7.053,9.813,9.708,9.805,10.434,10.407,10.382,10.539,10.509,10.507,10.605,10.541,10.604,10.636,10.67,10.601,10.516,10.67,10.642,8.929
phase_deg,8.08,10.023,10.003,9.938,6.79,9.758,9.714,9.773,10.505,10.354,10.36,10.393,10.474,10.522,10.575,10.469,10.624,10.568,10.548,10.55,10.518,10.674,10.573,8.907
phase_deg,8.1,9.967,10.001,9.827,7.078,9.729,9.713,9.688,10.315,10.392,10.375,10.43,10.439,10.492,10.514,10.424,10.516,10.557,10.57,10.467,10.644,10.63,10.562,8.885
phase_deg,8.120000000000001,9.918,10.003,9.898,6.721,9.667,9.683,9.714,10.265,10.37,10.327,10.55,10.408,10.467,10.462,10.373,10.607,10.565,10.702,10.427,10.587,10.509,10.611,8.862
phase_deg,8.14,9.85,9.913,9.858,6.773,9.593,9.629,9.67,10.199,10.32,10.25,10.459,10.339,10.439,10.576,10.442,10.538,10.526,10.633,10.504,10.561,10.516,10.518,8.84
phase_deg,8.16,9.853,9.896,9.697,6.041,9.612,9.614,9.562,10.191,10.202,10.261,10.29,10.346,10.429,10.609,10.505,10.436,10.483,10.437,10.468,10.51,10.526,10.498,8.818
phase_deg,8.18,9.9,9.86,9.712,6.782,9.639,9.586,9.599,10.239,10.207,10.223,10.248,10.376,10.4,10.454,10.366,10.426,10.487,10.338,10.344,10.445,10.528,10.478,8.796
phase_deg,8.2,9.927,9.833,9.687,6.721,9.617,9.553,9.538,10.161,10.106,10.22,10.323,10.329,10.358,10.463,10.29,10.422,10.303,10.353,10.312,10.344,10.456,10.407,8.775
phase_deg,8.22,9.806,9.832,9.682,6.442,9.555,9.554,9.503,10.145,10.113,10.195,10.271,10.276,10.237,10.405,10.359,10.378,10.332,10.346,10.4,10.401,10.428,10.408,8.753
phase_deg,8.24,9.773,9.765,9.666,7.313,9.54,9.488,9.519,10.039,10.221,10.15,10.239,10.321,10.279,10.368,10.408,10.418,10.364,10.336,10.299,10.357,10.404,10.344,8.731
phase_deg,8.26,9.75,9.754,9.564,5.93,9.507,9.465,9.428,9.977,10.186,10.032,10.275,10.204,10.307,10.332,10.304,10.355,10.32,10.286,10.297,10.4,10.344,10.274,8.71
phase_deg,8.28,9.775,9.701,9.584,5.568,9.491,9.439,9.438,10.034,10.149,10.141,10.147,10.108,10.317,10.3,10.237,10.227,10.275,10.321,10.272,10.196,10.269,10.282,8.689
phase_deg,8.3,9.773,9.649,9.569,6.475,9.488,9.384,9.418,10.001,10.076,10.131,10.115,10.026,10.212,10.277,10.242,10.267,10.301,10.375,10.298,10.161,10.209,10.273,8.667
phase_deg,8.32,9.69,9.647,9.539,6.878,9.42,9.378,9.375,10.009,10.019,10.087,10.03,10.068,10.274,10.274,10.201,10.265,10.234,10.3,10.198,10.213,10.26,10.215,8.646
phase_deg,8.34,9.688,9.65,9.56,7.15,9.429,9.372,9.399,9.962,10.017,10.043,10.034,10.058,10.186,10.258,10.153,10.282,10.234,10.297,10.06,10.202,10.221,10.191,8.625
phase_deg,8.36,9.657,9.638,9.547,6.57,9.394,9.365,9.369,9.943,10.041,9.955,10.067,9.989,10.142,10.069,10.243,10.239,10.175,10.217,10.049,10.188,10.179,10.123,8.604
phase_deg,8.38,9.64,9.542,9.482,6.193,9.401,9.275,9.31,9.875,9.931,9.95,10.027,9.94,10.089,10.048,10.265,10.188,10.131,10.104,10.262,10.148,10.228,10.115,8.584
phase_deg,8.4,9.614,9.576,9.469,7.408,9.342,9.324,9.273,9.83,9.895,9.895,10.011,9.943,10.198,10.001,10.132,10.141,10.208,10.119,10.044,10.161,10.229,10.05,8.563
phase_deg,8.42,9.62,9.549,9.422,6.482,9.33,9.269,9.259,9.879,9.915,9.836,9.908,9.964,10.136,10.113,10.115,10.163,10.106,10.108,10.053,10.106,10.14,10.069,8.542
phase_deg,8.44,9.519,9.537,9.389,7.069,9.258,9.256,9.228,9.849,9.95,9.856,9.887,9.952,10.018,10.138,10.097,10.116,10.06,10.176,10.05,10.026,10.053,10.083,8.522
phase_deg,8.46,9.524,9.475,9.335,6.598,9.264,9.212,9.182,9.739,9.832,9.76,9.828,9.882,10.002,10.092,10.015,10.079,10.131,10.192,10.085,10.023,10.066,10.102,8.501
phase_deg,8.48,9.512,9.443,9.337,5.918,9.228,9.171,9.18,9.701,9.906,9.672,9.881,9.911,10.053,10.077,10.026,10.028,10.093,10.099,10.049,10.062,10.091,9.986,8.481
phase_deg,8.5,9.534,9.366,9.298,5.281,9.26,9.1,9.144,9.753,9.806,9.74,9.877,9.88,9.981,10.071,10.035,9.948,10.012,9.978,9.981,10.047,10.109,10.026,8.461
phase_deg,8.52,9.379,9.325,9.331,6.973,9.16,9.078,9.139,9.796,9.771,9.813,9.882,9.843,9.916,9.907,9.863,10.027,9.974,9.976,9.976,10.039,10.119,10.007,8.441
phase_deg,8.540000000000001,9.344,9.333,9.279,6.936,9.111,9.035,9.071,9.787,9.72,9.721,9.837,9.834,9.801,9.853,9.819,9.967,9.969,9.92,9.987,10.029,10.02,9.901,8.421
phase_deg,8.56,9.359,9.358,9.24,7.761,9.098,9.085,9.047,9.7,9.796,9.643,9.754,9.831,9.82,9.887,9.909,9.954,10.021,9.875,9.916,10.051,9.956,9.872,8.401
phase_deg,8.58,9.355,9.334,9.194,6.177,9.096,9.082,9.02,9.518,9.765,9.673,9.803,9.848,9.821,9.941,9.879,9.844,9.913,9.863,9.861,9.908,9.91,9.994,8.381
phase_deg,8.6,9.353,9.285,9.286,6.218,9.083,9.031,9.136,9.51,9.637,9.657,9.713,9.67,9.811,9.767,9.871,9.7,9.78,9.833,9.842,9.838,9.901,9.882,8.361
phase_deg,8.620000000000001,9.294,9.233,9.206,5.904,9.061,8.976,9.06,9.431,9.618,9.67,9.598,9.77,9.691,9.851,9.877,9.72,9.796,9.753,9.879,9.838,9.894,9.878,8.341
phase_deg,8.64,9.28,9.154,9.124,6.126,9.076,8.892,8.98,9.489,9.592,9.629,9.581,9.88,9.679,9.86,9.793,9.738,9.797,9.722,9.777,9.853,9.903,9.776,8.322
phase_deg,8.66,9.178,9.197,9.049,7.634,8.995,8.944,8.901,9.409,9.652,9.651,9.628,9.772,9.801,9.742,9.801,9.727,9.841,9.773,9.767,9.867,9.844,9.737,8.302
phase_deg,8.68,9.187,9.19,9.036,5.648,8.958,8.918,8.882,9.37,9.567,9.622,9.597,9.592,9.713,9.686,9.769,9.782,9.829,9.726,9.832,9.794,9.798,9.778,8.283
phase_deg,8.700000000000001,9.115,9.164,9.039,5.652,8.837,8.896,8.883,9.409,9.499,9.688,9.657,9.594,9.689,9.7,9.796,9.779,9.727,9.651,9.886,9.797,9.652,9.804,8.264
phase_deg,8.72,9.126,9.112,9.017,5.306,8.864,8.869,8.857,9.456,9.574,9.606,9.704,9.555,9.674,9.667,9.736,9.751,9.666,9.633,9.837,9.757,9.657,9.728,8.245
phase_deg,8.74,9.097,9.076,9.007,5.779,8.884,8.807,8.866,9.427,9.493,9.616,9.588,9.424,9.696,9.687,9.672,9.744,9.581,9.653,9.723,9.693,9.689,9.764,8.225
phase_deg,8.76,9.119,9.077,9.069,6.886,8.874,8.796,8.909,9.403,9.554,9.544,9.564,9.553,9.668,9.746,9.649,9.625,9.56,9.576,9.665,9.562,9.689,9.67,8.206
phase_deg,8.78,9.102,9.07,9.005,6.96,8.844,8.784,8.81,9.298,9.438,9.428,9.479,9.471,9.667,9.602,9.424,9.488,9.684,9.574,9.728,9.625,9.722,9.557,8.188
phase_deg,8.8,9.027,9.056,8.943,6.608,8.779,8.779,8.759,9.286,9.379,9.39,9.458,9.382,9.626,9.538,9.56,9.646,9.619,9.528,9.642,9.56,9.669,9.621,8.169
phase_deg,8.82,9.043,8.967,8.884,6.847,8.779,8.714,8.708,9.298,9.328,9.503,9.481,9.425,9.535,9.629,9.686,9.675,9.539,9.58,9.557,9.427,9.64,9.603,8.15
phase_deg,8.84,9.012,8.987,8.838,5.548,8.763,8.727,8.703,9.358,9.322,9.518,9.549,9.572,9.527,9.553,9.563,9.6,9.534,9.546,9.474,9.547,9.668,9.61,8.131
phase_deg,8.86,9.047,9.03,8.839,5.734,8.771,8.751,8.705,9.292,9.329,9.355,9.542,9.449,9.47,9.518,9.478,9.539,9.504,9.532,9.481,9.562,9.621,9.523,8.113
phase_deg,8.88,9.064,8.963,8.849,6.888,8.821,8.685,8.712,9.197,9.306,9.365,9.328,9.359,9.416,9.554,9.46,9.448,9.498,9.632,9.492,9.504,9.471,9.468,8.094
phase_deg,8.9,8.982,8.913,8.859,6.295,8.729,8.637,8.702,9.166,9.387,9.277,9.446,9.359,9.392,9.607,9.502,9.474,9.448,9.571,9.434,9.475,9.482,9.502,8.076
phase_deg,8.92,8.893,8.826,8.804,6.324,8.667,8.578,8.651,9.124,9.325,9.294,9.486,9.315,9.512,9.479,9.486,9.431,9.479,9.482,9.408,9.459,9.515,9.459,8.058
phase_deg,8.94,8.858,8.847,8.76,5.468,8.632,8.584,8.608,9.165,9.303,9.208,9.345,9.386,9.379,9.429,9.391,9.316,9.479,9.465,9.387,9.402,9.562,9.471,8.039
phase_deg,8.96,8.864,8.845,8.756,5.862,8.591,8.572,8.592,9.125,9.288,9.146,9.305,9.314,9.38,9.423,9.297,9.372,9.267,9.447,9.406,9.383,9.44,9.406,8.021
phase_deg,8.98,8.854,8.776,8.742,6.324,8.598,8.497,8.584,9.087,9.119,9.249,9.339,9.309,9.353,9.372,9.327,9.376,9.291,9.466,9.361,9.362,9.338,9.455,8.003
phase_deg,9.0,8.812,8.701,8.725,5.337,8.593,8.426,8.546,9.147,9.091,9.166,9.369,9.393,9.285,9.331,9.332,9.219,9.351,9.423,9.383,9.402,9.371,9.507,7.985
phase_deg,9.02,8.799,8.671,8.673,4.99,8.599,8.422,8.509,9.131,9.07,9.226,9.266,9.211,9.305,9.217,9.357,9.205,9.31,9.388,9.381,9.329,9.352,9.344,7.967
phase_deg,9.040000000000001,8.708,8.683,8.605,5.287,8.484,8.457,8.453,9.0,9.105,9.165,9.157,9.166,9.321,9.223,9.451,9.314,9.283,9.262,9.316,9.294,9.371,9.239,7.949
phase_deg,9.06,8.743,8.736,8.582,6.136,8.49,8.476,8.421,8.949,9.11,9.114,9.275,9.227,9.321,9.264,9.305,9.315,9.255,9.305,9.257,9.2,9.357,9.307,7.932
phase_deg,9.08,8.813,8.652,8.558,5.795,8.549,8.392,8.408,9.011,8.978,9.08,9.144,9.248,9.296,9.158,9.249,9.359,9.267,9.352,9.284,9.197,9.354,9.264,7.914
phase_deg,9.1,8.745,8.607,8.535,6.224,8.478,8.363,8.356,8.994,9.104,9.084,9.101,9.109,9.229,9.196,9.192,9.188,9.207,9.27,9.324,9.175,9.274,9.155,7.896
phase_deg,9.120000000000001,8.631,8.645,8.532,6.522,8.353,8.384,8.344,8.995,9.01,9.039,9.088,9.021,9.128,9.156,9.191,9.207,9.257,9.275,9.325,9.185,9.211,9.111,7.879
phase_deg,9.14,8.635,8.613,8.538,5.673,8.365,8.369,8.341,8.909,9.014,8.985,9.12,9.071,9.18,9.3,9.146,9.258,9.262,9.207,9.26,9.228,9.218,9.124,7.861
phase_deg,9.16,8.589,8.574,8.515,4.834,8.299,8.273,8.318,8.952,9.046,9.007,9.135,9.036,9.179,9.182,9.183,9.17,9.108,9.157,9.167,9.165,9.111,9.151,7.844
phase_deg,9.18,8.572,8.526,8.486,5.765,8.304,8.25,8.318,8.999,9.01,8.91,9.055,9.052,9.157,9.111,9.158,9.147,9.083,9.138,9.176,9.078,9.245,9.161,7.827
phase_deg,9.200000000000001,8.586,8.53,8.483,6.071,8.309,8.281,8.302,8.954,8.923,8.964,9.062,9.074,9.188,9.068,9.167,9.097,9.089,9.132,9.181,9.162,9.227,9.159,7.809
phase_deg,9.22,8.531,8.506,8.463,6.463,8.236,8.235,8.3,8.762,8.971,8.972,9.0,9.048,9.087,9.134,9.139,9.01,9.033,9.103,9.108,9.08,9.146,9.074,7.792
phase_deg,9.24,8.477,8.469,8.392,5.13,8.192,8.184,8.264,8.776,8.956,8.904,8.915,9.005,9.019,9.103,9.012,8.927,9.09,8.974,9.116,9.084,9.028,9.018,7.775
phase_deg,9.26,8.432,8.45,8.339,5.75,8.189,8.153,8.161,8.8,8.896,8.871,8.905,8.981,9.086,9.005,8.983,8.963,9.167,8.979,9.177,9.134,9.125,9.144,7.758
phase_deg,9.28,8.421,8.459,8.312,5.729,8.205,8.164,8.151,8.847,8.876,8.763,8.937,9.035,9.037,8.952,9.041,8.954,9.084,9.041,9.047,9.113,9.08,9.119,7.741
phase_deg,9.3,8.423,8.454,8.352,6.218,8.185,8.171,8.196,8.753,8.878,8.742,8.886,9.055,8.911,8.961,8.99,9.003,8.936,8.948,9.023,9.105,9.036,9.055,7.725
phase_deg,9.32,8.476,8.371,8.283,5.867,8.226,8.084,8.13,8.692,8.907,8.774,8.799,8.92,8.897,8.976,8.919,8.974,8.912,8.861,9.031,9.05,9.068,9.027,7.708
phase_deg,9.34,8.405,8.398,8.295,5.929,8.171,8.13,8.16,8.703,8.877,8.735,8.859,8.709,8.894,9.007,8.921,8.942,9.033,8.868,9.007,9.02,9.054,8.928,7.691
phase_deg,9.36,8.38,8.39,8.251,6.072,8.158,8.079,8.112,8.725,8.736,8.768,8.829,8.714,8.873,9.023,8.952,8.96,9.071,8.891,8.967,8.851,8.91,8.896,7.675
phase_deg,9.38,8.428,8.336,8.222,5.74,8.178,8.032,8.085,8.607,8.734,8.746,8.83,8.817,8.877,8.914,8.905,8.981,8.957,8.919,8.906,8.874,8.854,8.941,7.658
phase_deg,9.4,8.377,8.312,8.22,5.152,8.116,8.034,8.061,8.599,8.77,8.786,8.815,8.841,8.794,8.897,8.831,8.884,8.776,8.916,8.94,8.825,8.948,8.944,7.641
phase_deg,9.42,8.293,8.215,8.207,5.237,8.034,7.96,8.04,8.64,8.635,8.677,8.742,8.817,8.921,8.926,8.86,8.812,8.713,8.819,8.919,8.83,8.881,8.946,7.625
phase_deg,9.44,8.248,8.232,8.192,5.852,8.008,7.983,8.017,8.65,8.552,8.575,8.767,8.719,8.92,8.967,8.781,8.797,8.75,8.742,8.876,8.881,8.776,8.968,7.609
phase_deg,9.46,8.24,8.266,8.139,5.627,8.027,8.003,7.959,8.568,8.568,8.628,8.64,8.734,8.744,8.862,8.782,8.767,8.796,8.726,8.82,8.793,8.794,8.971,7.593
phase_deg,9.48,8.262,8.215,8.032,5.34,8.019,7.964,7.89,8.576,8.576,8.57,8.68,8.706,8.784,8.856,8.886,8.729,8.796,8.803,8.893,8.731,8.796,8.869,7.576
phase_deg,9.5,8.223,8.18,8.037,5.55,7.953,7.92,7.877,8.594,8.538,8.552,8.666,8.558,8.695,8.803,8.739,8.727,8.756,8.811,8.856,8.728,8.866,8.81,7.56
phase_deg,9.52,8.153,8.131,8.015,5.395,7.891,7.846,7.857,8.554,8.481,8.558,8.657,8.615,8.67,8.815,8.813,8.724,8.738,8.783,8.813,8.696,8.811,8.777,7.544
phase_deg,9.540000000000001,8.2,8.136,8.042,4.605,7.875,7.847,7.848,8.541,8.485,8.626,8.735,8.586,8.76,8.798,8.708,8.849,8.744,8.741,8.737,8.755,8.749,8.765,7.528
phase_deg,9.56,8.186,8.148,7.977,4.656,7.902,7.865,7.824,8.531,8.531,8.648,8.672,8.494,8.712,8.81,8.639,8.687,8.698,8.786,8.679,8.716,8.756,8.822,7.512
phase_deg,9.58,8.151,8.131,7.927,5.244,7.877,7.824,7.802,8.511,8.54,8.547,8.571,8.566,8.623,8.827,8.69,8.643,8.637,8.825,8.675,8.733,8.71,8.765,7.496
phase_deg,9.6,8.114,8.123,7.954,5.707,7.89,7.818,7.796,8.513,8.454,8.506,8.548,8.605,8.692,8.673,8.693,8.69,8.572,8.709,8.707,8.711,8.714,8.603,7.481
phase_deg,9.620000000000001,8.057,8.067,7.962,5.581,7.813,7.804,7.779,8.471,8.454,8.441,8.562,8.628,8.694,8.667,8.569,8.703,8.639,8.72,8.761,8.711,8.716,8.547,7.465
phase_deg,9.64,8.087,8.11,7.935,4.866,7.845,7.807,7.769,8.37,8.449,8.439,8.503,8.585,8.663,8.649,8.457,8.72,8.75,8.725,8.7,8.657,8.644,8.529,7.449
phase_deg,9.66,8.059,8.05,7.883,4.961,7.856,7.747,7.726,8.337,8.395,8.518,8.394,8.519,8.664,8.605,8.529,8.649,8.718,8.718,8.617,8.438,8.653,8.645,7.434
phase_deg,9.68,7.983,7.962,7.857,5.111,7.712,7.696,7.705,8.356,8.315,8.48,8.357,8.478,8.549,8.543,8.607,8.593,8.588,8.551,8.738,8.455,8.653,8.668,7.418
phase_deg,9.700000000000001,7.948,7.874,7.891,5.94,7.667,7.648,7.755,8.253,8.332,8.341,8.388,8.42,8.53,8.647,8.56,8.533,8.593,8.612,8.66,8.461,8.641,8.646,7.403
phase_deg,9.72,7.951,7.934,7.929,5.64,7.694,7.683,7.777,8.187,8.327,8.339,8.518,8.386,8.498,8.641,8.432,8.508,8.489,8.593,8.599,8.477,8.593,8.624,7.387
phase_deg,9.74,7.961,7.959,7.837,5.078,7.755,7.69,7.676,8.213,8.322,8.321,8.439,8.441,8.478,8.548,8.501,8.555,8.513,8.536,8.492,8.55,8.555,8.637,7.372
phase_deg,9.76,7.966,7.956,7.795,5.403,7.741,7.703,7.641,8.187,8.354,8.29,8.36,8.278,8.475,8.514,8.625,8.48,8.611,8.563,8.475,8.465,8.511,8.607,7.357
phase_deg,9.78,7.961,7.888,7.781,5.738,7.747,7.644,7.624,8.216,8.283,8.277,8.308,8.337,8.41,8.399,8.556,8.47,8.476,8.375,8.478,8.494,8.456,8.602,7.342
phase_deg,9.8,7.881,7.821,7.764,6.038,7.624,7.514,7.604,8.191,8.243,8.227,8.336,8.36,8.376,8.371,8.477,8.4,8.467,8.331,8.352,8.456,8.385,8.577,7.326
phase_deg,9.82,7.875,7.812,7.748,5.52,7.611,7.475,7.573,8.207,8.229,8.26,8.308,8.338,8.35,8.403,8.465,8.447,8.468,8.422,8.423,8.475,8.449,8.403,7.311
phase_deg,9.84,7.842,7.886,7.711,5.666,7.62,7.554,7.559,8.262,8.235,8.251,8.314,8.298,8.315,8.456,8.444,8.378,8.431,8.386,8.409,8.563,8.519,8.424,7.296
phase_deg,9.86,7.822,7.778,7.721,5.325,7.597,7.485,7.616,8.169,8.173,8.244,8.282,8.311,8.324,8.404,8.277,8.343,8.478,8.376,8.403,8.527,8.452,8.389,7.281
phase_deg,9.88,7.847,7.767,7.695,5.739,7.528,7.46,7.598,8.091,8.158,8.185,8.285,8.242,8.267,8.422,8.442,8.384,8.445,8.379,8.453,8.512,8.387,8.385,7.267
phase_deg,9.9,7.884,7.804,7.663,5.458,7.604,7.504,7.496,8.071,8.206,8.134,8.209,8.271,8.303,8.386,8.469,8.317,8.413,8.416,8.543,8.567,8.453,8.397,7.252
phase_deg,9.92,7.838,7.725,7.611,4.613,7.545,7.444,7.45,7.981,8.225,8.092,8.133,8.224,8.332,8.477,8.36,8.201,8.408,8.495,8.294,8.507,8.386,8.396,7.237
phase_deg,9.94,7.806,7.665,7.587,5.023,7.539,7.367,7.468,8.001,8.039,8.148,8.135,8.263,8.458,8.324,8.366,8.332,8.273,8.413,8.263,8.361,8.408,8.352,7.222
phase_deg,9.96,7.762,7.708,7.596,5.65,7.529,7.387,7.46,8.012,8.084,8.193,8.144,8.239,8.388,8.236,8.376,8.366,8.331,8.365,8.335,8.279,8.334,8.359,7.208
phase_deg,9.98,7.638,7.637,7.549,5.4,7.408,7.368,7.385,8.009,8.066,8.09,8.15,8.244,8.298,8.266,8.265,8.33,8.27,8.321,8.347,8.26,8.265,8.333,7.193
phase_deg,10.0,7.664,7.553,7.548,5.831,7.399,7.344,7.405,7.992,8.079,7.964,8.144,8.208,8.303,8.307,8.235,8.205,8.174,8.304,8.278,8.217,8.198,8.278,7.178
phase_deg,10.02,7.709,7.607,7.514,5.083,7.416,7.336,7.403,7.949,8.127,8.064,8.143,8.229,8.211,8.339,8.245,8.247,8.161,8.192,8.285,8.175,8.267,8.312,7.164
phase_deg,10.040000000000001,7.66,7.631,7.455,4.99,7.358,7.348,7.349,7.931,8.014,8.09,8.125,8.26,8.137,8.231,8.133,8.155,8.134,8.221,8.256,8.253,8.266,8.232,7.15
phase_deg,10.06,7.597,7.55,7.523,5.405,7.311,7.321,7.364,7.817,7.965,8.089,8.126,8.147,8.1,8.204,8.192,8.147,8.165,8.177,8.249,8.22,8.252,8.146,7.135
phase_deg,10.08,7.587,7.589,7.52,5.217,7.244,7.36,7.357,7.821,7.999,8.064,7.975,8.097,8.091,8.232,8.306,8.176,8.153,8.096,8.167,8.272,8.132,8.117,7.121
phase_deg,10.1,7.552,7.679,7.481,5.329,7.266,7.361,7.342,7.887,8.008,7.959,7.978,8.089,8.139,8.165,8.236,8.136,8.171,8.087,8.18,8.187,8.193,8.054,7.107
phase_deg,10.120000000000001,7.539,7.539,7.448,5.142,7.265,7.224,7.282,7.933,7.993,7.857,7.956,8.092,8.11,8.181,8.224,8.159,8.145,8.059,8.115,8.086,8.262,8.138,7.093
phase_deg,10.14,7.532,7.49,7.363,4.867,7.279,7.254,7.197,7.943,7.992,7.896,8.017,8.108,8.102,8.1,8.176,8.16,8.143,8.009,8.159,7.993,8.309,8.187,7.078
phase_deg,10.16,7.536,7.476,7.359,4.432,7.197,7.232,7.188,7.866,7.919,7.876,7.981,7.976,8.066,8.06,8.135,8.147,8.144,8.296,8.023,8.098,8.226,8.189,7.064
phase_deg,10.18,7.544,7.377,7.373,5.104,7.2,7.12,7.294,7.818,7.93,7.873,7.906,8.023,8.012,8.05,8.119,8.142,8.129,8.251,8.023,8.261,8.086,8.087,7.05
phase_deg,10.200000000000001,7.441,7.435,7.333,4.836,7.197,7.182,7.213,7.804,7.951,7.875,7.943,8.09,8.07,8.039,8.076,7.947,8.054,8.147,8.022,8.18,8.117,8.0,7.036
phase_deg,10.22,7.396,7.448,7.314,4.808,7.167,7.195,7.174,7.773,7.864,7.854,7.894,8.104,8.064,7.998,8.039,8.017,8.076,8.162,8.097,8.018,8.095,8.001,7.023
phase_deg,10.24,7.436,7.428,7.25,5.774,7.157,7.156,7.087,7.732,7.734,7.847,7.885,7.971,7.995,7.959,8.038,8.035,8.03,8.069,8.12,7.961,8.008,8.057,7.009
phase_deg,10.26,7.447,7.364,7.246,5.338,7.145,7.088,7.132,7.726,7.721,7.814,7.791,7.847,7.99,7.979,8.079,8.116,8.124,7.991,8.068,8.039,8.057,8.043,6.995
phase_deg,10.28,7.47,7.355,7.272,5.43,7.216,7.087,7.129,7.684,7.699,7.764,7.638,7.887,7.988,8.034,8.029,8.037,8.088,8.039,8.016,8.066,7.961,8.082,6.981
phase_deg,10.3,7.411,7.347,7.259,6.07,7.113,7.052,7.098,7.697,7.756,7.803,7.766,7.977,7.892,7.851,8.01,7.951,8.065,7.957,7.988,7.978,7.987,8.05,6.967
phase_deg,10.32,7.351,7.247,7.253,5.432,7.083,6.949,7.093,7.637,7.787,7.767,7.764,7.895,7.915,7.903,7.999,7.96,8.001,7.909,7.971,7.84,8.032,8.026,6.954
phase_deg,10.34,7.257,7.286,7.275,5.144,6.963,6.996,7.098,7.626,7.721,7.746,7.802,7.869,7.89,7.967,8.017,7.951,7.992,7.861,7.906,7.988,8.002,7.964,6.94
phase_deg,10.36,7.246,7.261,7.217,5.534,7.012,6.985,7.068,7.662,7.807,7.721,7.793,7.89,7.785,7.947,7.948,7.953,8.025,7.851,7.991,8.038,7.979,7.964,6.927
phase_deg,10.38,7.261,7.196,7.181,5.124,7.037,6.916,7.021,7.707,7.823,7.743,7.774,7.79,7.787,7.88,7.872,7.86,7.936,7.904,7.981,7.819,7.901,7.826,6.913
phase_deg,10.4,7.347,7.245,7.182,5.064,7.103,6.952,6.996,7.607,7.64,7.666,7.612,7.816,7.88,7.878,7.916,7.884,7.917,7.919,7.955,7.862,7.882,7.878,6.9
phase_deg,10.42,7.246,7.227,7.129,4.577,6.942,6.954,6.961,7.615,7.611,7.736,7.661,7.665,7.906,7.843,7.878,7.871,7.865,7.846,7.97,7.834,7.942,7.96,6.887
phase_deg,10.44,7.177,7.165,7.116,5.198,6.87,6.896,6.976,7.599,7.619,7.702,7.705,7.751,7.856,7.838,7.8,7.909,7.906,7.811,7.897,7.811,7.897,7.942,6.873
phase_deg,10.46,7.171,7.209,7.107,5.483,6.857,6.927,6.915,7.506,7.557,7.598,7.678,7.737,7.727,7.79,7.766,7.854,7.896,7.832,7.77,7.733,7.873,7.921,6.86
phase_deg,10.48,7.18,7.157,7.082,5.315,6.877,6.85,6.906,7.465,7.509,7.624,7.651,7.711,7.78,7.805,7.781,7.883,7.728,7.903,7.729,7.716,7.826,7.869,6.847
phase_deg,10.5,7.204,7.124,7.018,5.937,6.974,6.825,6.867,7.478,7.544,7.626,7.654,7.757,7.832,7.773,7.824,7.857,7.801,7.888,7.814,7.768,7.836,7.822,6.834
phase_deg,10.52,7.231,7.136,7.017,6.036,6.988,6.831,6.871,7.482,7.62,7.629,7.641,7.757,7.794,7.78,7.756,7.719,7.688,7.863,7.812,7.862,7.78,7.841,6.821
phase_deg,10.540000000000001,7.154,7.124,6.989,5.649,6.811,6.838,6.819,7.388,7.652,7.643,7.537,7.692,7.677,7.705,7.729,7.805,7.71,7.779,7.801,7.894,7.722,7.827,6.807
phase_deg,10.56,7.083,7.146,6.97,5.106,6.727,6.851,6.831,7.413,7.571,7.545,7.629,7.682,7.687,7.651,7.699,7.781,7.718,7.799,7.703,7.757,7.809,7.827,6.794
phase_deg,10.58,7.051,7.084,6.968,5.655,6.631,6.767,6.776,7.436,7.491,7.548,7.59,7.644,7.621,7.668,7.691,7.79,7.753,7.859,7.689,7.708,7.663,7.78,6.781
phase_deg,10.6,7.053,6.996,6.925,5.265,6.817,6.71,6.749,7.335,7.452,7.426,7.634,7.619,7.628,7.729,7.749,7.693,7.701,7.791,7.704,7.693,7.669,7.68,6.769
phase_deg,10.620000000000001,7.099,7.015,6.898,5.054,6.775,6.802,6.737,7.363,7.401,7.445,7.619,7.659,7.663,7.746,7.752,7.632,7.653,7.76,7.622,7.678,7.638,7.699,6.756
phase_deg,10.64,7.095,7.076,6.916,4.636,6.748,6.831,6.76,7.446,7.489,7.473,7.587,7.613,7.65,7.763,7.629,7.696,7.66,7.64,7.634,7.688,7.524,7.663,6.743
phase_deg,10.66,7.078,7.054,6.778,5.145,6.803,6.741,6.694,7.44,7.424,7.475,7.591,7.612,7.621,7.638,7.617,7.754,7.656,7.631,7.604,7.582,7.574,7.601,6.73
phase_deg,10.68,7.041,6.98,6.832,4.751,6.751,6.691,6.711,7.381,7.266,7.371,7.533,7.619,7.475,7.681,7.622,7.707,7.605,7.673,7.579,7.574,7.667,7.53,6.717
phase_deg,10.700000000000001,7.035,6.906,6.885,5.405,6.758,6.664,6.703,7.3,7.387,7.354,7.419,7.605,7.433,7.565,7.631,7.636,7.535,7.669,7.564,7.628,7.656,7.659,6.705
phase_deg,10.72,7.02,6.94,6.853,4.828,6.651,6.648,6.605,7.35,7.381,7.421,7.432,7.592,7.586,7.575,7.714,7.582,7.505,7.515,7.617,7.638,7.608,7.741,6.692
phase_deg,10.74,6.994,6.922,6.793,4.645,6.574,6.644,6.602,7.267,7.3,7.395,7.444,7.454,7.569,7.576,7.72,7.567,7.643,7.513,7.694,7.638,7.622,7.688,6.68
phase_deg,10.76,6.952,6.885,6.823,5.119,6.604,6.574,6.642,7.183,7.392,7.414,7.512,7.349,7.585,7.533,7.681,7.622,7.508,7.577,7.542,7.569,7.672,7.616,6.667
phase_deg,10.78,6.93,6.858,6.741,4.875,6.62,6.584,6.578,7.18,7.332,7.309,7.593,7.393,7.583,7.508,7.601,7.559,7.536,7.638,7.487,7.515,7.637,7.631,6.655
phase_deg,10.8,6.886,6.879,6.773,4.714,6.658,6.627,6.579,7.254,7.326,7.241,7.462,7.459,7.548,7.537,7.502,7.602,7.6,7.553,7.494,7.496,7.612,7.517,6.642
phase_deg,10.82,6.879,6.834,6.722,5.238,6.633,6.567,6.549,7.232,7.398,7.156,7.353,7.474,7.497,7.576,7.505,7.617,7.542,7.594,7.554,7.471,7.586,7.452,6.63
phase_deg,10.84,6.885,6.736,6.664,5.731,6.595,6.493,6.488,7.16,7.321,7.161,7.31,7.401,7.507,7.542,7.544,7.476,7.456,7.571,7.541,7.639,7.587,7.527,6.617
phase_deg,10.86,6.845,6.763,6.657,4.835,6.529,6.508,6.471,7.17,7.327,7.238,7.342,7.36,7.467,7.5,7.53,7.406,7.432,7.51,7.525,7.493,7.495,7.479,6.605
phase_deg,10.88,6.817,6.806,6.753,4.06,6.495,6.501,6.512,7.14,7.254,7.196,7.357,7.315,7.395,7.372,7.493,7.361,7.518,7.525,7.524,7.465,7.439,7.476,6.593
phase_deg,10.9,6.842,6.822,6.722,4.324,6.571,6.48,6.56,7.187,7.212,7.149,7.361,7.367,7.39,7.428,7.492,7.447,7.491,7.459,7.449,7.35,7.449,7.462,6.581
phase_deg,10.92,6.751,6.766,6.632,5.133,6.464,6.424,6.47,7.175,7.197,7.201,7.31,7.399,7.382,7.505,7.465,7.509,7.439,7.362,7.373,7.419,7.435,7.538,6.569
phase_deg,10.94,6.732,6.603,6.64,4.537,6.454,6.327,6.477,7.118,7.194,7.25,7.239,7.353,7.498,7.384,7.429,7.395,7.455,7.464,7.339,7.379,7.404,7.502,6.557
phase_deg,10.96,6.767,6.6,6.615,4.264,6.438,6.344,6.445,7.133,7.23,7.249,7.267,7.384,7.487,7.351,7.289,7.368,7.39,7.468,7.315,7.324,7.319,7.504,6.544
phase_deg,10.98,6.75,6.671,6.571,4.753,6.504,6.399,6.379,7.152,7.137,7.214,7.233,7.477,7.432,7.337,7.191,7.362,7.417,7.481,7.335,7.375,7.366,7.496,6.532
phase_deg,11.0,6.709,6.602,6.587,4.709,6.47,6.317,6.446,7.152,7.17,7.149,7.263,7.33,7.363,7.346,7.266,7.41,7.393,7.422,7.301,7.429,7.376,7.471,6.52
phase_deg,11.02,6.734,6.561,6.556,4.792,6.463,6.272,6.468,7.085,7.189,7.137,7.239,7.246,7.367,7.314,7.346,7.424,7.369,7.293,7.268,7.442,7.319,7.429,6.509
phase_deg,11.040000000000001,6.712,6.606,6.507,5.182,6.346,6.289,6.389,6.981,7.161,7.127,7.173,7.284,7.342,7.351,7.287,7.27,7.308,7.352,7.333,7.543,7.356,7.361,6.497
phase_deg,11.06,6.659,6.674,6.472,4.649,6.338,6.412,6.335,6.986,7.098,7.107,7.095,7.199,7.223,7.439,7.225,7.295,7.409,7.442,7.319,7.358,7.325,7.269,6.485
phase_deg,11.08,6.67,6.661,6.504,4.663,6.375,6.415,6.266,6.983,7.1,7.069,7.206,7.246,7.313,7.396,7.323,7.385,7.394,7.307,7.287,7.191,7.37,7.261,6.473
phase_deg,11.1,6.643,6.601,6.448,4.973,6.331,6.347,6.223,6.967,7.098,7.101,7.179,7.153,7.332,7.35,7.378,7.394,7.304,7.343,7.221,7.288,7.422,7.382,6.461
phase_deg,11.120000000000001,6.63,6.59,6.488,4.998,6.313,6.297,6.303,6.929,7.037,7.056,7.076,7.102,7.24,7.268,7.332,7.37,7.218,7.296,7.227,7.317,7.38,7.349,6.45
phase_deg,11.14,6.639,6.577,6.434,5.13,6.347,6.236,6.289,6.994,6.983,7.034,6.975,7.151,7.133,7.256,7.329,7.323,7.247,7.284,7.174,7.352,7.334,7.399,6.438
phase_deg,11.16,6.658,6.525,6.424,5.557,6.328,6.225,6.172,6.975,7.02,7.0,6.954,7.153,7.186,7.209,7.311,7.261,7.282,7.208,7.274,7.298,7.34,7.406,6.426
phase_deg,11.18,6.603,6.49,6.447,5.467,6.292,6.148,6.205,6.89,6.983,7.098,7.0,7.089,7.181,7.105,7.245,7.227,7.263,7.214,7.284,7.27,7.338,7.34,6.415
phase_deg,11.200000000000001,6.564,6.517,6.426,4.91,6.321,6.154,6.198,6.784,6.963,7.023,7.02,7.147,7.217,7.17,7.179,7.131,7.321,7.111,7.276,7.243,7.177,7.265,6.403
phase_deg,11.22,6.53,6.495,6.377,4.772,6.274,6.127,6.191,6.787,6.934,6.931,7.069,7.158,7.094,7.176,7.193,7.125,7.364,7.09,7.259,7.237,7.209,7.207,6.392
phase_deg,11.24,6.468,6.473,6.285,4.937,6.182,6.117,6.06,6.856,6.956,6.925,6.999,7.087,7.084,7.14,7.186,7.223,7.215,7.153,7.091,7.272,7.27,7.228,6.38
phase_deg,11.26,6.478,6.493,6.269,4.767,6.135,6.155,6.175,6.931,6.884,6.926,7.055,7.073,7.04,7.073,7.158,7.218,7.161,7.18,7.164,7.267,7.246,7.022,6.369
phase_deg,11.28,6.555,6.454,6.298,4.796,6.144,6.174,6.232,6.9,6.864,6.847,7.077,7.127,7.096,7.097,7.199,7.225,7.21,7.188,7.104,7.112,7.224,7.133,6.357
phase_deg,11.3,6.492,6.376,6.344,4.621,6.243,6.069,6.154,6.777,6.892,6.828,6.954,7.08,7.08,7.038,7.186,7.138,7.216,7.103,7.189,7.115,7.247,7.199,6.346
phase_deg,11.32,6.454,6.348,6.328,4.771,6.288,6.005,6.135,6.787,6.884,6.955,6.978,6.94,7.057,7.078,7.158,7.09,7.109,7.104,7.121,7.053,7.223,7.154,6.335
phase_deg,11.34,6.488,6.369,6.249,5.225,6.214,6.022,6.111,6.865,6.876,6.921,6.962,6.965,7.121,7.112,7.105,7.179,7.086,7.076,7.099,7.13,7.177,7.148,6.324
phase_deg,11.36,6.453,6.335,6.277,5.015,6.121,6.025,6.126,6.779,6.871,6.828,6.936,6.894,7.052,7.077,7.129,7.162,7.106,7.041,7.044,7.176,7.24,7.137,6.312
phase_deg,11.38,6.444,6.331,6.256,4.443,6.118,6.05,6.109,6.674,6.829,6.832,6.868,6.987,7.062,7.126,7.088,7.187,7.024,7.018,7.186,7.101,7.19,7.059,6.301
phase_deg,11.4,6.388,6.292,6.224,4.056,6.075,6.01,6.053,6.661,6.846,6.827,6.914,7.007,7.012,7.173,7.005,7.141,6.99,7.128,7.243,7.157,7.0,7.025,6.29
phase_deg,11.42,6.352,6.332,6.204,4.373,6.058,6.064,6.019,6.701,6.888,6.795,6.893,6.943,6.956,7.106,6.995,7.14,6.991,7.136,7.098,7.068,7.076,7.024,6.279
phase_deg,11.44,6.333,6.286,6.183,4.632,6.063,5.992,6.013,6.676,6.867,6.785,7.003,7.012,6.944,6.981,7.041,7.046,7.028,7.053,7.082,6.932,7.081,7.082,6.268
phase_deg,11.46,6.282,6.256,6.201,4.642,6.057,5.92,6.023,6.677,6.841,6.826,6.861,6.956,6.935,7.056,6.985,7.003,7.152,6.905,7.006,7.021,7.082,7.129,6.257
phase_deg,11.48,6.26,6.198,6.16,4.332,5.955,5.838,5.99,6.728,6.821,6.84,6.722,7.005,6.943,7.117,6.918,6.974,7.057,6.984,7.059,7.01,6.992,7.055,6.246
phase_deg,11.5,6.316,6.137,6.096,4.016,5.989,5.83,5.869,6.763,6.698,6.759,6.813,6.978,6.872,6.898,6.93,6.917,6.957,7.065,7.029,7.12,6.987,7.026,6.235
phase_deg,11.52,6.262,6.195,6.11,4.278,6.048,5.867,5.906,6.622,6.676,6.737,6.816,6.992,6.894,6.841,6.997,6.954,7.056,7.039,6.956,6.996,6.985,7.054,6.224
phase_deg,11.540000000000001,6.222,6.255,6.052,4.582,5.996,5.936,5.827,6.568,6.724,6.744,6.836,6.924,6.984,6.972,7.067,6.985,6.984,7.004,7.017,7.006,7.063,7.022,6.213
phase_deg,11.56,6.234,6.267,6.075,4.917,5.929,5.925,5.857,6.602,6.761,6.653,6.756,6.916,6.904,7.043,6.974,6.968,6.959,6.997,7.015,6.952,6.969,7.05,6.202
phase_deg,11.58,6.229,6.259,6.074,4.498,5.924,5.929,5.857,6.606,6.687,6.668,6.816,6.77,6.869,6.97,6.929,6.993,6.873,6.907,6.974,6.998,6.979,6.992,6.191
phase_deg,11.6,6.228,6.21,6.03,4.09,6.0,5.923,5.828,6.67,6.694,6.684,6.842,6.781,6.922,7.001,6.877,6.923,6.785,6.928,6.944,6.998,6.95,7.003,6.181
phase_deg,11.620000000000001,6.11,6.16,6.001,4.312,5.863,5.771,5.843,6.58,6.687,6.712,6.779,6.79,6.823,6.943,6.832,6.85,6.874,6.836,6.983,6.976,6.959,7.016,6.17
phase_deg,11.64,6.109,6.197,6.001,4.557,5.837,5.768,5.847,6.573,6.625,6.784,6.787,6.736,6.811,6.914,6.846,6.961,6.899,6.928,6.95,6.957,6.848,6.872,6.159
phase_deg,11.66,6.12,6.203,6.045,4.08,5.947,5.777,5.827,6.545,6.561,6.73,6.689,6.799,6.789,6.803,6.756,6.999,6.916,6.986,6.837,6.886,6.777,6.866,6.149
phase_deg,11.68,6.193,6.169,5.986,4.444,5.93,5.815,5.763,6.536,6.666,6.683,6.633,6.802,6.805,6.867,6.863,6.951,6.904,6.921,6.857,6.779,6.888,6.891,6.138
phase_deg,11.700000000000001,6.164,6.114,5.96,4.223,5.854,5.805,5.733,6.527,6.689,6.636,6.645,6.788,6.871,6.815,6.855,6.838,6.849,6.97,6.824,6.854,6.871,6.908,6.128
phase_deg,11.72,6.083,6.078,5.967,4.106,5.812,5.854,5.75,6.472,6.666,6.564,6.707,6.673,6.944,6.754,6.828,6.773,6.707,6.914,6.79,6.874,6.869,6.874,6.117
phase_deg,11.74,6.088,6.038,5.948,4.791,5.756,5.816,5.768,6.516,6.711,6.465,6.688,6.668,6.939,6.762,6.831,6.762,6.768,6.934,6.827,6.803,6.852,6.852,6.107
phase_deg,11.76,6.136,6.038,5.915,4.786,5.797,5.711,5.736,6.523,6.706,6.536,6.669,6.581,6.777,6.882,6.688,6.816,6.81,6.832,6.849,6.771,6.693,6.959,6.096
phase_deg,11.78,6.051,6.034,5.905,5.031,5.723,5.701,5.685,6.464,6.558,6.549,6.544,6.507,6.734,6.871,6.727,6.787,6.907,6.794,6.738,6.771,6.779,6.889,6.086
phase_deg,11.8,6.026,5.987,5.917,4.22,5.674,5.638,5.651,6.455,6.545,6.492,6.633,6.598,6.71,6.716,6.826,6.731,6.917,6.796,6.794,6.689,6.827,6.754,6.075
phase_deg,11.82,6.053,5.912,5.886,4.641,5.734,5.607,5.676,6.395,6.465,6.522,6.636,6.734,6.703,6.705,6.821,6.805,6.798,6.78,6.898,6.701,6.851,6.76,6.065
phase_deg,11.84,5.997,5.912,5.791,4.393,5.636,5.584,5.633,6.35,6.469,6.519,6.64,6.662,6.695,6.732,6.73,6.818,6.859,6.725,6.814,6.671,6.829,6.758,6.055
phase_deg,11.86,5.972,5.945,5.842,4.257,5.606,5.56,5.639,6.459,6.565,6.495,6.571,6.557,6.709,6.667,6.677,6.714,6.792,6.676,6.854,6.63,6.786,6.731,6.044
phase_deg,11.88,5.974,5.908,5.846,3.97,5.576,5.484,5.642,6.412,6.462,6.442,6.599,6.582,6.701,6.656,6.628,6.744,6.774,6.772,6.824,6.743,6.743,6.709,6.034
phase_deg,11.9,5.935,5.939,5.838,4.116,5.63,5.481,5.632,6.382,6.385,6.419,6.564,6.65,6.687,6.781,6.612,6.678,6.81,6.689,6.732,6.803,6.762,6.739,6.024
phase_deg,11.92,5.946,5.866,5.776,4.316,5.712,5.443,5.572,6.349,6.4,6.476,6.617,6.631,6.587,6.68,6.573,6.704,6.819,6.671,6.667,6.712,6.745,6.722,6.014
phase_deg,11.94,5.985,5.865,5.736,3.895,5.641,5.541,5.534,6.372,6.494,6.412,6.588,6.545,6.743,6.736,6.622,6.701,6.816,6.742,6.629,6.683,6.772,6.746,6.004
phase_deg,11.96,5.969,5.906,5.68,4.068,5.549,5.639,5.452,6.345,6.493,6.344,6.53,6.513,6.69,6.685,6.685,6.712,6.727,6.65,6.637,6.71,6.746,6.886,5.993
phase_deg,11.98,5.944,5.895,5.649,4.195,5.356,5.462,5.442,6.388,6.433,6.296,6.447,6.529,6.576,6.589,6.647,6.719,6.696,6.655,6.614,6.739,6.686,6.781,5.983
phase_deg,12.0,5.875,5.812,5.657,4.189,5.401,5.496,5.494,6.278,6.301,6.314,6.446,6.581,6.518,6.498,6.656,6.718,6.644,6.563,6.603,6.713,6.739,6.597,5.973
phase_deg,12.02,5.865,5.749,5.698,4.246,5.567,5.542,5.532,6.262,6.321,6.354,6.552,6.59,6.618,6.531,6.628,6.634,6.708,6.613,6.624,6.613,6.751,6.626,5.963
phase_deg,12.040000000000001,5.842,5.74,5.727,4.466,5.442,5.571,5.476,6.227,6.403,6.391,6.502,6.553,6.609,6.649,6.636,6.544,6.606,6.678,6.609,6.625,6.706,6.673,5.953
phase_deg,12.06,5.865,5.746,5.711,3.839,5.483,5.49,5.498,6.265,6.386,6.398,6.51,6.666,6.647,6.608,6.625,6.525,6.623,6.544,6.651,6.595,6.679,6.702,5.943
phase_deg,12.08,5.807,5.745,5.65,4.011,5.493,5.433,5.492,6.246,6.45,6.4,6.405,6.538,6.552,6.552,6.618,6.583,6.551,6.545,6.645,6.598,6.732,6.635,5.934
phase_deg,12.1,5.761,5.714,5.671,4.447,5.519,5.442,5.467,6.224,6.341,6.38,6.383,6.48,6.457,6.611,6.529,6.607,6.503,6.619,6.552,6.685,6.671,6.544,5.924
phase_deg,12.120000000000001,5.74,5.724,5.669,4.29,5.438,5.395,5.495,6.218,6.316,6.284,6.375,6.485,6.462,6.605,6.552,6.585,6.569,6.642,6.604,6.69,6.717,6.593,5.914
phase_deg,12.14,5.725,5.743,5.643,4.177,5.421,5.376,5.411,6.198,6.328,6.265,6.301,6.454,6.55,6.528,6.486,6.623,6.614,6.637,6.628,6.614,6.635,6.614,5.904
phase_deg,12.16,5.747,5.711,5.636,4.334,5.441,5.362,5.347,6.196,6.353,6.338,6.266,6.426,6.602,6.369,6.49,6.641,6.598,6.596,6.533,6.501,6.64,6.648,5.894
phase_deg,12.18,5.786,5.677,5.56,3.815,5.43,5.327,5.323,6.198,6.296,6.354,6.28,6.424,6.622,6.316,6.601,6.565,6.561,6.636,6.584,6.504,6.561,6.697,5.884
phase_deg,12.200000000000001,5.798,5.676,5.499,4.066,5.485,5.291,5.256,6.21,6.26,6.249,6.326,6.262,6.654,6.463,6.571,6.596,6.618,6.626,6.554,6.516,6.522,6.662,5.875
phase_deg,12.22,5.731,5.678,5.602,4.234,5.34,5.359,5.316,6.217,6.212,6.235,6.425,6.283,6.443,6.544,6.491,6.572,6.509,6.523,6.516,6.568,6.577,6.578,5.865
phase_deg,12.24,5.581,5.637,5.491,4.353,5.195,5.339,5.275,6.158,6.169,6.21,6.296,6.307,6.438,6.564,6.419,6.513,6.445,6.607,6.619,6.562,6.53,6.623,5.855
phase_deg,12.26,5.585,5.679,5.497,4.286,5.303,5.317,5.259,6.104,6.22,6.187,6.433,6.266,6.447,6.524,6.391,6.54,6.408,6.613,6.497,6.48,6.585,6.544,5.846
phase_deg,12.280000000000001,5.654,5.671,5.519,4.372,5.425,5.305,5.299,6.083,6.304,6.221,6.349,6.44,6.419,6.456,6.503,6.519,6.421,6.5,6.473,6.479,6.542,6.586,5.836
phase_deg,12.3,5.577,5.63,5.512,3.794,5.373,5.244,5.268,6.047,6.222,6.117,6.304,6.465,6.442,6.571,6.48,6.496,6.348,6.367,6.484,6.557,6.516,6.487,5.827
phase_deg,12.32,5.586,5.592,5.5,3.998,5.237,5.232,5.253,6.075,6.264,6.068,6.229,6.358,6.46,6.504,6.417,6.414,6.375,6.357,6.405,6.531,6.501,6.36,5.817
phase_deg,12.34,5.574,5.535,5.49,4.449,5.175,5.209,5.258,6.05,6.214,6.074,6.236,6.318,6.359,6.446,6.413,6.409,6.388,6.446,6.414,6.431,6.458,6.442,5.808
phase_deg,12.36,5.56,5.468,5.407,4.382,5.228,5.152,5.225,6.027,6.107,6.077,6.21,6.43,6.304,6.432,6.409,6.446,6.437,6.373,6.432,6.391,6.441,6.542,5.798
phase_deg,12.38,5.626,5.483,5.444,4.423,5.313,5.141,5.186,6.007,6.158,6.075,6.123,6.294,6.305,6.413,6.253,6.471,6.486,6.319,6.551,6.363,6.427,6.472,5.789
phase_deg,12.4,5.641,5.507,5.415,4.099,5.308,5.128,5.151,5.932,6.214,6.145,6.21,6.249,6.344,6.478,6.313,6.47,6.388,6.369,6.445,6.378,6.538,6.372,5.779
phase_deg,12.42,5.664,5.534,5.39,3.698,5.205,5.123,5.14,5.982,6.144,6.147,6.239,6.332,6.436,6.392,6.351,6.446,6.44,6.43,6.338,6.387,6.465,6.454,5.77
phase_deg,12.44,5.539,5.514,5.309,4.288,5.12,5.118,5.08,6.054,6.097,6.14,6.297,6.277,6.419,6.261,6.389,6.308,6.491,6.326,6.334,6.375,6.527,6.445,5.761
phase_deg,12.46,5.535,5.566,5.351,4.029,5.178,5.234,5.144,5.965,6.157,6.059,6.19,6.259,6.466,6.3,6.347,6.311,6.426,6.357,6.404,6.486,6.549,6.398,5.751
phase_deg,12.48,5.531,5.519,5.402,3.865,5.118,5.191,5.207,5.887,6.097,6.06,6.164,6.257,6.336,6.337,6.359,6.324,6.503,6.343,6.345,6.336,6.426,6.364,5.742
phase_deg,12.5,5.525,5.399,5.317,3.635,5.156,5.038,5.117,5.897,6.07,6.079,6.149,6.243,6.28,6.309,6.371,6.36,6.384,6.33,6.339,6.295,6.368,6.32,5.733
phase_deg,12.52,5.497,5.405,5.282,3.742,5.196,5.058,5.044,5.872,6.009,6.017,6.165,6.178,6.329,6.337,6.193,6.243,6.423,6.376,6.364,6.431,6.346,6.354,5.724
phase_deg,12.540000000000001,5.471,5.461,5.278,4.036,5.157,5.068,5.098,5.901,6.011,5.984,6.109,6.208,6.344,6.339,6.239,6.301,6.379,6.415,6.396,6.442,6.275,6.489,5.714
phase_deg,12.56,5.494,5.447,5.28,4.27,5.112,5.053,5.082,5.925,6.052,6.09,6.079,6.143,6.348,6.323,6.339,6.384,6.225,6.398,6.313,6.416,6.329,6.457,5.705
phase_deg,12.58,5.442,5.391,5.267,4.121,5.104,5.019,5.035,6.006,5.998,5.98,6.103,6.091,6.308,6.322,6.394,6.264,6.142,6.47,6.237,6.414,6.334,6.421,5.696
phase_deg,12.6,5.494,5.422,5.266,3.908,5.126,5.022,4.982,5.957,5.971,5.963,6.175,6.156,6.269,6.191,6.291,6.265,6.223,6.433,6.336,6.306,6.361,6.356,5.687
phase_deg,12.620000000000001,5.54,5.381,5.212,3.772,5.101,5.03,4.976,5.928,5.981,5.969,6.175,6.117,6.219,6.277,6.292,6.363,6.291,6.373,6.423,6.362,6.265,6.404,5.678
phase_deg,12.64,5.472,5.31,5.209,3.759,4.983,4.987,4.951,5.883,5.952,5.95,6.109,6.108,6.181,6.285,6.288,6.253,6.218,6.306,6.235,6.332,6.277,6.395,5.669
phase_deg,12.66,5.415,5.354,5.175,3.859,5.016,5.015,4.871,5.837,5.887,6.008,6.058,6.083,6.18,6.203,6.293,6.195,6.247,6.301,6.234,6.32,6.291,6.255,5.66
phase_deg,12.68,5.426,5.295,5.215,3.661,5.02,4.962,4.888,5.882,5.918,6.07,5.92,6.03,6.228,6.181,6.212,6.252,6.363,6.276,6.301,6.211,6.313,6.249,5.651
phase_deg,12.700000000000001,5.387,5.384,5.207,4.205,4.963,4.98,4.933,5.806,5.904,6.012,6.081,6.058,6.218,6.309,6.188,6.417,6.307,6.227,6.308,6.185,6.352,6.326,5.642
phase_deg,12.72,5.405,5.313,5.176,3.662,5.138,4.905,4.938,5.836,5.898,5.962,6.091,6.109,6.239,6.281,6.113,6.252,6.317,6.212,6.258,6.325,6.299,6.322,5.633
phase_deg,12.74,5.381,5.279,5.193,3.998,5.047,4.921,4.984,5.818,5.904,5.952,6.07,6.022,6.219,6.274,6.077,6.225,6.286,6.286,6.136,6.218,6.202,6.377,5.624
phase_deg,12.76,5.274,5.314,5.202,3.872,4.951,4.993,4.99,5.827,5.873,5.937,5.966,5.959,6.102,6.091,6.093,6.167,6.196,6.364,6.142,6.244,6.197,6.3,5.615
phase_deg,12.780000000000001,5.352,5.222,5.096,4.095,5.054,4.879,4.897,5.766,5.852,5.906,5.943,5.961,6.166,6.219,6.132,6.06,6.258,6.336,6.204,6.245,6.22,6.259,5.607
phase_deg,12.8,5.329,5.176,5.087,3.794,5.037,4.824,4.919,5.792,5.915,5.924,6.011,5.934,6.145,6.122,6.172,6.081,6.164,6.254,6.08,6.226,6.133,6.271,5.598
phase_deg,12.82,5.385,5.207,5.07,3.799,5.063,4.885,4.91,5.771,5.913,5.914,5.979,6.034,6.139,6.152,6.109,6.173,6.249,6.139,6.171,6.222,6.158,6.203,5.589
phase_deg,12.84,5.328,5.215,5.06,3.608,4.922,4.907,4.95,5.746,5.82,5.855,5.983,6.08,6.088,6.224,6.073,6.233,6.201,6.075,6.21,6.084,6.306,6.178,5.58
phase_deg,12.86,5.17,5.215,5.044,4.231,4.775,4.897,4.889,5.757,5.82,5.837,5.945,5.985,6.122,6.188,6.147,6.192,6.089,6.04,6.212,6.141,6.33,6.22,5.571
phase_deg,12.88,5.205,5.198,4.994,3.954,4.806,4.806,4.703,5.667,5.778,5.849,5.989,6.01,6.124,6.192,6.099,6.119,6.021,6.067,6.14,6.174,6.232,6.258,5.563
phase_deg,12.9,5.254,5.162,5.02,4.014,4.794,4.751,4.768,5.614,5.851,5.898,5.902,5.988,6.067,6.092,6.164,6.224,6.049,6.051,6.153,6.041,6.224,6.188,5.554
phase_deg,12.92,5.242,5.123,4.979,3.992,4.799,4.736,4.774,5.643,5.77,5.811,5.9,5.992,6.103,6.089,6.157,6.182,6.135,6.019,6.089,5.968,6.186,6.234,5.545
phase_deg,12.94,5.235,5.185,4.99,3.94,4.834,4.807,4.746,5.63,5.781,5.768,5.765,5.952,6.084,6.182,6.069,6.064,6.032,6.118,6.106,6.069,6.253,6.269,5.537
phase_deg,12.96,5.231,5.176,4.987,3.72,4.967,4.771,4.766,5.623,5.695,5.713,5.779,5.997,6.083,6.159,6.017,6.096,6.017,6.111,6.027,6.116,6.232,6.17,5.528
phase_deg,12.98,5.173,5.137,4.952,3.768,4.882,4.729,4.672,5.654,5.744,5.631,5.91,5.996,6.086,6.146,6.099,6.027,6.019,6.1,6.01,6.085,6.29,6.07,5.52
phase_deg,13.0,5.186,5.094,4.969,4.114,4.815,4.676,4.727,5.705,5.726,5.592,5.855,6.063,6.046,5.988,6.096,6.031,6.008,6.119,6.205,6.13,6.16,6.046,5.511
phase_deg,13.02,5.24,5.056,4.93,3.846,4.818,4.609,4.604,5.666,5.759,5.663,5.774,5.978,6.097,6.053,6.082,6.062,5.996,6.14,6.196,6.1,6.077,6.032,5.503
phase_deg,13.040000000000001,5.198,5.091,4.879,3.756,4.725,4.683,4.617,5.578,5.753,5.618,5.84,6.044,6.07,6.121,6.103,6.104,6.062,6.037,6.022,6.12,6.013,6.104,5.494
phase_deg,13.06,5.167,5.029,4.856,4.269,4.717,4.617,4.543,5.557,5.658,5.701,5.874,6.041,6.002,6.121,6.091,6.109,6.097,5.972,6.051,6.092,6.096,6.128,5.486
phase_deg,13.08,5.131,5.032,4.94,4.112,4.717,4.594,4.76,5.552,5.698,5.81,5.898,5.874,5.961,6.055,6.009,6.075,5.978,5.931,6.033,6.084,6.168,6.204,5.477
phase_deg,13.1,5.075,5.033,4.936,3.445,4.612,4.622,4.674,5.725,5.704,5.728,5.881,5.842,6.077,5.955,6.092,6.097,6.065,6.113,5.945,6.033,6.07,6.028,5.469
phase_deg,13.120000000000001,5.088,5.015,4.884,3.824,4.647,4.622,4.506,5.633,5.647,5.714,5.921,5.87,6.061,5.904,6.107,6.027,5.963,6.082,5.989,6.03,6.017,6.075,5.46
phase_deg,13.14,5.058,5.047,4.883,3.778,4.673,4.597,4.6,5.608,5.651,5.662,5.779,5.788,5.984,5.966,6.076,6.095,5.986,6.08,6.064,6.189,6.057,6.146,5.452
phase_deg,13.16,5.041,5.011,4.885,3.096,4.731,4.568,4.566,5.591,5.686,5.769,5.738,5.796,5.952,5.985,5.939,5.987,6.05,5.979,6.074,6.09,6.031,6.089,5.444
phase_deg,13.18,5.048,4.925,4.938,3.34,4.657,4.532,4.688,5.484,5.694,5.748,5.725,5.83,5.953,5.901,6.117,5.93,5.984,6.012,5.974,6.071,5.938,6.137,5.435
phase_deg,13.200000000000001,5.052,4.968,4.937,3.529,4.629,4.572,4.663,5.584,5.607,5.689,5.789,5.822,5.912,5.886,6.04,6.009,5.891,6.058,6.025,6.114,5.961,6.144,5.427
phase_deg,13.22,5.051,4.972,4.817,3.581,4.65,4.581,4.589,5.596,5.556,5.682,5.807,5.691,5.954,5.969,6.011,5.999,6.028,6.105,5.95,6.072,6.036,6.054,5.419
phase_deg,13.24,5.059,4.905,4.818,3.847,4.61,4.52,4.608,5.597,5.566,5.663,5.904,5.814,5.873,5.859,5.915,5.974,5.971,6.051,5.987,5.977,5.995,6.046,5.411
phase_deg,13.26,5.062,4.938,4.828,3.259,4.599,4.519,4.615,5.51,5.546,5.658,5.841,5.8,5.859,5.956,5.927,5.954,6.009,6.019,5.954,5.938,6.019,6.073,5.402
phase_deg,13.280000000000001,5.028,4.948,4.813,3.513,4.512,4.519,4.658,5.412,5.516,5.68,5.894,5.752,5.838,6.042,5.853,5.966,5.975,5.872,5.952,5.905,5.91,6.019,5.394
phase_deg,13.3,4.986,4.934,4.808,3.649,4.52,4.51,4.692,5.443,5.542,5.578,5.854,5.761,5.895,5.87,5.842,5.978,5.979,5.873,5.949,5.93,5.931,6.032,5.386
phase_deg,13.32,4.912,4.959,4.828,3.781,4.54,4.555,4.644,5.484,5.661,5.528,5.679,5.728,6.037,5.878,5.855,5.93,5.994,5.932,5.936,5.918,6.004,6.031,5.378
phase_deg,13.34,4.895,4.947,4.741,3.487,4.48,4.56,4.552,5.426,5.722,5.65,5.655,5.691,5.929,5.892,5.844,5.974,5.948,5.944,6.054,5.804,5.987,5.973,5.37
phase_deg,13.36,4.938,4.917,4.721,4.061,4.581,4.522,4.529,5.449,5.605,5.687,5.736,5.662,5.911,5.999,5.863,6.007,5.86,6.045,5.925,5.867,5.948,5.858,5.362
phase_deg,13.38,4.899,4.876,4.751,3.443,4.551,4.457,4.426,5.513,5.615,5.683,5.764,5.701,5.874,5.984,5.899,5.871,5.763,5.989,5.924,5.937,6.051,5.869,5.354
phase_deg,13.4,4.9,4.879,4.729,3.457,4.52,4.422,4.53,5.476,5.593,5.61,5.702,5.746,5.831,5.878,5.912,5.72,5.824,5.862,5.91,5.95,5.981,5.935,5.346
phase_deg,13.42,4.861,4.886,4.692,3.567,4.376,4.398,4.42,5.471,5.519,5.525,5.61,5.792,5.819,5.927,5.848,5.683,5.844,5.855,5.883,5.892,6.003,5.784,5.338
phase_deg,13.44,4.936,4.882,4.729,3.463,4.41,4.409,4.457,5.438,5.43,5.48,5.603,5.724,5.789,5.874,5.833,5.847,5.724,5.859,5.92,5.86,5.993,5.848,5.33
phase_deg,13.46,4.993,4.868,4.657,3.521,4.425,4.408,4.32,5.385,5.52,5.505,5.661,5.752,5.77,5.728,5.837,5.858,5.844,5.775,5.9,5.841,5.888,5.937,5.322
phase_deg,13.48,4.878,4.831,4.607,4.134,4.481,4.414,4.352,5.4,5.527,5.466,5.636,5.803,5.834,5.69,5.797,5.867,5.951,5.886,5.758,5.85,5.852,5.867,5.314
phase_deg,13.5,4.829,4.76,4.599,4.256,4.464,4.357,4.344,5.378,5.503,5.545,5.555,5.773,5.867,5.843,5.888,5.864,5.878,5.86,5.83,5.807,5.932,5.849,5.306
phase_deg,13.52,4.815,4.765,4.629,3.854,4.434,4.331,4.348,5.381,5.367,5.481,5.571,5.742,5.88,5.899,5.899,5.836,5.853,5.864,5.897,5.755,5.957,5.954,5.298
phase_deg,13.540000000000001,4.865,4.788,4.651,3.228,4.422,4.336,4.433,5.383,5.309,5.414,5.512,5.679,5.852,5.797,5.85,5.8,5.86,5.93,5.858,5.756,5.859,5.91,5.29
phase_deg,13.56,4.869,4.817,4.659,3.341,4.404,4.36,4.426,5.367,5.453,5.533,5.598,5.767,5.746,5.764,5.83,5.771,5.829,5.968,5.844,5.908,5.784,5.945,5.282
phase_deg,13.58,4.903,4.782,4.716,3.285,4.42,4.334,4.362,5.364,5.46,5.515,5.55,5.646,5.705,5.843,5.778,5.801,5.732,5.883,5.819,5.785,5.737,5.962,5.274
phase_deg,13.6,4.838,4.751,4.683,3.505,4.41,4.263,4.332,5.373,5.504,5.506,5.533,5.571,5.683,5.838,5.799,5.832,5.866,5.807,5.792,5.761,5.796,5.781,5.267
phase_deg,13.620000000000001,4.775,4.706,4.581,3.646,4.378,4.249,4.34,5.367,5.398,5.527,5.569,5.646,5.653,5.684,5.911,5.753,5.86,5.731,5.743,5.83,5.876,5.741,5.259
phase_deg,13.64,4.809,4.71,4.538,3.101,4.324,4.258,4.268,5.313,5.395,5.477,5.621,5.656,5.716,5.657,5.813,5.897,5.869,5.848,5.586,5.812,5.939,5.771,5.251
phase_deg,13.66,4.765,4.648,4.499,3.299,4.331,4.228,4.245,5.252,5.464,5.483,5.593,5.599,5.738,5.676,5.768,5.789,5.805,5.922,5.694,5.842,5.909,5.888,5.243
phase_deg,13.68,4.784,4.599,4.47,3.707,4.371,4.217,4.103,5.254,5.527,5.454,5.556,5.68,5.779,5.742,5.725,5.894,5.799,5.789,5.797,5.853,5.823,5.932,5.236
phase_deg,13.700000000000001,4.747,4.632,4.543,3.318,4.319,4.21,4.275,5.305,5.401,5.518,5.43,5.822,5.771,5.771,5.715,5.893,5.812,5.783,5.796,5.795,5.887,5.932,5.228
phase_deg,13.72,4.699,4.641,4.519,3.765,4.251,4.209,4.263,5.35,5.417,5.47,5.498,5.521,5.689,5.773,5.785,5.774,5.839,5.774,5.769,5.694,5.897,5.735,5.22
phase_deg,13.74,4.77,4.564,4.51,3.347,4.279,4.18,4.238,5.278,5.459,5.341,5.555,5.64,5.584,5.702,5.753,5.796,5.871,5.805,5.748,5.748,5.916,5.676,5.213
phase_deg,13.76,4.752,4.649,4.424,3.235,4.325,4.184,4.27,5.182,5.36,5.369,5.589,5.771,5.602,5.665,5.716,5.82,5.795,5.725,5.72,5.791,5.899,5.812,5.205
phase_deg,13.780000000000001,4.733,4.675,4.429,3.562,4.274,4.215,4.364,5.313,5.372,5.419,5.573,5.605,5.615,5.639,5.772,5.819,5.7,5.8,5.767,5.889,5.879,5.849,5.198
phase_deg,13.8,4.658,4.661,4.471,3.665,4.177,4.189,4.296,5.375,5.436,5.341,5.501,5.526,5.625,5.736,5.687,5.819,5.686,5.8,5.744,5.821,5.733,5.711,5.19
phase_deg,13.82,4.658,4.746,4.469,3.679,4.1,4.25,4.198,5.354,5.324,5.304,5.44,5.552,5.704,5.722,5.668,5.843,5.699,5.762,5.774,5.744,5.846,5.745,5.182
phase_deg,13.84,4.677,4.704,4.415,3.048,4.115,4.275,4.154,5.375,5.321,5.327,5.464,5.586,5.627,5.675,5.708,5.793,5.73,5.716,5.714,5.708,5.851,5.762,5.175
phase_deg,13.86,4.718,4.582,4.385,3.231,4.24,4.162,4.101,5.154,5.389,5.372,5.384,5.554,5.606,5.673,5.698,5.781,5.667,5.671,5.8,5.646,5.771,5.796,5.167
phase_deg,13.88,4.691,4.597,4.4,3.225,4.203,4.13,4.128,5.169,5.297,5.362,5.44,5.524,5.612,5.627,5.719,5.669,5.692,5.799,5.74,5.729,5.707,5.725,5.16
phase_deg,13.9,4.644,4.596,4.41,3.188,4.083,4.13,4.139,5.182,5.273,5.429,5.45,5.481,5.581,5.532,5.623,5.642,5.784,5.661,5.648,5.786,5.596,5.779,5.152
phase_deg,13.92,4.656,4.617,4.387,3.549,4.121,4.165,4.096,5.168,5.263,5.278,5.507,5.51,5.736,5.625,5.603,5.755,5.797,5.645,5.732,5.701,5.544,5.743,5.145
phase_deg,13.94,4.683,4.542,4.42,3.429,4.151,4.08,4.095,5.177,5.291,5.317,5.515,5.477,5.748,5.574,5.647,5.722,5.716,5.717,5.684,5.617,5.68,5.793,5.138
phase_deg,13.96,4.605,4.496,4.353,3.361,4.115,3.995,4.057,5.208,5.283,5.352,5.469,5.504,5.756,5.51,5.679,5.674,5.609,5.697,5.659,5.769,5.785,5.864,5.13
phase_deg,13.98,4.547,4.471,4.331,3.815,4.077,3.977,3.972,5.233,5.35,5.275,5.41,5.489,5.687,5.576,5.668,5.706,5.697,5.66,5.716,5.822,5.731,5.691,5.123
phase_deg,14.0,4.618,4.568,4.282,3.483,4.059,4.068,3.95,5.184,5.342,5.244,5.404,5.458,5.561,5.642,5.642,5.588,5.79,5.728,5.747,5.669,5.771,5.564,5.115
phase_deg,14.02,4.579,4.536,4.293,3.237,4.041,4.021,4.064,5.102,5.36,5.272,5.488,5.512,5.695,5.676,5.735,5.587,5.736,5.71,5.687,5.648,5.789,5.608,5.108
phase_deg,14.040000000000001,4.519,4.483,4.3,3.489,3.994,4.019,4.036,5.145,5.322,5.3,5.374,5.551,5.639,5.609,5.564,5.63,5.534,5.674,5.616,5.62,5.78,5.671,5.101
phase_deg,14.06,4.578,4.422,4.344,3.584,4.077,3.963,4.026,5.141,5.28,5.189,5.398,5.508,5.492,5.54,5.539,5.688,5.557,5.719,5.603,5.63,5.633,5.659,5.094
phase_deg,14.08,4.568,4.408,4.37,3.374,4.042,3.919,4.128,5.22,5.228,5.184,5.405,5.465,5.53,5.587,5.709,5.719,5.729,5.71,5.617,5.709,5.614,5.608,5.086
phase_deg,14.1,4.549,4.426,4.276,3.468,4.024,3.908,4.022,5.127,5.177,5.191,5.427,5.449,5.518,5.568,5.649,5.629,5.692,5.752,5.599,5.571,5.766,5.616,5.079
phase_deg,14.120000000000001,4.553,4.488,4.299,3.706,4.051,3.905,4.003,5.063,5.235,5.187,5.437,5.452,5.655,5.613,5.565,5.539,5.621,5.719,5.704,5.515,5.733,5.681,5.072
phase_deg,14.14,4.507,4.494,4.325,3.423,4.055,3.946,4.009,5.079,5.288,5.216,5.383,5.39,5.607,5.611,5.654,5.622,5.736,5.606,5.699,5.609,5.606,5.655,5.065
phase_deg,14.16,4.441,4.452,4.227,3.422,4.009,3.925,3.936,5.005,5.181,5.233,5.41,5.442,5.643,5.646,5.612,5.672,5.723,5.598,5.615,5.633,5.552,5.678,5.057
phase_deg,14.18,4.502,4.502,4.158,3.288,4.004,3.936,3.912,5.073,5.231,5.199,5.395,5.476,5.607,5.57,5.539,5.647,5.635,5.637,5.608,5.674,5.653,5.707,5.05
phase_deg,14.200000000000001,4.53,4.478,4.209,3.261,4.011,3.924,3.836,5.0,5.219,5.194,5.323,5.474,5.572,5.491,5.542,5.694,5.587,5.55,5.621,5.565,5.663,5.654,5.043
phase_deg,14.22,4.484,4.433,4.214,3.17,4.005,3.844,3.886,4.917,5.137,5.19,5.372,5.499,5.611,5.495,5.462,5.554,5.603,5.504,5.553,5.483,5.564,5.679,5.036
phase_deg,14.24,4.437,4.341,4.213,3.5,3.931,3.858,3.933,4.99,5.201,5.203,5.437,5.376,5.483,5.529,5.547,5.538,5.458,5.562,5.629,5.431,5.509,5.738,5.029
phase_deg,14.26,4.515,4.357,4.295,3.4,4.041,3.886,3.952,5.015,5.215,5.265,5.427,5.369,5.488,5.524,5.676,5.647,5.484,5.617,5.597,5.512,5.561,5.698,5.022
phase_deg,14.280000000000001,4.467,4.403,4.192,3.219,4.048,3.905,3.789,5.009,5.196,5.32,5.346,5.366,5.548,5.484,5.594,5.617,5.596,5.57,5.455,5.633,5.539,5.54,5.015
phase_deg,14.3,4.473,4.35,4.197,3.606,3.964,3.871,3.787,5.016,5.188,5.131,5.378,5.348,5.566,5.483,5.504,5.59,5.635,5.637,5.532,5.569,5.613,5.64,5.008
phase_deg,14.32,4.453,4.289,4.164,3.204,3.95,3.823,3.828,5.055,5.123,5.16,5.34,5.268,5.527,5.599,5.466,5.555,5.599,5.577,5.567,5.516,5.672,5.653,5.001
phase_deg,14.34,4.444,4.291,4.13,3.21,3.915,3.79,3.857,4.947,5.086,5.174,5.328,5.343,5.524,5.56,5.439,5.534,5.589,5.529,5.546,5.518,5.613,5.575,4.994
phase_deg,14.36,4.423,4.288,4.135,3.595,3.844,3.788,3.82,4.916,5.091,5.143,5.246,5.365,5.441,5.595,5.386,5.564,5.563,5.497,5.65,5.66,5.691,5.623,4.987
phase_deg,14.38,4.423,4.246,4.089,3.155,3.902,3.786,3.768,4.983,5.166,5.184,5.237,5.256,5.533,5.522,5.512,5.514,5.564,5.547,5.693,5.654,5.717,5.664,4.98
phase_deg,14.4,4.399,4.264,4.116,3.394,3.915,3.809,3.691,4.969,5.269,5.213,5.331,5.301,5.549,5.4,5.533,5.6,5.578,5.54,5.554,5.573,5.685,5.636,4.973
phase_deg,14.42,4.388,4.25,4.123,3.346,3.897,3.725,3.749,4.946,5.213,5.207,5.354,5.262,5.521,5.418,5.656,5.531,5.562,5.54,5.446,5.556,5.59,5.531,4.966
phase_deg,14.44,4.425,4.165,4.083,3.188,3.851,3.716,3.829,4.933,5.099,5.177,5.337,5.316,5.473,5.463,5.542,5.49,5.593,5.511,5.522,5.5,5.503,5.491,4.959
phase_deg,14.46,4.372,4.165,4.056,3.432,3.825,3.738,3.778,4.923,5.125,5.116,5.264,5.294,5.422,5.449,5.584,5.573,5.461,5.536,5.433,5.424,5.65,5.445,4.952
phase_deg,14.48,4.326,4.221,4.039,3.335,3.797,3.751,3.75,4.939,5.132,5.115,5.314,5.294,5.484,5.461,5.624,5.507,5.391,5.492,5.526,5.44,5.635,5.559,4.945
phase_deg,14.5,4.304,4.198,4.051,3.157,3.788,3.665,3.765,4.9,5.133,5.125,5.256,5.235,5.433,5.396,5.537,5.412,5.384,5.453,5.559,5.617,5.428,5.599,4.938
phase_deg,14.52,4.338,4.212,4.054,3.174,3.855,3.683,3.763,4.9,5.112,5.182,5.212,5.268,5.397,5.4,5.574,5.367,5.51,5.456,5.586,5.613,5.483,5.586,4.931
phase_deg,14.540000000000001,4.337,4.199,4.003,2.943,3.832,3.689,3.711,4.903,4.959,5.133,5.179,5.266,5.465,5.344,5.435,5.412,5.467,5.563,5.639,5.514,5.56,5.602,4.925
phase_deg,14.56,4.35,4.151,3.986,3.536,3.798,3.677,3.694,4.868,5.134,5.036,5.197,5.251,5.391,5.421,5.38,5.452,5.462,5.593,5.466,5.499,5.567,5.61,4.918
phase_deg,14.58,4.297,4.209,4.018,3.359,3.769,3.665,3.767,4.88,5.062,5.084,5.232,5.273,5.351,5.439,5.419,5.56,5.499,5.537,5.453,5.493,5.515,5.536,4.911
phase_deg,14.6,4.295,4.223,4.015,3.266,3.803,3.696,3.718,4.87,5.129,5.053,5.226,5.269,5.364,5.34,5.439,5.54,5.54,5.578,5.44,5.495,5.441,5.613,4.904
phase_deg,14.620000000000001,4.271,4.151,4.035,3.327,3.737,3.607,3.734,4.842,5.133,5.121,5.147,5.236,5.396,5.41,5.458,5.444,5.443,5.58,5.392,5.467,5.548,5.527,4.898
phase_deg,14.64,4.272,4.159,4.035,3.058,3.709,3.623,3.748,4.859,5.007,5.108,5.12,5.158,5.338,5.46,5.427,5.372,5.397,5.577,5.457,5.476,5.547,5.476,4.891
phase_deg,14.66,4.274,4.144,4.014,3.384,3.743,3.602,3.716,4.844,5.062,5.141,5.17,5.251,5.385,5.389,5.395,5.374,5.458,5.505,5.47,5.483,5.617,5.463,4.884
phase_deg,14.68,4.245,4.155,3.887,3.418,3.788,3.599,3.572,4.875,5.023,4.994,5.201,5.207,5.412,5.486,5.387,5.43,5.465,5.545,5.47,5.349,5.496,5.482,4.877
phase_deg,14.700000000000001,4.297,4.149,3.932,3.372,3.784,3.596,3.609,4.882,4.971,5.013,5.084,5.214,5.482,5.571,5.433,5.51,5.454,5.523,5.528,5.365,5.46,5.537,4.871
phase_deg,14.72,4.26,4.151,3.962,3.246,3.725,3.615,3.574,4.866,5.006,5.037,5.074,5.266,5.427,5.46,5.344,5.492,5.506,5.449,5.56,5.429,5.482,5.525,4.864
phase_deg,14.74,4.228,4.114,3.924,2.944,3.753,3.494,3.546,4.825,4.953,5.068,5.181,5.274,5.361,5.364,5.401,5.43,5.465,5.384,5.486,5.489,5.406,5.54,4.857
phase_deg,14.76,4.226,4.168,3.932,3.106,3.66,3.529,3.591,4.883,4.996,5.021,5.167,5.182,5.409,5.32,5.369,5.408,5.393,5.427,5.387,5.451,5.35,5.536,4.851
phase_deg,14.780000000000001,4.257,4.081,3.976,3.115,3.695,3.553,3.615,4.88,4.946,4.993,5.155,5.136,5.472,5.334,5.312,5.439,5.338,5.432,5.416,5.453,5.425,5.536,4.844
phase_deg,14.8,4.248,4.022,3.979,3.303,3.716,3.513,3.545,4.787,5.049,5.021,5.137,5.287,5.478,5.312,5.372,5.394,5.342,5.408,5.408,5.412,5.604,5.485,4.838
phase_deg,14.82,4.243,4.037,3.883,3.138,3.668,3.526,3.51,4.767,5.099,5.005,5.228,5.311,5.372,5.314,5.369,5.437,5.502,5.345,5.427,5.335,5.512,5.488,4.831
phase_deg,14.84,4.204,4.053,3.879,3.546,3.575,3.524,3.562,4.848,5.036,5.015,5.19,5.232,5.371,5.33,5.4,5.484,5.457,5.437,5.437,5.44,5.466,5.386,4.825
phase_deg,14.86,4.137,4.042,3.873,2.939,3.575,3.516,3.543,4.871,4.877,5.035,5.101,5.252,5.385,5.394,5.361,5.421,5.392,5.412,5.4,5.354,5.468,5.442,4.818
phase_deg,14.88,4.108,4.026,3.871,3.244,3.595,3.509,3.503,4.761,4.98,4.985,5.054,5.198,5.331,5.343,5.335,5.404,5.516,5.487,5.391,5.418,5.531,5.491,4.812
phase_deg,14.9,4.085,4.083,3.82,3.175,3.544,3.564,3.458,4.782,4.992,4.949,4.985,5.152,5.386,5.389,5.341,5.479,5.501,5.495,5.394,5.47,5.531,5.416,4.805
phase_deg,14.92,4.154,4.071,3.836,3.1,3.627,3.515,3.449,4.755,4.955,4.95,5.127,5.21,5.311,5.274,5.305,5.481,5.481,5.455,5.328,5.423,5.461,5.418,4.799
phase_deg,14.94,4.183,4.072,3.855,3.455,3.64,3.481,3.468,4.744,4.987,5.037,5.185,5.207,5.258,5.178,5.376,5.356,5.522,5.355,5.361,5.447,5.344,5.479,4.792
phase_deg,14.96,4.178,4.014,3.889,3.153,3.612,3.402,3.534,4.774,4.896,5.065,5.159,5.214,5.289,5.25,5.318,5.295,5.42,5.343,5.407,5.278,5.388,5.5,4.786
phase_deg,14.98,4.158,3.998,3.823,3.047,3.523,3.424,3.508,4.839,4.79,4.942,4.997,5.223,5.354,5.272,5.395,5.379,5.351,5.357,5.386,5.281,5.397,5.516,4.779
phase_deg,15.0,4.123,4.005,3.773,3.082,3.552,3.445,3.411,4.845,4.884,4.946,4.895,5.159,5.165,5.409,5.32,5.426,5.318,5.36,5.434,5.422,5.448,5.512,4.773
phase_deg,15.02,4.081,3.988,3.8,3.25,3.585,3.461,3.441,4.814,4.884,4.909,4.992,5.126,5.395,5.411,5.263,5.369,5.421,5.322,5.465,5.398,5.424,5.403,4.767
phase_deg,15.040000000000001,4.132,4.054,3.744,3.348,3.593,3.46,3.408,4.78,4.855,4.852,5.127,5.172,5.397,5.214,5.39,5.452,5.417,5.451,5.404,5.329,5.325,5.449,4.76
phase_deg,15.06,4.092,4.029,3.71,3.28,3.532,3.396,3.325,4.781,4.908,4.926,5.112,5.151,5.333,5.129,5.365,5.412,5.331,5.385,5.399,5.389,5.313,5.357,4.754
phase_deg,15.08,4.112,3.924,3.818,3.11,3.517,3.293,3.428,4.804,4.902,4.95,5.043,5.129,5.294,5.187,5.371,5.38,5.362,5.329,5.399,5.403,5.332,5.337,4.748
phase_deg,15.1,4.101,3.942,3.761,2.975,3.459,3.338,3.389,4.797,4.912,4.978,4.977,5.04,5.28,5.372,5.414,5.348,5.418,5.393,5.316,5.25,5.404,5.492,4.741
phase_deg,15.120000000000001,4.081,3.941,3.773,3.023,3.515,3.379,3.397,4.788,4.88,4.974,4.988,5.062,5.267,5.278,5.347,5.305,5.385,5.405,5.367,5.258,5.427,5.461,4.735
phase_deg,15.14,4.066,3.935,3.766,3.258,3.543,3.371,3.323,4.71,4.881,4.966,5.002,5.153,5.267,5.265,5.312,5.342,5.444,5.413,5.447,5.318,5.463,5.46,4.729
phase_deg,15.16,4.003,3.919,3.764,3.167,3.394,3.385,3.362,4.706,4.88,4.883,5.05,5.137,5.292,5.337,5.349,5.233,5.385,5.429,5.354,5.285,5.435,5.458,4.722
phase_deg,15.18,4.047,3.836,3.748,3.101,3.398,3.326,3.38,4.716,4.832,4.844,5.082,5.158,5.241,5.3,5.268,5.244,5.405,5.433,5.201,5.304,5.403,5.524,4.716
phase_deg,15.200000000000001,4.035,3.806,3.742,3.21,3.447,3.321,3.371,4.679,4.867,4.95,4.906,5.135,5.358,5.313,5.302,5.281,5.35,5.373,5.249,5.326,5.476,5.434,4.71
phase_deg,15.22,3.943,3.85,3.699,3.267,3.376,3.3,3.324,4.642,4.866,4.888,4.949,5.112,5.297,5.401,5.267,5.429,5.281,5.313,5.384,5.29,5.422,5.387,4.704
phase_deg,15.24,3.963,3.888,3.677,2.984,3.343,3.313,3.341,4.602,4.805,4.819,4.979,5.118,5.319,5.339,5.277,5.268,5.22,5.251,5.405,5.174,5.358,5.346,4.697
phase_deg,15.26,4.052,3.889,3.693,2.976,3.424,3.354,3.369,4.716,4.89,4.854,5.052,5.08,5.239,5.291,5.261,5.257,5.28,5.22,5.289,5.271,5.321,5.287,4.691
phase_deg,15.280000000000001,3.97,3.865,3.696,3.125,3.377,3.294,3.377,4.682,4.892,4.871,5.028,5.096,5.239,5.31,5.261,5.304,5.251,5.331,5.343,5.414,5.274,5.331,4.685
phase_deg,15.3,3.973,3.848,3.637,3.16,3.404,3.26,3.301,4.667,4.839,4.89,4.992,5.145,5.252,5.42,5.252,5.338,5.287,5.393,5.295,5.369,5.298,5.358,4.679
phase_deg,15.32,3.947,3.881,3.591,3.016,3.378,3.3,3.257,4.684,4.906,4.863,5.014,5.165,5.291,5.272,5.212,5.218,5.371,5.298,5.232,5.314,5.254,5.324,4.673
phase_deg,15.34,3.989,3.889,3.65,3.209,3.394,3.298,3.293,4.685,4.901,4.868,5.033,5.134,5.279,5.236,5.227,5.212,5.333,5.253,5.294,5.228,5.285,5.311,4.667
phase_deg,15.36,4.002,3.843,3.682,3.144,3.425,3.274,3.287,4.653,4.785,4.887,4.98,5.082,5.242,5.312,5.247,5.246,5.249,5.266,5.38,5.279,5.423,5.354,4.661
phase_deg,15.38,3.956,3.874,3.634,2.865,3.459,3.264,3.203,4.658,4.799,4.878,4.93,5.11,5.35,5.346,5.302,5.269,5.193,5.246,5.388,5.245,5.409,5.294,4.655
phase_deg,15.4,3.948,3.8,3.606,3.013,3.369,3.229,3.164,4.74,4.755,4.849,4.986,5.135,5.352,5.178,5.334,5.222,5.182,5.304,5.315,5.273,5.369,5.23,4.648
phase_deg,15.42,3.887,3.787,3.637,3.269,3.253,3.185,3.232,4.686,4.705,4.78,4.95,5.012,5.256,5.219,5.279,5.239,5.298,5.337,5.26,5.283,5.393,5.315,4.642
phase_deg,15.44,3.906,3.825,3.595,2.998,3.268,3.143,3.187,4.652,4.728,4.669,4.923,5.033,5.291,5.228,5.264,5.264,5.287,5.339,5.263,5.323,5.426,5.365,4.636
phase_deg,15.46,3.954,3.825,3.56,3.237,3.362,3.191,3.121,4.603,4.733,4.791,4.902,4.956,5.335,5.314,5.25,5.224,5.307,5.281,5.278,5.267,5.441,5.324,4.63
phase_deg,15.48,3.974,3.819,3.537,3.176,3.422,3.247,3.162,4.546,4.777,4.829,4.977,4.946,5.213,5.305,5.212,5.15,5.254,5.304,5.309,5.247,5.353,5.358,4.624
phase_deg,15.5,3.883,3.765,3.548,2.98,3.279,3.201,3.211,4.642,4.753,4.848,4.992,5.091,5.175,5.207,5.264,5.289,5.191,5.236,5.255,5.258,5.313,5.38,4.618
phase_deg,15.52,3.874,3.817,3.575,3.105,3.207,3.2,3.249,4.61,4.802,4.853,4.939,5.2,5.177,5.169,5.26,5.255,5.261,5.253,5.264,5.148,5.442,5.363,4.612
phase_deg,15.540000000000001,3.869,3.814,3.574,3.09,3.236,3.22,3.28,4.611,4.827,4.781,4.93,5.092,5.166,5.311,5.218,5.161,5.284,5.264,5.303,5.311,5.452,5.323,4.606
phase_deg,15.56,3.927,3.738,3.482,3.146,3.289,3.165,3.101,4.562,4.788,4.818,5.03,5.144,5.148,5.229,5.076,5.304,5.296,5.272,5.403,5.398,5.219,5.238,4.6
phase_deg,15.58,3.903,3.725,3.515,3.14,3.265,3.146,3.098,4.555,4.782,4.762,4.987,5.105,5.103,5.18,5.072,5.298,5.269,5.281,5.302,5.359,5.131,5.255,4.595
phase_deg,15.6,3.836,3.686,3.585,2.802,3.17,3.106,3.152,4.587,4.785,4.744,4.899,4.976,5.2,5.233,5.106,5.272,5.302,5.3,5.251,5.305,5.22,5.244,4.589
phase_deg,15.620000000000001,3.861,3.732,3.525,3.022,3.192,3.139,3.08,4.635,4.75,4.742,4.973,4.942,5.095,5.261,5.174,5.22,5.261,5.237,5.289,5.296,5.29,5.217,4.583
phase_deg,15.64,3.886,3.724,3.453,3.333,3.207,3.128,3.049,4.619,4.788,4.829,4.903,5.066,5.154,5.182,5.078,5.147,5.314,5.182,5.335,5.334,5.229,5.251,4.577
phase_deg,15.66,3.865,3.724,3.483,3.17,3.21,3.081,3.157,4.583,4.719,4.73,4.867,5.163,5.194,5.158,5.076,5.258,5.24,5.257,5.275,5.3,5.311,5.234,4.571
phase_deg,15.68,3.778,3.739,3.469,2.965,3.121,3.072,3.197,4.449,4.725,4.722,4.899,5.102,5.174,5.226,5.201,5.329,5.212,5.289,5.182,5.238,5.397,5.328,4.565
phase_deg,15.700000000000001,3.801,3.736,3.466,3.157,3.132,3.09,3.116,4.484,4.729,4.809,4.953,4.995,5.07,5.21,5.235,5.238,5.285,5.288,5.254,5.265,5.347,5.355,4.559
phase_deg,15.72,3.854,3.736,3.504,3.107,3.144,3.115,3.136,4.565,4.713,4.814,4.842,4.978,5.129,5.246,5.259,5.317,5.224,5.174,5.301,5.275,5.256,5.326,4.553
phase_deg,15.74,3.815,3.7,3.485,3.132,3.208,3.057,3.103,4.612,4.734,4.807,4.837,4.957,5.197,5.181,5.131,5.295,5.235,5.123,5.26,5.239,5.244,5.276,4.548
phase_deg,15.76,3.775,3.751,3.454,2.969,3.134,3.079,3.028,4.56,4.808,4.838,4.945,5.047,5.178,5.189,5.142,5.211,5.209,5.217,5.326,5.325,5.238,5.243,4.542
phase_deg,15.780000000000001,3.78,3.731,3.455,3.193,3.13,3.091,3.026,4.562,4.802,4.792,5.0,5.046,5.211,5.18,5.207,5.238,5.256,5.309,5.27,5.288,5.404,5.283,4.536
phase_deg,15.8,3.831,3.673,3.424,3.222,3.234,3.062,3.029,4.537,4.783,4.772,4.901,4.855,5.228,5.147,5.163,5.26,5.279,5.222,5.311,5.278,5.314,5.296,4.53
phase_deg,15.82,3.797,3.689,3.488,3.145,3.175,3.053,3.042,4.569,4.832,4.709,4.81,4.875,5.174,5.23,5.189,5.231,5.095,5.222,5.338,5.367,5.288,5.209,4.525
phase_deg,15.84,3.783,3.667,3.445,2.997,3.185,3.063,3.007,4.536,4.734,4.762,4.871,4.978,5.227,5.24,5.272,5.152,5.114,5.248,5.268,5.284,5.283,5.124,4.519
phase_deg,15.860000000000001,3.846,3.647,3.436,3.195,3.231,3.038,3.0,4.471,4.7,4.684,4.9,4.922,5.198,5.203,5.147,5.209,5.153,5.17,5.216,5.212,5.288,5.237,4.513
phase_deg,15.88,3.796,3.689,3.441,2.858,3.159,3.058,3.016,4.42,4.667,4.633,4.99,4.931,5.142,5.238,5.18,5.165,5.176,5.191,5.152,5.287,5.296,5.279,4.507
phase_deg,15.9,3.761,3.606,3.479,3.098,3.09,2.98,3.108,4.437,4.673,4.703,4.901,4.915,4.955,5.265,5.132,5.233,5.13,5.207,5.247,5.348,5.273,5.309,4.502
phase_deg,15.92,3.787,3.651,3.498,2.788,3.103,3.014,3.112,4.559,4.687,4.72,4.833,4.973,4.907,5.273,5.183,5.289,5.276,5.164,5.288,5.329,5.193,5.28,4.496
phase_deg,15.94,3.788,3.629,3.395,3.065,3.089,2.956,3.006,4.633,4.615,4.609,4.906,5.008,5.072,5.259,5.272,5.306,5.275,5.275,5.192,5.203,5.318,5.344,4.49
phase_deg,15.96,3.761,3.574,3.38,3.032,3.062,2.901,2.968,4.552,4.615,4.653,4.851,4.96,5.192,5.225,5.337,5.333,5.265,5.09,5.161,5.195,5.423,5.273,4.485
phase_deg,15.98,3.736,3.603,3.423,2.974,3.082,2.93,2.984,4.525,4.727,4.73,4.829,4.976,5.107,5.246,5.31,5.185,5.241,5.104,5.17,5.253,5.294,5.285,4.479
phase_deg,16.0,3.725,3.611,3.369,3.135,3.079,2.919,2.942,4.592,4.701,4.763,4.821,4.972,5.129,5.125,5.239,5.079,5.286,5.195,5.227,5.235,5.287,5.341,4.473
variance_db,0.04,-24.299,-26.209,-27.856,-24.884,-24.296,-26.157,-27.515,-27.782,-28.89,-29.249,-24.364,-29.259,-28.156,-25.966,-30.151,-28.827,-30.063,-25.22,-25.746,-26.688,-28.753,-27.251,
variance_db,0.06,-31.469,-31.998,-31.107,-26.615,-31.497,-32.006,-31.535,-30.766,-31.109,-30.082,-30.777,-32.184,-30.997,-30.586,-31.007,-32.275,-31.286,-31.764,-30.99,-32.542,-30.578,-31.239,
variance_db,0.08,-32.487,-34.16,-33.008,-27.402,-32.456,-34.176,-33.065,-34.075,-34.538,-33.092,-33.08,-32.716,-32.03,-32.36,-34.421,-35.246,-33.445,-31.062,-33.45,-33.344,-33.869,-33.017,
variance_db,0.1,-36.138,-35.002,-35.956,-29.683,-36.097,-34.924,-35.532,-36.374,-36.322,-36.379,-37.563,-36.648,-34.421,-35.163,-35.65,-36.282,-35.655,-36.844,-38.136,-36.971,-35.091,-36.548,
variance_db,0.12,-35.039,-37.583,-35.928,-28.317,-35.03,-37.593,-35.712,-36.801,-36.197,-36.038,-37.995,-39.556,-35.738,-36.358,-37.078,-37.484,-38.79,-36.014,-36.792,-38.896,-37.882,-37.821,
variance_db,0.14,-39.059,-40.211,-38.75,-27.961,-38.992,-40.19,-38.374,-41.937,-37.537,-37.932,-38.168,-36.029,-38.33,-36.851,-36.98,-39.337,-37.014,-40.471,-40.081,-37.432,-38.0,-37.201,
variance_db,0.16,-38.3,-38.37,-37.458,-28.686,-38.275,-38.362,-37.428,-39.052,-38.47,-37.494,-40.221,-38.856,-38.298,-39.069,-37.926,-39.43,-39.254,-38.388,-39.763,-39.661,-37.168,-40.417,
variance_db,0.18,-41.987,-41.888,-42.03,-28.0,-41.967,-42.035,-41.699,-39.106,-44.041,-42.117,-38.816,-39.426,-40.478,-42.686,-39.624,-38.341,-39.204,-39.617,-40.449,-39.247,-40.542,-37.749,
variance_db,0.2,-42.662,-42.694,-40.205,-27.593,-42.721,-42.752,-39.982,-41.794,-42.727,-42.165,-41.182,-38.8,-41.363,-40.825,-40.86,-40.051,-40.095,-41.083,-40.694,-42.415,-42.671,-39.612,
variance_db,0.22,-41.506,-40.61,-44.165,-27.76,-41.21,-40.362,-44.396,-39.979,-40.966,-42.257,-42.893,-42.426,-43.018,-38.39,-40.901,-41.617,-41.386,-40.5,-41.465,-41.274,-43.502,-41.584,
variance_db,0.24,-41.126,-44.685,-44.613,-27.504,-41.129,-44.586,-45.156,-40.762,-41.258,-39.74,-42.847,-43.057,-44.091,-42.637,-41.75,-42.816,-45.182,-42.975,-41.26,-44.231,-40.345,-42.85,
variance_db,0.26,-43.116,-43.824,-42.298,-26.77,-43.215,-43.991,-42.38,-43.526,-43.817,-43.92,-45.039,-42.152,-44.173,-42.146,-43.351,-42.773,-42.193,-42.036,-44.514,-42.133,-43.297,-41.384,
variance_db,0.28,-44.311,-43.245,-44.28,-26.726,-44.263,-43.179,-43.614,-43.813,-41.876,-43.422,-43.958,-43.362,-42.86,-43.301,-43.987,-45.32,-45.5,-43.036,-44.398,-44.137,-45.688,-44.199,
variance_db,0.3,-43.864,-42.531,-42.948,-26.69,-43.682,-42.528,-43.724,-42.394,-45.086,-41.613,-42.106,-44.277,-44.725,-46.043,-42.836,-43.743,-42.505,-44.725,-45.954,-44.269,-44.328,-41.615,
variance_db,0.32,-43.153,-46.116,-46.084,-26.114,-43.12,-46.089,-45.928,-45.844,-44.14,-43.983,-45.098,-45.384,-43.926,-41.925,-45.506,-44.765,-45.82,-43.573,-43.272,-44.487,-45.272,-44.979,
variance_db,0.34,-46.317,-43.299,-45.525,-26.08,-46.284,-43.091,-45.668,-44.468,-47.226,-45.879,-42.96,-45.134,-46.782,-45.151,-43.148,-45.764,-46.021,-45.167,-43.549,-43.735,-45.261,-43.806,
variance_db,0.36,-43.38,-43.823,-47.158,-25.182,-43.274,-43.81,-46.568,-46.426,-45.883,-45.753,-46.389,-43.181,-45.77,-45.772,-45.632,-46.326,-44.003,-44.744,-46.019,-45.847,-45.293,-45.054,
variance_db,0.38,-45.784,-45.773,-46.041,-24.766,-45.873,-45.808,-46.407,-43.103,-47.745,-46.248,-44.446,-46.067,-44.535,-49.528,-46.717,-46.247,-46.153,-46.913,-45.55,-46.278,-43.224,-46.78,
variance_db,0.4,-45.269,-44.162,-46.476,-24.417,-45.278,-44.069,-46.827,-46.325,-44.994,-46.63,-45.02,-47.214,-47.875,-46.453,-45.043,-45.035,-43.335,-46.144,-43.555,-45.385,-46.586,-44.988,
variance_db,0.42,-44.585,-47.031,-45.321,-24.061,-44.426,-46.921,-46.148,-44.935,-46.644,-46.013,-47.624,-43.768,-44.517,-46.943,-47.94,-47.541,-47.221,-47.517,-48.304,-45.822,-44.211,-46.387,
variance_db,0.44,-45.148,-48.087,-47.749,-23.566,-45.135,-47.949,-48.303,-45.392,-47.467,-47.195,-47.074,-48.5,-45.678,-45.117,-47.985,-49.215,-46.449,-47.002,-46.984,-47.494,-46.489,-47.269,
variance_db,0.46,-47.488,-45.526,-45.379,-24.164,-47.423,-45.425,-44.901,-47.457,-50.71,-47.807,-45.045,-48.034,-49.531,-49.547,-47.557,-46.802,-44.527,-47.217,-46.684,-46.505,-48.546,-44.921,
variance_db,0.48,-47.044,-48.768,-47.152,-23.223,-46.873,-48.477,-47.733,-48.472,-48.541,-46.737,-47.721,-48.965,-46.665,-49.491,-45.903,-46.667,-45.294,-46.138,-47.676,-46.499,-47.429,-45.547,
variance_db,0.5,-48.015,-48.98,-47.905,-22.438,-47.929,-48.846,-48.289,-47.497,-47.209,-47.403,-46.092,-48.773,-47.185,-48.16,-48.257,-45.195,-46.527,-50.81,-48.661,-47.534,-46.84,-47.68,
variance_db,0.52,-48.19,-48.349,-46.505,-22.829,-48.149,-48.172,-46.771,-48.423,-47.736,-47.552,-47.11,-48.595,-46.116,-49.207,-44.001,-47.467,-47.469,-44.33,-48.089,-48.033,-46.696,-48.295,
variance_db,0.54,-49.255,-46.817,-47.887,-22.355,-49.172,-46.75,-49.308,-49.719,-47.93,-48.63,-48.858,-47.083,-45.89,-48.77,-47.577,-46.945,-47.169,-47.844,-50.201,-47.477,-47.199,-47.553,
variance_db,0.56,-49.459,-48.105,-48.847,-21.949,-49.388,-47.953,-49.947,-48.715,-47.906,-47.563,-49.349,-47.59,-49.737,-46.187,-47.499,-48.633,-48.365,-47.267,-49.316,-47.952,-49.976,-47.415,
variance_db,0.58,-48.472,-49.228,-48.417,-20.827,-48.309,-49.041,-49.116,-50.873,-46.846,-47.712,-49.765,-48.231,-50.283,-49.201,-50.343,-48.996,-46.301,-48.514,-48.504,-47.931,-49.968,-48.236,
variance_db,0.6,-50.795,-50.235,-49.24,-20.925,-50.726,-49.957,-49.428,-49.816,-50.438,-46.679,-49.581,-49.124,-49.215,-48.871,-48.466,-48.628,-48.546,-49.564,-48.659,-48.919,-51.16,-47.162,
variance_db,0.62,-48.152,-48.302,-48.396,-20.159,-47.97,-48.117,-48.413,-49.139,-49.092,-47.883,-47.056,-46.446,-50.734,-51.047,-49.628,-50.441,-49.307,-47.443,-49.913,-49.463,-49.653,-48.869,
variance_db,0.64,-48.931,-47.454,-47.988,-20.092,-48.802,-47.135,-47.496,-48.261,-48.763,-49.258,-49.337,-52.049,-48.558,-51.86,-48.15,-48.911,-49.611,-47.058,-47.73,-48.626,-48.014,-46.895,
variance_db,0.66,-48.257,-49.47,-47.718,-19.366,-48.096,-49.407,-48.18,-51.912,-49.749,-50.394,-47.942,-50.592,-48.096,-46.999,-50.209,-49.842,-49.054,-50.749,-49.031,-49.424,-48.065,-47.874,
variance_db,0.68,-48.52,-49.677,-48.642,-19.07,-48.386,-49.398,-48.004,-49.292,-49.561,-48.547,-50.972,-48.308,-51.022,-48.445,-52.746,-48.955,-52.308,-49.418,-49.353,-50.132,-47.531,-50.032,
variance_db,0.7000000000000001,-47.569,-50.014,-50.743,-18.18,-47.366,-49.915,-50.686,-50.185,-50.388,-49.741,-49.056,-50.659,-48.302,-51.088,-47.706,-51.199,-48.938,-50.854,-50.913,-50.398,-51.075,-48.278,
variance_db,0.72,-51.572,-49.164,-50.269,-18.211,-51.526,-49.028,-49.901,-50.049,-47.838,-50.271,-49.633,-50.46,-50.779,-50.315,-51.042,-50.715,-49.597,-49.385,-50.186,-49.829,-48.907,-50.357,
variance_db,0.74,-48.933,-50.799,-50.651,-19.042,-48.707,-50.439,-50.451,-50.421,-50.853,-53.296,-51.303,-47.729,-49.758,-51.186,-51.855,-51.193,-49.258,-51.075,-48.441,-49.942,-50.354,-50.552,
variance_db,0.76,-51.622,-50.048,-50.366,-17.56,-51.332,-49.77,-50.154,-48.31,-50.161,-49.696,-49.028,-49.105,-49.339,-49.799,-48.574,-49.141,-50.809,-52.154,-50.898,-49.054,-49.461,-51.11,
variance_db,0.78,-50.1,-51.337,-50.069,-16.61,-49.961,-51.092,-49.476,-49.758,-51.307,-52.998,-48.371,-51.835,-50.533,-52.571,-49.098,-50.902,-51.199,-51.63,-50.489,-49.365,-52.293,-52.989,
variance_db,0.8,-53.114,-49.579,-48.481,-16.584,-53.01,-49.363,-48.726,-51.741,-47.434,-49.348,-50.249,-49.84,-49.338,-51.861,-52.264,-49.713,-50.617,-50.428,-49.973,-49.537,-48.913,-49.51,
variance_db,0.8200000000000001,-50.888,-53.452,-49.54,-15.696,-50.581,-53.063,-49.456,-47.829,-50.246,-51.364,-49.488,-51.491,-49.865,-50.299,-50.576,-51.264,-49.318,-50.559,-51.402,-48.726,-50.323,-51.483,
variance_db,0.84,-50.315,-51.296,-53.449,-14.372,-50.185,-50.956,-52.42,-51.415,-52.092,-48.646,-52.499,-50.07,-51.154,-50.897,-50.58,-50.519,-51.437,-49.672,-49.876,-50.612,-50.304,-50.667,
variance_db,0.86,-51.432,-50.324,-53.289,-15.406,-51.273,-49.895,-51.821,-47.961,-49.313,-50.318,-49.018,-50.637,-53.004,-50.488,-51.775,-51.648,-53.172,-51.922,-51.763,-52.16,-48.409,-50.377,
variance_db,0.88,-49.566,-55.642,-51.83,-17.608,-49.474,-55.301,-50.88,-52.046,-50.055,-49.123,-51.638,-51.005,-51.868,-54.034,-51.742,-52.552,-51.66,-53.118,-52.094,-50.226,-51.788,-49.459,
variance_db,0.9,-49.805,-50.692,-51.011,-17.257,-49.585,-50.407,-50.665,-53.921,-50.383,-52.527,-50.968,-52.192,-50.925,-53.454,-48.672,-50.545,-50.1,-52.184,-51.449,-54.107,-51.308,-51.904,
variance_db,0.92,-52.396,-52.135,-50.68,-15.99,-52.111,-51.922,-50.851,-50.867,-50.066,-51.553,-53.486,-50.375,-51.963,-51.524,-51.546,-51.68,-50.394,-49.918,-48.705,-51.331,-49.781,-52.055,
variance_db,0.9400000000000001,-49.921,-49.099,-51.585,-15.619,-49.93,-48.957,-50.929,-53.699,-49.596,-51.338,-51.043,-53.303,-53.314,-52.005,-50.612,-50.878,-53.291,-53.231,-51.209,-49.074,-53.045,-51.945,
variance_db,0.96,-51.952,-49.813,-50.317,-14.761,-51.707,-49.441,-50.033,-50.758,-51.827,-52.894,-51.435,-50.745,-53.253,-51.943,-54.259,-51.126,-50.962,-51.674,-50.348,-51.861,-51.351,-53.882,
variance_db,0.98,-50.341,-52.164,-51.196,-12.945,-50.221,-51.92,-51.31,-52.806,-51.127,-51.768,-52.549,-51.348,-53.406,-53.432,-49.469,-52.764,-52.615,-51.053,-54.458,-52.17,-52.918,-52.659,
variance_db,1.0,-51.774,-52.563,-52.217,-13.563,-51.586,-52.015,-52.626,-50.371,-52.101,-53.186,-49.041,-50.389,-53.746,-50.495,-52.296,-53.325,-53.501,-49.434,-49.714,-49.983,-52.766,-50.063,
variance_db,1.02,-52.124,-51.783,-51.18,-14.639,-51.839,-51.45,-50.824,-51.818,-50.848,-53.236,-52.145,-51.082,-50.647,-51.488,-51.298,-53.061,-50.941,-52.224,-51.139,-52.426,-52.722,-53.322,
variance_db,1.04,-53.238,-53.037,-50.806,-15.989,-53.094,-52.895,-49.628,-52.536,-52.836,-52.161,-52.05,-53.923,-51.674,-51.348,-50.399,-54.614,-51.448,-52.652,-53.545,-55.388,-52.741,-54.816,
variance_db,1.06,-51.111,-54.435,-53.973,-16.195,-50.96,-54.378,-54.367,-51.888,-51.204,-51.812,-53.945,-51.857,-50.898,-51.303,-53.441,-51.777,-54.404,-52.083,-52.359,-52.318,-53.356,-51.13,
variance_db,1.08,-51.321,-51.562,-52.567,-13.816,-51.096,-51.498,-53.3,-52.648,-52.001,-52.946,-52.975,-54.092,-52.464,-54.108,-52.027,-53.034,-53.466,-52.44,-51.327,-54.768,-52.18,-53.652,
variance_db,1.1,-53.502,-52.683,-51.368,-13.732,-53.437,-52.518,-51.656,-53.317,-54.387,-54.595,-54.198,-52.861,-52.77,-54.21,-52.335,-51.367,-53.773,-54.363,-52.674,-54.836,-52.27,-53.1,
variance_db,1.12,-53.158,-52.684,-53.813,-16.308,-53.046,-52.483,-54.047,-51.531,-52.562,-52.275,-52.897,-54.528,-53.72,-52.053,-54.149,-55.022,-54.032,-54.281,-51.242,-53.942,-51.806,-52.675,
variance_db,1.1400000000000001,-51.401,-53.622,-49.671,-17.455,-51.347,-53.516,-50.328,-51.077,-52.592,-52.133,-52.303,-54.003,-54.484,-52.502,-53.419,-53.326,-53.524,-53.062,-52.481,-53.802,-54.725,-51.157,
variance_db,1.16,-53.496,-53.951,-52.852,-14.622,-53.454,-53.729,-52.227,-54.406,-50.963,-53.671,-51.924,-54.295,-50.839,-54.895,-53.349,-52.593,-52.281,-52.073,-51.684,-53.583,-50.918,-57.247,
variance_db,1.18,-52.3,-49.388,-54.321,-16.444,-52.187,-48.93,-54.228,-53.151,-52.824,-55.49,-52.378,-52.853,-52.991,-54.27,-53.159,-53.445,-55.747,-51.729,-54.562,-52.052,-53.318,-51.66,
variance_db,1.2,-53.852,-54.808,-53.673,-16.463,-53.518,-54.26,-53.514,-51.957,-53.924,-55.333,-56.337,-53.402,-54.305,-54.693,-52.013,-55.371,-53.745,-54.424,-54.071,-53.131,-55.053,-53.709,
variance_db,1.22,-52.423,-54.397,-53.329,-16.776,-52.466,-54.228,-53.728,-55.655,-53.041,-54.076,-55.346,-52.93,-52.779,-53.567,-54.363,-54.788,-53.763,-52.352,-53.621,-52.731,-53.585,-53.502,
variance_db,1.24,-52.765,-53.451,-53.5,-17.685,-52.566,-53.382,-52.984,-51.96,-50.91,-52.728,-51.112,-53.022,-51.904,-52.788,-53.539,-52.587,-52.753,-52.747,-53.704,-54.718,-51.275,-54.426,
variance_db,1.26,-54.89,-54.058,-52.821,-18.785,-54.629,-53.893,-52.013,-54.916,-54.828,-55.774,-56.473,-53.564,-53.646,-52.849,-53.424,-54.676,-51.741,-54.087,-54.362,-53.797,-53.892,-51.485,
variance_db,1.28,-54.427,-53.287,-53.131,-19.032,-54.385,-53.407,-52.767,-52.827,-51.508,-55.502,-53.082,-55.169,-54.718,-55.351,-57.996,-55.786,-53.399,-55.652,-54.126,-54.309,-55.005,-54.104,
variance_db,1.3,-55.479,-53.8,-54.856,-18.282,-55.569,-53.097,-54.555,-53.705,-55.002,-51.61,-54.802,-52.91,-54.18,-52.787,-54.143,-53.957,-54.671,-57.454,-54.292,-54.315,-55.022,-53.235,
variance_db,1.32,-53.808,-54.011,-52.069,-20.924,-53.664,-53.756,-52.305,-52.372,-55.252,-53.529,-52.868,-54.543,-55.028,-56.293,-56.337,-52.643,-55.692,-55.911,-54.109,-53.086,-54.226,-56.892,
variance_db,1.34,-55.829,-54.79,-54.215,-18.985,-55.617,-55.102,-54.703,-51.314,-57.268,-54.579,-52.724,-53.926,-54.577,-54.118,-52.516,-54.035,-56.88,-54.871,-53.992,-51.089,-51.833,-54.114,
variance_db,1.36,-53.315,-53.38,-57.987,-18.264,-53.261,-52.972,-57.229,-56.426,-54.747,-55.177,-54.349,-53.789,-52.095,-53.197,-53.986,-54.7,-55.761,-55.782,-54.293,-55.535,-55.275,-54.084,
variance_db,1.3800000000000001,-55.714,-53.45,-57.439,-20.044,-55.514,-53.216,-57.861,-52.923,-54.221,-55.059,-52.566,-54.919,-55.394,-55.632,-53.642,-56.891,-52.637,-54.567,-54.759,-54.929,-55.266,-54.104,
variance_db,1.4000000000000001,-55.053,-56.915,-57.56,-20.564,-54.955,-56.685,-56.303,-57.084,-53.957,-53.014,-53.95,-53.986,-54.986,-53.977,-54.072,-56.013,-53.536,-54.81,-55.306,-55.973,-53.291,-53.809,
variance_db,1.42,-55.554,-55.049,-55.289,-19.18,-55.329,-54.659,-54.034,-55.365,-58.074,-52.663,-53.23,-54.911,-51.583,-57.037,-55.89,-53.637,-53.807,-54.534,-56.483,-54.972,-55.966,-54.94,
variance_db,1.44,-53.686,-55.346,-54.587,-19.199,-53.644,-55.162,-55.609,-53.751,-55.386,-54.102,-56.224,-53.123,-54.731,-54.478,-54.747,-55.942,-57.452,-56.035,-56.511,-54.563,-53.337,-56.952,
variance_db,1.46,-54.429,-57.573,-56.414,-18.727,-54.513,-57.27,-57.238,-53.658,-52.697,-53.412,-54.446,-55.244,-53.417,-54.912,-56.091,-55.533,-54.643,-56.769,-54.509,-56.467,-55.381,-56.137,
variance_db,1.48,-56.679,-55.862,-52.223,-19.24,-56.419,-55.644,-53.216,-55.112,-56.709,-55.916,-55.596,-56.222,-54.302,-53.805,-57.467,-55.118,-55.633,-54.274,-54.325,-56.347,-52.863,-57.267,
variance_db,1.5,-57.493,-56.315,-59.699,-19.932,-57.786,-56.013,-59.661,-55.108,-53.248,-57.763,-55.949,-55.261,-53.684,-57.079,-55.428,-55.799,-52.398,-55.116,-56.328,-55.214,-55.426,-55.419,
variance_db,1.52,-55.484,-55.001,-56.405,-20.443,-55.652,-54.629,-56.356,-54.759,-55.193,-53.038,-55.288,-56.164,-54.883,-54.403,-55.39,-54.236,-57.278,-56.441,-55.857,-56.599,-54.151,-58.352,
variance_db,1.54,-57.061,-53.098,-56.345,-20.153,-57.18,-53.186,-56.125,-54.026,-57.008,-56.313,-53.577,-56.157,-54.735,-54.454,-54.607,-53.801,-54.076,-54.159,-54.465,-55.912,-57.286,-57.081,
variance_db,1.56,-57.681,-57.162,-54.692,-21.901,-57.347,-57.103,-54.833,-54.97,-53.551,-55.675,-54.859,-55.785,-55.331,-55.605,-54.21,-56.229,-54.746,-56.013,-54.231,-56.233,-54.008,-56.418,
variance_db,1.58,-55.998,-57.197,-55.565,-20.337,-56.193,-56.96,-56.167,-59.029,-56.161,-54.232,-56.418,-55.506,-56.156,-53.649,-56.724,-56.207,-56.617,-56.142,-54.954,-56.553,-53.304,-56.246,
variance_db,1.6,-54.737,-55.196,-60.529,-20.152,-54.825,-54.921,-59.308,-56.624,-54.708,-55.927,-56.568,-54.438,-55.886,-53.819,-56.013,-54.841,-55.745,-55.162,-56.121,-58.88,-56.741,-56.926,
variance_db,1.62,-58.162,-57.667,-56.394,-20.673,-58.186,-58.121,-55.843,-54.444,-55.593,-54.96,-57.531,-56.359,-55.648,-54.405,-55.34,-57.344,-54.959,-57.587,-55.454,-55.294,-55.856,-56.612,
variance_db,1.6400000000000001,-58.206,-57.693,-55.886,-21.692,-58.022,-57.072,-55.574,-57.147,-55.355,-56.686,-56.118,-55.414,-56.114,-56.294,-55.48,-55.472,-56.387,-55.518,-58.353,-55.421,-54.251,-56.197,
variance_db,1.6600000000000001,-56.081,-55.412,-58.578,-21.936,-56.447,-55.069,-58.316,-57.159,-56.96,-55.606,-55.923,-57.141,-55.165,-57.082,-53.463,-57.025,-56.508,-56.392,-57.086,-54.828,-54.294,-55.051,
variance_db,1.68,-57.176,-57.015,-55.647,-21.844,-57.016,-56.154,-55.627,-54.675,-56.065,-55.868,-55.905,-54.677,-57.703,-55.652,-54.852,-56.608,-54.16,-56.602,-54.49,-54.306,-54.293,-55.809,
variance_db,1.7,-60.14,-58.576,-58.332,-21.416,-60.235,-58.239,-58.322,-55.46,-57.439,-56.225,-54.591,-54.021,-54.699,-55.68,-56.293,-54.308,-57.918,-56.499,-56.187,-57.174,-57.644,-57.741,
variance_db,1.72,-56.648,-57.032,-58.924,-21.657,-56.903,-56.317,-59.367,-57.328,-54.195,-55.6,-54.158,-55.0,-54.717,-56.51,-56.988,-55.094,-57.932,-57.747,-57.775,-55.73,-55.034,-56.881,
variance_db,1.74,-57.145,-57.696,-60.079,-22.128,-57.516,-57.625,-59.132,-58.699,-54.818,-56.243,-57.411,-55.047,-56.965,-57.661,-56.896,-53.55,-56.662,-57.449,-58.537,-56.184,-55.978,-54.455,
variance_db,1.76,-59.289,-56.777,-56.791,-22.327,-59.645,-56.648,-57.066,-57.551,-56.088,-58.659,-57.385,-54.575,-56.018,-56.453,-56.163,-55.93,-55.059,-58.236,-55.002,-55.828,-55.792,-55.578,
variance_db,1.78,-57.337,-57.959,-57.875,-22.094,-57.296,-57.077,-57.606,-57.188,-57.483,-57.32,-54.362,-56.254,-58.957,-57.524,-56.452,-56.169,-54.122,-56.198,-55.869,-56.384,-55.256,-56.78,
variance_db,1.8,-59.319,-57.227,-60.033,-21.798,-59.252,-56.784,-60.168,-56.363,-56.569,-57.974,-58.182,-56.166,-55.396,-56.6,-56.196,-56.225,-55.972,-56.2,-56.931,-56.28,-58.27,-57.211,
variance_db,1.82,-56.282,-57.152,-58.596,-22.079,-56.639,-57.203,-58.115,-55.835,-58.264,-58.703,-57.741,-55.812,-55.548,-57.293,-56.291,-56.996,-56.543,-58.676,-56.36,-55.296,-55.425,-57.189,
variance_db,1.84,-56.851,-56.311,-58.277,-22.31,-57.236,-55.952,-59.154,-54.694,-54.188,-56.846,-60.692,-57.322,-55.429,-57.312,-55.668,-59.348,-55.229,-56.762,-57.222,-58.114,-54.752,-57.294,
variance_db,1.86,-58.211,-57.342,-58.421,-22.688,-58.304,-57.261,-58.581,-56.617,-57.569,-58.176,-57.368,-57.572,-56.221,-56.392,-56.765,-56.243,-56.01,-57.865,-56.272,-53.582,-58.329,-57.228,
variance_db,1.8800000000000001,-59.233,-57.482,-56.194,-22.824,-59.285,-57.789,-56.026,-57.225,-55.055,-55.842,-58.732,-57.353,-55.147,-56.057,-55.427,-56.81,-56.291,-58.152,-57.983,-57.729,-55.293,-57.372,
variance_db,1.9000000000000001,-59.743,-58.892,-58.662,-22.602,-60.115,-58.026,-58.52,-56.704,-60.028,-57.463,-57.72,-57.751,-56.622,-57.819,-55.673,-58.898,-57.091,-57.766,-59.128,-56.482,-56.324,-56.862,
variance_db,1.92,-58.559,-58.187,-56.943,-22.748,-58.144,-57.974,-57.543,-56.393,-57.815,-58.823,-56.319,-57.042,-55.737,-56.541,-57.322,-59.08,-56.317,-57.877,-55.998,-55.642,-58.335,-54.973,
variance_db,1.94,-60.07,-59.736,-57.041,-23.177,-60.065,-59.773,-58.026,-59.274,-56.595,-57.003,-55.253,-57.942,-57.654,-56.448,-58.317,-55.686,-56.481,-56.885,-57.88,-55.882,-55.453,-56.338,
variance_db,1.96,-57.742,-57.916,-60.608,-22.934,-58.049,-57.603,-61.337,-58.238,-56.552,-58.169,-56.182,-55.806,-55.756,-57.199,-57.252,-58.955,-58.445,-56.717,-56.063,-58.432,-57.155,-58.504,
variance_db,1.98,-58.692,-60.44,-57.421,-22.922,-58.506,-59.016,-57.805,-58.745,-58.092,-56.871,-57.665,-56.583,-57.455,-55.271,-56.841,-57.912,-57.127,-56.985,-55.384,-56.646,-57.562,-55.494,
variance_db,2.0,-57.705,-60.549,-59.356,-22.898,-57.939,-59.424,-59.692,-57.808,-57.326,-56.765,-60.27,-57.189,-58.599,-56.59,-56.184,-56.584,-57.134,-54.855,-55.91,-55.232,-56.757,-56.932,
variance_db,2.02,-58.492,-58.411,-57.643,-23.188,-58.609,-56.658,-58.268,-57.853,-57.823,-57.453,-57.21,-56.397,-54.789,-57.57,-55.769,-55.526,-57.53,-56.97,-57.379,-56.227,-56.779,-53.263,
variance_db,2.04,-57.276,-58.281,-61.358,-23.277,-56.98,-57.373,-62.06,-56.83,-59.749,-55.458,-53.984,-57.584,-57.898,-57.822,-57.726,-55.54,-56.96,-57.279,-58.64,-58.577,-58.14,-56.33,
variance_db,2.06,-60.886,-61.153,-57.238,-23.123,-60.845,-61.283,-57.712,-58.371,-58.589,-57.411,-58.824,-58.372,-57.445,-56.81,-56.966,-59.518,-57.315,-58.157,-58.92,-56.959,-58.409,-57.231,
variance_db,2.08,-58.215,-59.521,-58.216,-23.312,-58.162,-58.252,-58.421,-58.847,-57.627,-57.921,-56.973,-55.945,-57.234,-58.967,-57.467,-58.671,-57.241,-57.105,-57.431,-57.102,-57.65,-55.4,
variance_db,2.1,-62.602,-59.168,-59.24,-23.236,-62.767,-57.902,-58.963,-56.438,-57.943,-59.095,-59.166,-56.592,-59.043,-57.711,-57.635,-56.804,-57.474,-59.342,-57.255,-58.917,-57.321,-57.629,
variance_db,2.12,-60.067,-60.565,-60.066,-24.007,-59.552,-59.752,-59.986,-59.539,-59.372,-57.961,-58.203,-59.71,-57.153,-57.261,-59.506,-57.191,-58.163,-57.787,-57.092,-56.588,-56.926,-56.499,
variance_db,2.14,-59.983,-57.337,-59.175,-24.364,-60.377,-56.513,-59.705,-59.048,-56.465,-58.275,-60.699,-58.554,-57.601,-58.922,-57.801,-59.32,-58.635,-57.165,-56.498,-56.988,-58.026,-54.781,
variance_db,2.16,-61.382,-60.133,-56.929,-24.225,-61.323,-59.094,-56.769,-57.466,-56.764,-57.088,-58.402,-56.29,-56.334,-55.898,-56.152,-57.701,-56.324,-58.95,-56.916,-56.46,-57.099,-59.604,
variance_db,2.18,-59.472,-61.69,-59.876,-24.586,-59.239,-60.194,-59.743,-59.802,-56.954,-58.685,-59.707,-56.045,-57.754,-56.715,-57.04,-58.647,-55.858,-55.865,-59.124,-57.111,-57.913,-58.455,
variance_db,2.2,-60.092,-59.289,-59.751,-24.112,-59.97,-57.386,-59.542,-57.784,-58.895,-57.909,-56.831,-56.943,-59.622,-58.403,-58.787,-57.402,-58.017,-57.34,-57.311,-57.486,-58.121,-58.558,
variance_db,2.22,-59.248,-59.121,-58.769,-24.13,-59.272,-57.323,-58.567,-58.481,-54.894,-57.61,-59.356,-58.513,-57.118,-57.784,-59.165,-59.519,-55.037,-56.606,-59.547,-57.962,-57.673,-58.201,
variance_db,2.24,-59.391,-59.761,-60.225,-24.224,-59.012,-58.278,-59.34,-59.744,-59.62,-60.025,-58.902,-57.703,-58.479,-58.98,-54.931,-58.086,-58.421,-58.633,-57.777,-60.609,-59.208,-59.914,
variance_db,2.2600000000000002,-59.168,-61.08,-61.326,-24.552,-58.803,-60.204,-61.388,-57.485,-57.897,-55.897,-57.911,-61.739,-58.457,-56.674,-55.975,-58.407,-58.651,-58.194,-56.935,-57.417,-57.351,-57.999,
variance_db,2.2800000000000002,-58.349,-59.256,-60.154,-24.408,-58.613,-57.143,-60.644,-59.878,-58.467,-60.341,-58.072,-59.453,-56.484,-58.113,-58.064,-58.522,-55.933,-56.89,-56.993,-58.644,-57.937,-58.954,
variance_db,2.3000000000000003,-60.646,-61.538,-59.762,-24.793,-59.888,-59.315,-59.648,-61.691,-57.855,-57.57,-58.986,-56.945,-57.342,-58.252,-59.112,-59.753,-57.849,-59.228,-59.133,-58.4,-58.0,-57.717,
variance_db,2.32,-62.713,-59.764,-59.795,-24.31,-60.974,-58.284,-60.383,-58.252,-60.097,-60.016,-58.533,-59.814,-57.994,-57.826,-59.469,-57.498,-61.029,-59.426,-58.142,-59.056,-58.761,-57.08,
variance_db,2.34,-61.149,-61.359,-60.785,-24.825,-61.037,-58.506,-60.68,-59.484,-55.884,-59.547,-58.906,-59.174,-58.085,-57.888,-55.336,-62.161,-59.674,-59.253,-57.305,-57.976,-55.511,-59.229,
variance_db,2.36,-56.961,-62.736,-61.464,-24.458,-56.177,-59.797,-60.191,-59.126,-58.405,-57.938,-56.975,-56.658,-58.805,-58.377,-58.636,-60.166,-58.893,-58.023,-58.031,-55.308,-59.114,-58.927,
variance_db,2.38,-59.105,-61.004,-59.965,-24.87,-58.904,-58.193,-60.185,-57.309,-60.509,-56.969,-56.481,-56.85,-56.328,-57.398,-57.782,-56.645,-58.571,-57.349,-58.041,-58.982,-59.302,-58.922,
variance_db,2.4,-59.228,-59.667,-60.283,-25.403,-59.334,-57.372,-58.63,-60.313,-56.869,-59.266,-59.716,-58.43,-58.139,-57.788,-58.015,-57.415,-57.453,-59.772,-57.742,-60.713,-56.191,-57.797,
variance_db,2.42,-58.378,-58.462,-60.809,-25.72,-57.91,-55.073,-60.075,-60.872,-61.57,-60.651,-57.508,-60.74,-58.435,-57.667,-57.669,-57.317,-58.12,-58.008,-56.817,-60.014,-58.104,-57.672,
variance_db,2.44,-60.553,-61.501,-62.482,-25.273,-59.566,-58.547,-61.769,-58.187,-58.014,-61.743,-60.563,-59.769,-59.57,-57.384,-59.943,-58.347,-59.557,-58.219,-56.836,-57.755,-57.882,-59.396,
variance_db,2.46,-58.152,-58.908,-58.495,-25.462,-56.826,-54.793,-58.383,-59.852,-59.017,-58.617,-58.129,-60.472,-57.454,-57.567,-61.879,-58.96,-58.071,-57.333,-60.066,-57.444,-57.865,-58.824,
variance_db,2.48,-60.011,-59.062,-60.988,-25.344,-57.722,-53.53,-60.273,-59.784,-55.611,-59.349,-59.762,-60.534,-57.311,-57.437,-58.036,-58.176,-57.622,-57.779,-56.608,-55.84,-58.526,-57.76,
variance_db,2.5,-60.683,-59.798,-58.102,-25.15,-57.059,-53.005,-58.373,-59.508,-58.336,-59.494,-58.31,-59.354,-56.879,-54.167,-59.356,-58.601,-56.737,-55.558,-58.409,-59.89,-58.843,-57.433,
variance_db,2.52,-58.659,-60.949,-61.188,-25.329,-56.671,-53.162,-60.073,-59.877,-61.087,-59.161,-60.29,-57.559,-58.398,-57.639,-59.351,-57.714,-56.493,-56.636,-58.295,-61.87,-57.991,-56.941,
variance_db,2.54,-62.039,-60.298,-58.985,-25.278,-57.676,-53.696,-57.819,-58.976,-59.005,-59.442,-59.882,-58.213,-57.318,-56.61,-59.268,-57.499,-58.622,-58.158,-58.059,-59.285,-57.85,-57.343,
variance_db,2.56,-60.72,-61.922,-61.391,-25.07,-57.411,-54.576,-58.908,-58.222,-58.734,-58.364,-58.869,-55.524,-58.81,-55.174,-58.979,-57.169,-59.609,-58.492,-57.7,-57.552,-59.696,-56.559,
variance_db,2.58,-61.846,-62.377,-62.76,-25.557,-58.113,-54.172,-58.242,-59.136,-59.279,-56.851,-60.182,-60.042,-58.47,-57.664,-57.09,-59.11,-59.198,-57.427,-57.756,-57.102,-57.676,-56.619,
variance_db,2.6,-59.34,-60.819,-62.469,-25.775,-57.72,-53.844,-58.193,-57.466,-59.118,-58.98,-59.966,-58.088,-59.217,-58.158,-58.756,-58.976,-58.004,-58.31,-59.163,-57.204,-58.02,-58.482,
variance_db,2.62,-60.959,-60.643,-59.345,-25.712,-53.896,-53.77,-56.765,-59.282,-59.343,-59.019,-60.521,-58.469,-60.195,-58.112,-60.07,-57.549,-59.433,-58.271,-56.957,-56.636,-57.066,-58.939,
variance_db,2.64,-61.748,-62.1,-60.381,-25.774,-53.627,-52.762,-56.145,-60.488,-60.094,-58.592,-59.341,-59.827,-56.006,-55.53,-58.674,-58.247,-59.191,-56.538,-56.658,-56.149,-56.351,-58.879,
variance_db,2.66,-62.427,-58.692,-59.959,-25.18,-54.863,-48.68,-56.051,-58.802,-59.859,-58.566,-57.553,-61.357,-57.336,-56.774,-60.523,-58.703,-57.793,-58.579,-56.703,-57.908,-57.778,-56.017,
variance_db,2.68,-60.597,-59.957,-59.835,-25.562,-54.984,-46.381,-56.903,-60.062,-60.157,-60.059,-58.541,-59.903,-57.49,-58.587,-58.527,-57.173,-57.483,-58.609,-55.627,-59.947,-58.692,-57.089,
variance_db,2.7,-62.073,-60.15,-60.706,-25.808,-54.042,-47.527,-59.531,-60.401,-58.927,-58.864,-58.493,-60.513,-59.941,-59.984,-57.338,-59.431,-58.936,-58.897,-59.332,-60.524,-59.277,-58.105,
variance_db,2.72,-60.461,-60.206,-62.008,-25.75,-52.749,-47.815,-59.081,-62.136,-60.417,-59.431,-60.544,-61.57,-58.149,-58.251,-55.125,-57.79,-60.734,-58.591,-58.514,-59.294,-57.07,-57.366,
variance_db,2.74,-60.408,-60.501,-61.658,-25.954,-52.166,-48.675,-58.697,-58.014,-58.589,-59.231,-59.512,-60.253,-57.602,-57.299,-55.911,-59.916,-62.105,-60.885,-56.557,-60.567,-59.431,-57.135,
variance_db,2.7600000000000002,-60.297,-60.86,-61.575,-25.738,-52.863,-48.194,-58.165,-59.257,-60.165,-59.427,-60.132,-60.401,-61.491,-58.591,-58.897,-57.34,-61.2,-60.031,-59.359,-60.213,-57.59,-57.935,
variance_db,2.7800000000000002,-62.988,-63.098,-63.11,-25.483,-51.884,-50.553,-58.471,-59.216,-57.578,-59.728,-59.782,-61.674,-58.792,-57.946,-59.452,-57.814,-59.685,-55.621,-58.824,-58.582,-59.076,-59.843,
variance_db,2.8000000000000003,-63.523,-62.692,-59.46,-26.016,-53.289,-50.333,-56.384,-58.328,-58.259,-61.437,-59.006,-58.481,-60.126,-56.856,-56.635,-57.719,-59.708,-57.366,-59.721,-57.258,-56.173,-58.746,
variance_db,2.82,-61.644,-61.121,-62.337,-25.688,-54.43,-49.383,-59.747,-59.48,-57.875,-59.667,-59.281,-58.974,-59.565,-58.327,-56.787,-58.718,-59.243,-59.596,-60.37,-57.867,-55.787,-58.68,
variance_db,2.84,-59.99,-62.086,-62.705,-26.459,-52.858,-53.045,-58.786,-59.962,-57.843,-59.147,-59.189,-57.501,-56.223,-59.289,-59.294,-57.795,-56.931,-59.86,-59.11,-58.712,-58.77,-58.559,
variance_db,2.86,-62.271,-62.641,-60.287,-25.884,-55.218,-53.888,-57.718,-59.325,-59.427,-59.706,-59.293,-58.536,-57.747,-56.899,-57.898,-57.382,-59.955,-58.765,-58.15,-58.568,-61.886,-57.501,
variance_db,2.88,-61.281,-60.375,-59.86,-27.308,-55.447,-55.21,-58.129,-58.621,-58.307,-59.102,-59.093,-61.051,-58.905,-57.546,-58.563,-57.254,-58.983,-61.423,-58.741,-59.225,-59.013,-61.213,
variance_db,2.9,-61.0,-62.386,-61.489,-26.718,-55.964,-54.291,-60.319,-58.87,-60.971,-59.762,-59.36,-60.486,-58.686,-58.85,-60.094,-58.696,-57.3,-57.915,-56.007,-55.612,-58.34,-59.172,
variance_db,2.92,-61.386,-61.291,-61.323,-27.406,-57.401,-54.114,-61.995,-58.559,-59.386,-57.767,-56.809,-57.859,-59.098,-59.059,-59.714,-59.332,-59.025,-58.228,-61.109,-57.746,-60.404,-58.558,
variance_db,2.94,-61.282,-63.481,-60.259,-26.233,-57.54,-56.408,-59.693,-58.396,-57.809,-59.316,-58.43,-57.316,-59.116,-57.551,-61.05,-60.247,-57.366,-57.252,-59.956,-58.013,-61.587,-58.298,
variance_db,2.96,-61.817,-60.222,-63.318,-27.288,-58.936,-55.656,-61.861,-59.498,-60.73,-58.321,-58.87,-57.251,-56.958,-58.926,-56.602,-59.495,-58.061,-58.903,-58.5,-58.681,-59.192,-60.663,
variance_db,2.98,-61.98,-60.566,-60.856,-26.69,-57.879,-56.053,-60.134,-60.013,-59.366,-58.076,-58.342,-58.231,-60.19,-58.705,-58.306,-57.176,-57.8,-59.065,-59.373,-60.57,-58.959,-59.166,
variance_db,3.0,-61.134,-60.284,-61.267,-27.186,-58.73,-56.585,-60.157,-58.592,-59.574,-59.245,-58.457,-59.39,-57.971,-55.727,-60.99,-59.035,-57.886,-57.953,-61.487,-60.372,-59.536,-58.27,
variance_db,3.02,-62.513,-63.731,-62.629,-26.454,-60.313,-58.305,-61.823,-60.535,-57.596,-60.376,-59.097,-59.049,-58.564,-57.264,-60.206,-58.349,-57.434,-59.954,-59.81,-57.493,-60.958,-58.756,
variance_db,3.04,-61.629,-57.937,-62.486,-26.655,-61.322,-56.003,-61.955,-59.679,-60.69,-59.006,-59.639,-58.939,-58.602,-59.603,-57.395,-57.731,-57.123,-60.724,-59.653,-60.318,-60.771,-59.963,
variance_db,3.06,-61.991,-61.956,-61.743,-26.364,-61.356,-58.744,-62.046,-59.736,-60.847,-61.571,-60.257,-60.283,-57.587,-58.93,-58.112,-57.437,-57.764,-59.001,-60.803,-58.631,-57.981,-58.622,
variance_db,3.08,-64.713,-61.427,-62.092,-26.513,-63.642,-58.421,-62.712,-58.978,-60.92,-58.811,-57.381,-59.152,-59.638,-57.874,-59.542,-59.104,-57.217,-60.057,-58.795,-59.629,-56.136,-60.032,
variance_db,3.1,-61.104,-61.31,-62.189,-26.423,-61.052,-59.347,-62.086,-59.914,-60.545,-58.027,-57.95,-60.016,-59.125,-59.237,-57.845,-60.439,-59.254,-57.552,-59.398,-60.257,-58.817,-59.077,
variance_db,3.12,-59.465,-62.696,-62.277,-26.833,-59.226,-60.546,-61.866,-59.956,-58.532,-60.783,-59.834,-59.939,-56.929,-60.023,-59.728,-60.676,-59.299,-58.636,-57.274,-61.198,-60.912,-60.009,
variance_db,3.14,-61.595,-60.968,-61.809,-26.696,-60.212,-59.232,-62.559,-58.85,-57.558,-58.977,-59.362,-60.02,-59.089,-59.731,-58.857,-58.746,-58.969,-59.107,-60.345,-58.327,-59.246,-62.293,
variance_db,3.16,-63.194,-61.87,-62.209,-26.348,-63.151,-58.223,-63.047,-59.454,-56.264,-59.828,-59.493,-60.93,-58.11,-57.421,-58.88,-58.332,-59.821,-59.068,-58.549,-61.321,-59.856,-60.163,
variance_db,3.18,-61.121,-61.963,-60.882,-26.439,-60.815,-59.683,-61.609,-59.648,-59.832,-59.91,-58.767,-59.218,-59.495,-58.189,-56.821,-59.655,-58.801,-58.359,-59.595,-59.41,-60.515,-58.347,
variance_db,3.2,-60.285,-60.94,-60.095,-27.047,-59.453,-61.13,-59.884,-59.155,-58.29,-60.01,-59.855,-59.852,-60.711,-60.101,-57.824,-59.302,-56.603,-57.201,-59.355,-58.094,-59.345,-57.797,
variance_db,3.22,-61.533,-62.554,-61.043,-27.044,-62.477,-61.674,-61.619,-60.772,-60.222,-59.715,-57.616,-59.027,-58.697,-59.848,-60.006,-58.924,-58.44,-59.505,-61.305,-57.813,-58.93,-58.038,
variance_db,3.24,-63.721,-60.905,-61.007,-26.46,-63.45,-58.997,-61.651,-60.388,-60.88,-59.172,-57.709,-60.253,-60.732,-58.946,-59.448,-58.36,-58.37,-60.312,-61.298,-56.022,-58.635,-57.598,
variance_db,3.2600000000000002,-61.824,-62.08,-62.154,-27.791,-61.65,-60.238,-62.265,-60.192,-62.385,-58.756,-59.222,-61.847,-60.901,-57.562,-58.485,-60.283,-58.511,-60.608,-60.042,-57.928,-58.491,-56.799,
variance_db,3.2800000000000002,-62.588,-61.565,-62.175,-27.467,-62.607,-60.057,-62.832,-59.164,-58.295,-59.597,-58.733,-59.534,-57.711,-57.172,-59.481,-59.395,-59.409,-59.977,-58.492,-58.81,-59.759,-56.905,
variance_db,3.3000000000000003,-61.796,-61.255,-61.484,-26.8,-61.268,-59.822,-61.86,-61.18,-61.264,-59.952,-57.861,-59.915,-59.04,-59.424,-60.28,-58.437,-59.239,-59.319,-58.916,-58.906,-61.427,-59.317,
variance_db,3.3200000000000003,-61.37,-62.605,-62.609,-26.742,-61.489,-60.087,-62.176,-59.654,-60.742,-60.547,-57.816,-59.658,-58.198,-59.127,-57.963,-58.866,-59.511,-59.068,-58.489,-58.751,-60.982,-59.452,
variance_db,3.34,-61.131,-61.994,-61.041,-26.941,-62.144,-58.719,-60.647,-57.599,-58.868,-59.106,-58.992,-60.851,-59.734,-57.706,-60.442,-60.058,-57.375,-60.399,-60.056,-58.292,-62.144,-56.578,
variance_db,3.36,-61.027,-62.597,-60.367,-26.956,-61.641,-57.515,-60.623,-58.21,-58.137,-59.55,-58.381,-58.336,-59.916,-58.389,-60.225,-56.492,-58.588,-57.585,-58.379,-60.539,-59.375,-57.26,
variance_db,3.38,-60.604,-62.922,-62.048,-27.301,-60.342,-58.892,-62.758,-60.437,-60.752,-59.59,-59.831,-57.611,-59.23,-57.157,-57.788,-58.347,-59.175,-58.008,-60.051,-59.076,-57.118,-59.587,
variance_db,3.4,-60.461,-62.094,-64.418,-27.533,-60.759,-58.13,-64.524,-59.5,-60.071,-60.339,-58.382,-58.093,-59.971,-57.418,-60.657,-59.757,-58.034,-61.673,-59.178,-56.189,-61.038,-58.448,
variance_db,3.42,-62.321,-62.315,-62.908,-27.46,-62.091,-60.355,-63.543,-59.051,-61.629,-60.479,-59.703,-60.147,-60.81,-58.426,-59.32,-59.655,-60.051,-59.331,-60.591,-57.774,-58.704,-57.24,
variance_db,3.44,-62.658,-63.719,-62.177,-27.782,-61.177,-58.455,-61.664,-61.082,-58.306,-59.551,-59.692,-59.0,-58.349,-61.074,-58.084,-58.599,-61.063,-60.272,-57.85,-58.732,-59.464,-58.087,
variance_db,3.46,-63.726,-60.897,-63.715,-27.299,-62.233,-56.288,-63.6,-59.673,-59.012,-59.205,-59.003,-57.218,-58.618,-59.791,-57.863,-57.29,-58.153,-57.397,-58.147,-60.177,-59.302,-58.531,
variance_db,3.48,-61.758,-61.826,-62.106,-27.724,-62.92,-58.098,-61.735,-60.864,-57.335,-60.436,-57.592,-61.137,-59.351,-59.92,-59.295,-55.725,-58.201,-58.005,-59.755,-61.337,-58.395,-58.447,
variance_db,3.5,-62.78,-61.666,-63.349,-27.19,-63.499,-58.807,-62.173,-57.995,-56.542,-60.4,-59.596,-61.463,-60.622,-57.378,-58.747,-56.293,-57.512,-59.096,-60.989,-62.296,-58.207,-59.962,
variance_db,3.52,-61.718,-61.63,-62.732,-27.094,-62.042,-57.3,-61.487,-59.189,-57.563,-58.954,-58.402,-57.667,-60.494,-58.245,-58.783,-57.568,-60.269,-61.14,-58.76,-61.554,-59.459,-60.081,
variance_db,3.54,-61.827,-62.947,-61.858,-27.402,-62.461,-60.437,-63.184,-59.39,-59.651,-59.444,-58.581,-58.007,-62.439,-58.847,-60.236,-57.591,-60.047,-57.174,-60.998,-58.893,-59.668,-58.965,
variance_db,3.56,-62.566,-61.792,-64.614,-27.509,-63.513,-56.748,-64.282,-58.054,-57.543,-60.708,-60.616,-57.523,-59.606,-59.22,-60.045,-59.162,-61.83,-57.973,-60.611,-59.561,-62.162,-58.595,
variance_db,3.58,-61.918,-60.023,-62.387,-27.805,-62.121,-56.308,-61.757,-59.255,-56.508,-61.704,-60.856,-58.325,-60.282,-58.85,-57.077,-59.452,-57.744,-58.829,-57.397,-61.973,-62.083,-61.698,
variance_db,3.6,-60.865,-63.798,-64.291,-27.747,-61.33,-60.598,-63.613,-61.012,-60.424,-59.545,-59.546,-60.552,-61.521,-58.248,-58.645,-58.995,-59.536,-58.956,-58.778,-59.635,-60.423,-59.247,
variance_db,3.62,-63.266,-62.053,-63.086,-27.866,-63.418,-60.291,-62.567,-60.829,-59.462,-60.76,-59.649,-60.478,-60.342,-57.225,-61.189,-60.496,-59.178,-58.112,-58.695,-58.298,-59.137,-58.705,
variance_db,3.64,-61.992,-60.58,-60.725,-27.711,-62.637,-61.376,-61.146,-61.363,-59.096,-61.959,-61.133,-59.386,-59.307,-58.877,-62.149,-60.779,-57.949,-60.424,-60.493,-60.034,-59.386,-59.187,
variance_db,3.66,-60.118,-64.29,-62.444,-27.928,-60.028,-61.729,-64.029,-60.52,-58.252,-63.001,-60.464,-59.212,-59.475,-58.749,-61.502,-61.8,-58.186,-59.648,-59.008,-61.411,-57.823,-58.589,
variance_db,3.68,-62.33,-60.346,-65.5,-27.352,-63.279,-59.631,-65.387,-61.447,-57.663,-60.78,-58.779,-60.487,-55.801,-57.495,-58.899,-58.965,-59.588,-60.484,-58.647,-59.16,-58.035,-59.353,
variance_db,3.7,-63.551,-61.25,-63.208,-28.207,-64.363,-61.632,-61.818,-61.711,-58.879,-60.54,-59.106,-60.288,-56.899,-59.341,-59.675,-60.114,-59.001,-61.055,-59.104,-59.495,-59.361,-58.624,
variance_db,3.72,-62.795,-61.628,-62.131,-28.319,-62.351,-62.016,-60.833,-60.499,-62.161,-61.529,-57.831,-59.507,-59.744,-59.013,-59.439,-59.471,-58.213,-59.808,-60.505,-60.693,-57.984,-59.272,
variance_db,3.74,-63.988,-62.74,-62.286,-28.049,-63.271,-63.01,-62.27,-59.958,-61.941,-61.237,-60.016,-60.044,-57.666,-57.718,-59.247,-59.795,-56.043,-59.093,-59.763,-62.082,-57.385,-60.957,
variance_db,3.7600000000000002,-63.223,-62.706,-62.893,-27.655,-61.074,-62.296,-63.047,-62.236,-61.204,-58.833,-61.003,-60.811,-58.975,-61.421,-59.671,-60.337,-58.009,-59.625,-59.491,-60.227,-58.293,-59.019,
variance_db,3.7800000000000002,-59.919,-62.272,-62.5,-27.302,-61.173,-61.632,-62.056,-59.364,-59.127,-60.181,-61.493,-59.916,-59.083,-61.358,-59.444,-59.585,-58.618,-58.615,-60.811,-58.095,-56.812,-58.336,
variance_db,3.8000000000000003,-60.635,-60.666,-62.523,-27.5,-61.213,-60.335,-63.295,-61.867,-60.179,-60.713,-59.288,-60.702,-59.296,-60.516,-61.089,-59.454,-60.071,-60.64,-60.3,-57.058,-58.023,-59.019,
variance_db,3.8200000000000003,-61.512,-64.88,-61.405,-27.897,-61.162,-62.638,-62.172,-60.604,-58.033,-58.518,-58.919,-59.902,-61.25,-61.63,-61.051,-59.1,-59.253,-58.915,-61.165,-59.792,-58.123,-61.131,
variance_db,3.84,-64.211,-61.638,-63.798,-27.708,-63.236,-60.477,-64.011,-60.005,-60.32,-59.619,-56.645,-58.286,-60.215,-60.661,-58.88,-61.46,-58.1,-60.138,-57.974,-60.549,-58.302,-59.501,
variance_db,3.86,-64.104,-60.019,-63.878,-28.144,-63.846,-59.607,-64.006,-62.327,-59.598,-60.786,-58.572,-59.171,-58.837,-61.795,-60.954,-60.826,-60.288,-59.708,-57.967,-58.817,-59.682,-58.049,
variance_db,3.88,-62.449,-63.776,-65.465,-27.875,-62.87,-63.804,-65.694,-57.694,-58.175,-62.919,-60.702,-60.274,-59.368,-62.434,-59.318,-59.496,-60.613,-57.319,-60.681,-57.67,-60.603,-59.168,
variance_db,3.9,-64.352,-63.066,-64.887,-28.852,-65.099,-63.397,-65.428,-60.336,-59.623,-60.244,-60.693,-59.071,-62.27,-59.658,-58.419,-57.181,-59.509,-59.31,-60.496,-57.667,-59.149,-58.872,
variance_db,3.92,-63.806,-63.643,-63.608,-28.37,-64.877,-63.857,-64.379,-60.478,-60.436,-58.379,-59.193,-56.592,-61.588,-59.283,-60.175,-58.094,-61.876,-61.165,-61.107,-60.522,-55.617,-57.339,
variance_db,3.94,-61.868,-65.395,-61.478,-28.268,-62.087,-66.348,-62.245,-59.678,-60.035,-60.974,-61.204,-57.617,-60.432,-59.762,-59.388,-59.843,-62.126,-59.347,-59.043,-61.204,-59.138,-57.461,
variance_db,3.96,-61.178,-63.714,-62.86,-27.827,-61.669,-63.595,-63.065,-60.427,-60.056,-59.916,-61.178,-60.818,-61.338,-60.997,-58.144,-58.45,-62.003,-60.851,-58.411,-61.702,-60.368,-59.451,
variance_db,3.98,-62.686,-61.637,-65.459,-28.258,-63.9,-62.092,-64.643,-57.114,-59.089,-61.694,-60.483,-57.64,-57.702,-57.051,-61.157,-61.347,-59.539,-58.616,-60.333,-59.595,-60.584,-58.781,
variance_db,4.0,-62.473,-62.498,-62.859,-28.507,-62.991,-63.701,-63.756,-61.147,-58.279,-60.638,-61.888,-58.223,-57.965,-58.259,-59.199,-60.42,-58.703,-58.85,-61.711,-61.834,-56.775,-60.095,
variance_db,4.0200000000000005,-63.334,-63.531,-63.612,-28.461,-63.242,-63.632,-64.104,-61.035,-58.456,-59.931,-60.253,-59.57,-61.021,-60.526,-60.67,-59.504,-59.474,-60.488,-59.689,-58.779,-60.135,-61.067,
variance_db,4.04,-62.796,-63.496,-62.058,-28.809,-63.838,-63.431,-63.067,-61.717,-59.385,-59.725,-60.01,-61.334,-59.841,-58.999,-60.64,-60.417,-61.223,-61.04,-59.392,-57.731,-59.896,-58.173,
variance_db,4.0600000000000005,-62.794,-62.406,-59.966,-29.725,-63.987,-62.993,-60.391,-61.295,-60.334,-60.399,-59.495,-58.7,-59.225,-58.035,-60.333,-58.231,-61.139,-59.534,-58.801,-59.951,-58.979,-59.469,
variance_db,4.08,-64.36,-65.006,-65.423,-28.423,-65.017,-65.182,-65.354,-62.129,-61.089,-59.843,-57.424,-60.658,-61.822,-58.476,-59.588,-58.136,-60.362,-57.457,-60.825,-58.592,-58.963,-57.842,
variance_db,4.1,-64.986,-64.96,-64.237,-27.746,-65.289,-65.008,-64.707,-60.207,-58.332,-61.719,-60.962,-60.149,-59.888,-59.99,-60.863,-58.259,-57.199,-58.916,-61.572,-61.526,-60.06,-58.499,
variance_db,4.12,-63.839,-63.118,-62.823,-27.741,-64.06,-63.705,-62.489,-61.929,-59.293,-59.379,-60.699,-60.14,-60.795,-61.12,-58.977,-60.407,-58.544,-57.828,-58.43,-58.608,-58.977,-60.518,
variance_db,4.14,-61.115,-61.456,-64.548,-28.623,-61.725,-61.797,-64.052,-62.467,-60.35,-57.541,-59.179,-59.199,-58.109,-60.537,-57.602,-56.929,-58.385,-59.188,-57.44,-59.622,-58.807,-61.766,
variance_db,4.16,-62.563,-64.105,-65.158,-28.077,-62.787,-63.588,-64.917,-60.345,-61.893,-58.721,-60.288,-59.934,-57.676,-58.665,-57.939,-57.293,-58.375,-60.234,-58.539,-58.587,-58.003,-60.593,
variance_db,4.18,-63.403,-63.838,-65.523,-28.031,-63.974,-64.37,-65.089,-60.333,-63.057,-61.069,-59.387,-57.962,-61.32,-59.944,-59.074,-59.221,-60.157,-61.612,-59.237,-59.315,-58.09,-59.475,
variance_db,4.2,-63.994,-62.988,-65.33,-28.047,-65.025,-63.944,-65.671,-60.002,-61.723,-58.577,-58.9,-55.32,-58.231,-58.669,-57.69,-58.835,-59.084,-61.227,-60.998,-60.177,-58.802,-57.451,
variance_db,4.22,-64.319,-64.455,-63.526,-28.548,-65.042,-64.029,-63.538,-60.119,-61.857,-59.604,-59.767,-56.848,-58.951,-59.239,-59.658,-58.752,-57.328,-59.119,-62.759,-58.608,-61.718,-58.965,
variance_db,4.24,-62.824,-64.572,-66.75,-28.077,-63.514,-65.593,-67.004,-61.22,-60.957,-60.632,-61.134,-58.584,-61.562,-61.289,-60.367,-61.307,-57.961,-59.851,-60.961,-59.687,-60.511,-58.45,
variance_db,4.26,-62.659,-63.842,-63.973,-28.306,-63.63,-64.335,-63.686,-62.458,-61.099,-61.201,-60.376,-59.143,-61.21,-58.813,-61.724,-61.613,-59.068,-61.304,-58.871,-58.854,-57.603,-56.9,
variance_db,4.28,-62.23,-65.665,-62.029,-28.22,-63.358,-66.615,-62.642,-61.079,-60.268,-60.96,-59.334,-60.578,-58.713,-58.424,-60.813,-60.21,-59.751,-63.11,-59.808,-59.35,-59.484,-58.49,
variance_db,4.3,-62.586,-62.339,-63.272,-28.016,-63.602,-63.32,-64.364,-62.448,-62.568,-60.264,-59.696,-58.989,-57.89,-61.462,-59.82,-59.353,-59.943,-61.252,-59.63,-57.826,-60.104,-58.224,
variance_db,4.32,-63.129,-61.059,-62.843,-29.362,-64.579,-61.226,-63.01,-63.306,-63.09,-59.165,-60.518,-63.516,-58.172,-60.772,-60.219,-59.614,-59.527,-59.55,-60.911,-59.584,-58.559,-57.278,
variance_db,4.34,-62.463,-64.044,-62.7,-28.275,-63.646,-64.83,-63.461,-60.031,-61.802,-60.956,-60.173,-63.873,-57.456,-60.618,-60.041,-59.125,-57.002,-58.907,-58.236,-59.46,-59.713,-58.095,
variance_db,4.36,-64.84,-63.997,-62.312,-27.904,-66.037,-63.979,-62.243,-60.701,-59.827,-61.236,-60.444,-61.748,-59.725,-60.494,-57.939,-59.085,-59.709,-60.773,-60.509,-59.585,-58.688,-58.806,
variance_db,4.38,-64.148,-62.882,-60.687,-28.286,-65.525,-63.499,-61.28,-61.041,-60.592,-57.581,-59.42,-60.868,-59.274,-60.265,-59.751,-60.344,-59.073,-60.52,-58.456,-58.97,-58.448,-60.103,
variance_db,4.4,-61.553,-63.853,-62.419,-28.661,-62.787,-64.875,-62.623,-62.249,-60.223,-63.229,-58.433,-60.458,-59.825,-59.642,-60.001,-58.444,-58.796,-60.002,-57.912,-58.566,-60.283,-59.608,
variance_db,4.42,-62.624,-64.236,-63.473,-28.335,-63.651,-64.409,-63.08,-59.628,-61.662,-61.911,-60.896,-57.946,-60.102,-59.977,-60.109,-57.92,-58.469,-58.048,-60.021,-59.984,-58.973,-57.322,
variance_db,4.44,-61.238,-62.046,-61.822,-28.203,-62.131,-62.611,-61.637,-61.593,-60.636,-61.223,-59.553,-57.211,-60.283,-58.365,-60.242,-60.168,-57.031,-58.15,-59.649,-60.21,-58.231,-59.319,
variance_db,4.46,-63.006,-62.727,-63.035,-28.357,-64.184,-63.881,-63.775,-61.68,-61.14,-61.641,-57.777,-58.887,-59.112,-62.141,-59.106,-61.066,-59.022,-60.98,-60.798,-59.548,-59.307,-58.418,
variance_db,4.48,-63.069,-63.202,-61.628,-28.228,-64.627,-64.281,-62.278,-60.597,-61.347,-61.97,-58.375,-58.392,-58.982,-62.673,-59.611,-59.2,-59.112,-57.697,-59.496,-60.29,-61.793,-57.847,
variance_db,4.5,-63.234,-63.677,-61.553,-28.235,-63.995,-64.534,-62.668,-59.899,-62.27,-61.494,-59.728,-59.348,-61.793,-59.466,-59.775,-57.929,-59.142,-58.955,-61.39,-62.151,-59.199,-57.952,
variance_db,4.5200000000000005,-63.376,-64.118,-65.304,-28.185,-64.782,-64.946,-65.461,-59.264,-61.924,-61.099,-60.838,-59.09,-60.626,-62.279,-58.909,-59.427,-57.737,-59.825,-60.472,-59.612,-60.558,-58.204,
variance_db,4.54,-62.268,-64.775,-65.444,-28.627,-63.63,-65.163,-65.782,-60.304,-61.545,-59.801,-60.852,-60.39,-59.61,-59.785,-61.572,-60.454,-58.961,-57.385,-60.926,-62.931,-60.717,-59.964,
variance_db,4.5600000000000005,-62.228,-66.696,-64.455,-28.49,-63.783,-67.794,-65.011,-61.102,-62.517,-60.555,-60.103,-61.714,-58.247,-58.437,-61.382,-57.558,-57.619,-58.684,-58.063,-59.812,-57.442,-57.891,
variance_db,4.58,-61.861,-63.887,-62.037,-29.299,-63.379,-64.815,-62.654,-60.998,-60.977,-59.779,-61.096,-60.901,-61.044,-58.769,-60.409,-60.576,-58.446,-60.344,-57.573,-57.891,-57.03,-57.21,
variance_db,4.6000000000000005,-63.205,-65.808,-63.555,-28.544,-64.058,-65.964,-63.603,-61.906,-62.019,-61.026,-60.801,-62.684,-61.538,-59.234,-58.089,-60.757,-60.763,-60.337,-58.468,-60.238,-57.927,-56.65,
variance_db,4.62,-65.689,-62.965,-63.904,-28.193,-67.267,-63.543,-63.508,-63.019,-61.523,-60.563,-61.807,-61.276,-59.679,-61.425,-57.454,-61.229,-60.47,-61.504,-58.349,-60.627,-58.917,-58.983,
variance_db,4.64,-63.098,-65.407,-65.517,-28.18,-63.938,-65.488,-65.3,-62.274,-59.117,-59.913,-61.104,-58.474,-59.537,-61.033,-59.862,-58.434,-58.838,-61.253,-59.965,-61.385,-61.063,-59.835,
variance_db,4.66,-63.696,-63.957,-64.146,-28.252,-64.559,-64.868,-63.782,-61.102,-58.361,-59.597,-58.462,-59.9,-60.641,-60.373,-61.398,-60.653,-58.974,-60.676,-61.733,-60.075,-58.027,-58.397,
variance_db,4.68,-63.752,-63.638,-67.291,-28.135,-65.019,-63.933,-67.42,-60.089,-61.305,-62.446,-58.497,-60.584,-58.768,-61.135,-59.317,-62.391,-59.563,-60.127,-59.712,-59.555,-60.669,-60.231,
variance_db,4.7,-61.365,-63.161,-66.654,-28.101,-63.348,-63.885,-67.125,-59.438,-61.114,-62.684,-60.492,-60.495,-60.398,-59.107,-56.849,-60.931,-60.22,-60.094,-59.128,-59.639,-58.407,-60.005,
variance_db,4.72,-63.093,-64.437,-63.202,-28.225,-65.156,-64.772,-64.206,-59.344,-61.373,-61.74,-60.144,-58.414,-60.288,-58.278,-58.891,-58.366,-61.984,-60.565,-58.926,-60.356,-57.775,-60.34,
variance_db,4.74,-64.268,-64.343,-66.828,-28.462,-64.856,-64.896,-66.679,-60.664,-60.232,-60.44,-59.483,-59.164,-59.532,-59.391,-59.598,-59.776,-60.308,-59.185,-60.679,-60.695,-58.402,-61.175,
variance_db,4.76,-61.667,-64.121,-63.816,-28.319,-62.603,-65.452,-64.169,-61.251,-58.368,-61.148,-59.626,-58.362,-58.628,-58.771,-59.54,-58.527,-61.187,-59.472,-62.002,-60.959,-57.069,-60.777,
variance_db,4.78,-62.783,-63.756,-62.956,-28.77,-64.004,-64.622,-64.406,-60.812,-58.605,-62.311,-58.254,-59.629,-59.486,-58.464,-59.678,-57.459,-60.512,-60.331,-61.787,-60.811,-61.108,-62.654,
variance_db,4.8,-64.545,-64.561,-63.942,-29.848,-65.478,-64.845,-64.354,-61.443,-58.872,-60.013,-60.438,-60.323,-62.235,-58.989,-60.486,-58.672,-61.816,-61.141,-61.46,-59.435,-59.474,-60.279,
variance_db,4.82,-64.068,-63.792,-63.186,-28.67,-65.602,-64.608,-64.029,-59.263,-58.363,-59.344,-62.005,-60.979,-61.158,-59.12,-58.867,-59.662,-61.171,-59.274,-61.993,-57.776,-61.04,-61.504,
variance_db,4.84,-62.446,-62.681,-61.734,-28.719,-64.106,-64.062,-62.212,-60.148,-61.928,-59.968,-60.784,-61.545,-60.991,-57.586,-60.158,-57.865,-60.706,-60.859,-60.139,-60.142,-60.22,-60.841,
variance_db,4.86,-61.985,-64.065,-63.391,-28.659,-63.444,-64.994,-64.735,-60.174,-58.771,-62.245,-60.151,-60.107,-60.339,-58.157,-60.784,-59.888,-60.39,-60.148,-58.669,-60.773,-59.213,-60.718,
variance_db,4.88,-63.713,-62.727,-67.234,-30.7,-65.22,-63.746,-66.634,-61.347,-59.628,-64.256,-60.246,-61.341,-59.069,-58.866,-60.276,-61.928,-60.618,-60.802,-59.606,-59.137,-59.949,-59.866,
variance_db,4.9,-62.851,-62.331,-66.322,-28.652,-63.686,-63.58,-66.782,-62.871,-59.248,-61.898,-59.2,-60.031,-59.279,-57.179,-58.989,-60.663,-60.178,-60.995,-59.271,-59.504,-61.531,-59.964,
variance_db,4.92,-62.382,-64.726,-63.818,-29.093,-63.2,-65.261,-64.416,-61.497,-59.216,-61.071,-59.064,-58.898,-59.6,-58.69,-57.897,-59.416,-58.394,-59.417,-57.296,-59.675,-60.628,-60.052,
variance_db,4.94,-63.859,-63.916,-63.701,-28.783,-64.27,-64.592,-64.461,-60.793,-62.107,-61.692,-61.305,-58.929,-59.087,-59.066,-60.302,-58.847,-59.578,-59.259,-58.674,-58.765,-58.575,-59.105,
variance_db,4.96,-62.7,-63.018,-62.381,-28.383,-63.284,-63.05,-62.175,-60.78,-61.295,-61.224,-60.835,-58.294,-59.606,-62.521,-62.56,-58.891,-59.9,-61.459,-57.875,-57.194,-60.963,-59.09,
variance_db,4.98,-63.933,-61.704,-62.536,-28.529,-64.835,-62.237,-63.016,-59.101,-61.036,-61.815,-57.543,-59.688,-59.763,-62.426,-61.504,-59.269,-58.629,-59.687,-57.343,-60.45,-60.898,-59.89,
variance_db,5.0,-63.677,-64.822,-64.865,-28.794,-64.74,-64.962,-64.798,-62.544,-59.979,-60.359,-60.405,-58.281,-58.829,-60.361,-60.59,-58.69,-60.828,-59.483,-59.587,-58.908,-58.604,-60.99,
variance_db,5.0200000000000005,-61.122,-64.349,-63.91,-28.423,-62.653,-64.914,-64.066,-62.882,-59.366,-59.715,-59.145,-59.023,-60.992,-61.152,-61.928,-60.771,-61.23,-59.128,-60.583,-60.557,-58.984,-60.343,
variance_db,5.04,-61.407,-65.513,-63.87,-29.508,-62.864,-66.377,-64.778,-61.962,-62.066,-59.242,-57.464,-57.263,-61.055,-60.037,-61.185,-61.023,-60.948,-58.477,-61.156,-60.699,-58.02,-60.932,
variance_db,5.0600000000000005,-60.988,-64.877,-65.75,-29.268,-62.431,-65.765,-65.786,-63.179,-60.012,-59.384,-58.158,-58.284,-59.343,-59.064,-61.05,-60.724,-62.148,-59.264,-59.569,-59.163,-59.355,-60.185,
variance_db,5.08,-62.76,-63.63,-64.18,-28.817,-64.109,-63.577,-65.363,-60.568,-58.281,-60.258,-60.17,-60.737,-59.944,-60.735,-61.59,-58.406,-62.094,-60.732,-58.303,-60.483,-59.012,-56.941,
variance_db,5.1000000000000005,-62.215,-63.671,-62.262,-28.969,-62.932,-64.391,-63.015,-59.818,-59.54,-61.602,-59.626,-62.331,-61.602,-59.114,-60.892,-58.655,-60.323,-60.009,-58.73,-61.454,-60.229,-57.615,
variance_db,5.12,-61.566,-62.772,-65.315,-28.884,-62.904,-63.851,-65.867,-61.641,-60.054,-62.047,-60.688,-58.965,-58.822,-61.277,-60.726,-61.679,-59.191,-59.822,-57.707,-57.588,-61.076,-57.373,
variance_db,5.14,-62.852,-60.155,-64.02,-28.763,-64.051,-60.823,-64.604,-62.18,-62.041,-60.613,-58.87,-58.3,-59.311,-59.632,-58.855,-59.918,-57.957,-59.786,-60.236,-59.714,-59.303,-59.457,
variance_db,5.16,-62.37,-63.788,-63.936,-28.884,-63.515,-65.321,-63.985,-61.857,-60.835,-61.583,-61.677,-58.695,-60.539,-59.13,-60.98,-57.75,-59.497,-61.159,-61.31,-58.155,-61.616,-62.529,
variance_db,5.18,-62.593,-65.358,-65.506,-30.367,-63.592,-65.51,-65.942,-61.941,-61.3,-62.915,-61.798,-60.579,-59.028,-59.744,-60.148,-61.077,-60.211,-61.165,-61.153,-60.062,-59.076,-61.111,
variance_db,5.2,-62.054,-62.428,-64.714,-29.279,-63.435,-63.529,-64.517,-61.831,-58.996,-63.528,-58.154,-60.649,-61.06,-60.751,-58.903,-59.91,-57.324,-60.426,-61.818,-61.18,-59.358,-58.12,
variance_db,5.22,-62.186,-62.91,-61.156,-28.986,-63.671,-64.902,-62.332,-61.268,-59.532,-61.858,-60.531,-63.128,-60.56,-57.595,-60.853,-59.411,-59.972,-61.39,-60.713,-60.435,-60.401,-57.112,
variance_db,5.24,-62.968,-62.806,-65.768,-29.348,-63.953,-63.347,-66.597,-59.625,-61.092,-60.349,-61.818,-60.507,-58.339,-58.912,-61.858,-62.248,-60.372,-59.319,-60.186,-60.453,-60.888,-61.173,
variance_db,5.26,-64.836,-64.733,-64.812,-29.126,-66.171,-65.793,-64.022,-59.41,-62.093,-60.502,-61.178,-61.002,-60.631,-60.983,-60.331,-60.947,-60.964,-57.126,-60.795,-59.913,-59.826,-59.866,
variance_db,5.28,-61.826,-60.856,-63.492,-28.859,-62.723,-61.697,-63.71,-63.543,-60.359,-60.707,-61.481,-59.203,-60.913,-61.369,-60.081,-59.097,-59.348,-60.731,-56.929,-57.726,-59.344,-57.857,
variance_db,5.3,-63.405,-63.416,-66.843,-28.658,-64.842,-64.292,-66.905,-62.311,-59.745,-59.095,-59.916,-59.09,-60.518,-60.396,-59.441,-58.434,-60.448,-59.748,-61.54,-60.104,-60.666,-62.02,
variance_db,5.32,-64.462,-64.904,-65.177,-28.894,-65.634,-66.511,-65.614,-61.319,-59.472,-59.986,-58.54,-60.566,-59.218,-61.157,-59.565,-59.778,-59.46,-60.591,-59.308,-60.164,-60.817,-61.207,
variance_db,5.34,-60.85,-63.244,-65.5,-28.896,-62.353,-64.142,-66.518,-61.849,-62.658,-62.029,-60.424,-59.167,-60.398,-62.772,-58.736,-58.385,-58.254,-58.412,-60.815,-58.953,-58.342,-58.621,
variance_db,5.36,-64.236,-61.869,-63.81,-28.644,-66.312,-62.683,-64.492,-58.918,-60.503,-62.791,-58.952,-59.848,-61.344,-61.497,-59.478,-58.401,-59.019,-59.808,-61.095,-58.926,-58.477,-59.11,
variance_db,5.38,-66.959,-63.16,-65.176,-29.737,-68.373,-63.749,-66.264,-60.41,-61.732,-62.937,-60.943,-63.351,-60.341,-60.085,-61.101,-58.312,-59.132,-60.242,-60.237,-61.511,-55.819,-60.126,
variance_db,5.4,-65.586,-64.105,-64.359,-29.147,-66.599,-65.217,-65.664,-60.255,-61.518,-60.071,-61.705,-61.365,-62.872,-60.345,-59.599,-59.058,-60.07,-59.345,-57.013,-60.122,-56.714,-59.995,
variance_db,5.42,-67.626,-64.235,-64.468,-29.004,-68.145,-64.836,-65.556,-58.852,-60.246,-60.807,-60.477,-60.919,-60.555,-60.169,-59.968,-57.12,-59.708,-61.371,-59.316,-62.316,-57.674,-60.901,
variance_db,5.44,-65.205,-63.794,-63.97,-29.026,-65.929,-63.761,-65.318,-61.356,-60.489,-61.105,-59.132,-61.744,-60.317,-60.613,-59.328,-58.367,-58.74,-61.637,-61.925,-60.156,-59.416,-59.49,
variance_db,5.46,-63.032,-65.61,-62.248,-28.593,-64.216,-65.347,-62.347,-62.836,-62.249,-59.674,-58.649,-61.767,-60.863,-61.281,-57.938,-57.904,-56.71,-60.655,-61.26,-57.743,-58.91,-60.95,
variance_db,5.48,-64.395,-64.872,-63.156,-28.929,-66.066,-64.788,-63.73,-62.209,-62.705,-61.819,-60.166,-58.693,-60.144,-60.676,-59.198,-58.91,-58.742,-61.183,-61.422,-59.886,-61.11,-60.756,
variance_db,5.5,-63.859,-64.138,-66.494,-28.915,-64.865,-64.617,-66.672,-60.405,-61.523,-61.056,-58.774,-61.041,-60.189,-58.776,-58.946,-58.767,-58.803,-60.437,-61.145,-61.913,-61.167,-60.176,
variance_db,5.5200000000000005,-62.289,-63.198,-65.394,-29.779,-63.729,-64.593,-65.241,-61.375,-60.318,-60.46,-58.654,-60.278,-60.587,-56.998,-60.606,-59.041,-59.652,-59.791,-60.09,-60.868,-59.771,-59.337,
variance_db,5.54,-63.289,-62.063,-62.899,-29.423,-64.324,-63.75,-64.071,-61.133,-59.297,-61.212,-61.435,-60.458,-59.98,-59.456,-59.815,-62.207,-62.011,-61.264,-61.123,-59.139,-58.662,-59.268,
variance_db,5.5600000000000005,-64.966,-65.303,-63.328,-29.128,-65.888,-66.168,-64.431,-61.941,-62.982,-60.312,-60.671,-59.848,-58.568,-59.733,-58.928,-58.312,-59.705,-60.514,-61.342,-60.141,-59.861,-61.535,
variance_db,5.58,-63.325,-67.393,-65.555,-28.876,-64.697,-68.02,-65.927,-62.622,-63.786,-61.089,-59.487,-61.676,-60.0,-57.061,-61.187,-61.07,-59.605,-60.689,-58.389,-59.333,-59.992,-59.465,
variance_db,5.6000000000000005,-64.639,-64.652,-63.267,-28.677,-65.488,-66.093,-64.663,-62.942,-62.334,-61.008,-59.665,-59.535,-60.151,-57.099,-60.404,-61.144,-61.193,-59.401,-58.99,-59.082,-57.916,-59.965,
variance_db,5.62,-64.419,-65.068,-64.764,-29.026,-65.094,-67.013,-65.898,-62.35,-61.328,-60.707,-59.145,-59.688,-61.119,-59.341,-58.372,-60.048,-61.087,-59.783,-60.582,-60.759,-59.558,-59.892,
variance_db,5.64,-66.301,-63.428,-63.853,-28.84,-66.982,-64.457,-63.959,-61.858,-61.171,-62.477,-59.589,-59.404,-60.308,-58.736,-59.196,-56.975,-59.609,-59.429,-60.453,-59.419,-57.827,-59.247,
variance_db,5.66,-64.098,-62.621,-64.663,-29.01,-65.456,-63.482,-64.483,-61.51,-60.407,-61.451,-59.603,-59.559,-59.824,-59.487,-60.788,-57.472,-60.398,-59.734,-59.826,-60.304,-57.661,-58.866,
variance_db,5.68,-62.979,-65.255,-62.882,-28.706,-64.06,-66.095,-63.041,-60.584,-61.564,-61.902,-59.533,-61.042,-60.791,-60.002,-58.829,-58.069,-60.121,-59.042,-58.914,-60.685,-61.274,-58.858,
variance_db,5.7,-62.74,-64.028,-61.157,-29.367,-63.513,-65.234,-62.063,-61.372,-60.578,-61.746,-61.322,-61.714,-60.658,-58.932,-57.95,-58.582,-59.11,-59.991,-58.917,-58.056,-60.689,-59.391,
variance_db,5.72,-62.4,-63.772,-66.087,-29.627,-63.347,-64.68,-66.398,-60.714,-60.583,-63.453,-60.759,-60.296,-60.547,-58.799,-60.852,-63.731,-60.588,-60.689,-60.456,-58.721,-58.643,-59.362,
variance_db,5.74,-62.875,-65.802,-64.625,-28.807,-64.479,-66.337,-65.319,-60.609,-61.544,-60.866,-59.897,-59.365,-58.775,-60.337,-61.012,-64.118,-58.548,-60.845,-59.133,-62.158,-60.522,-58.703,
variance_db,5.76,-62.968,-65.556,-65.472,-28.833,-63.864,-66.844,-65.696,-59.383,-59.29,-61.898,-60.843,-59.777,-60.226,-60.646,-59.41,-62.23,-58.068,-61.582,-60.716,-61.281,-59.801,-60.038,
variance_db,5.78,-63.543,-64.103,-65.52,-29.518,-64.328,-65.309,-66.503,-59.87,-61.629,-62.669,-59.046,-59.168,-60.313,-59.676,-59.414,-58.765,-58.235,-59.739,-61.372,-60.521,-60.83,-60.085,
variance_db,5.8,-63.377,-65.689,-63.646,-29.336,-64.3,-66.135,-64.43,-59.533,-60.78,-60.812,-60.016,-58.956,-57.762,-59.332,-59.439,-60.951,-60.445,-61.328,-59.577,-58.805,-58.594,-60.848,
variance_db,5.82,-64.598,-64.422,-62.743,-29.504,-66.284,-65.308,-64.023,-60.623,-61.585,-60.857,-62.233,-60.23,-59.133,-60.784,-60.983,-60.264,-60.756,-61.924,-57.97,-62.089,-58.249,-62.239,
variance_db,5.84,-63.683,-65.198,-63.326,-29.229,-65.036,-66.307,-64.462,-61.8,-61.479,-62.283,-61.136,-63.006,-60.898,-61.531,-60.783,-59.562,-59.794,-60.896,-60.211,-62.105,-59.988,-58.31,
variance_db,5.86,-64.183,-62.621,-64.2,-29.883,-65.643,-63.418,-65.393,-60.017,-59.857,-57.824,-61.425,-61.853,-59.206,-59.477,-61.247,-60.641,-58.631,-60.581,-60.922,-58.188,-60.572,-56.975,
variance_db,5.88,-62.864,-65.117,-65.005,-29.204,-64.301,-66.151,-65.556,-61.7,-59.875,-59.043,-60.734,-61.268,-60.211,-61.09,-59.873,-59.093,-61.324,-59.504,-61.273,-59.521,-59.755,-58.716,
variance_db,5.9,-61.372,-66.008,-64.104,-29.697,-62.513,-67.217,-64.607,-61.505,-58.97,-60.422,-59.866,-60.153,-59.918,-62.985,-61.829,-58.416,-61.923,-59.994,-59.457,-60.527,-60.399,-60.87,
variance_db,5.92,-62.365,-65.399,-66.693,-29.341,-63.774,-66.111,-67.673,-59.704,-61.068,-62.542,-61.537,-58.45,-60.699,-59.689,-61.582,-59.517,-60.644,-59.591,-59.915,-61.539,-62.946,-58.54,
variance_db,5.94,-64.726,-63.997,-65.552,-29.279,-65.868,-65.021,-66.129,-61.105,-60.698,-62.251,-59.821,-59.414,-58.406,-57.623,-62.428,-59.956,-60.89,-58.884,-58.704,-58.948,-62.477,-59.833,
variance_db,5.96,-63.892,-63.412,-63.362,-29.228,-64.755,-64.444,-63.786,-61.109,-61.127,-60.513,-59.804,-60.683,-62.374,-60.379,-62.37,-60.729,-59.025,-60.738,-59.329,-59.561,-59.906,-58.366,
variance_db,5.98,-63.236,-62.606,-64.259,-29.386,-64.305,-64.119,-65.083,-61.326,-59.247,-61.813,-59.231,-60.999,-61.936,-59.336,-62.032,-62.668,-59.792,-59.152,-59.773,-60.053,-59.104,-56.726,
variance_db,6.0,-63.995,-63.281,-63.57,-30.169,-64.366,-64.401,-64.245,-61.423,-59.869,-61.193,-58.239,-60.04,-64.295,-59.742,-58.741,-60.364,-59.623,-58.797,-61.854,-60.829,-59.558,-58.307,
variance_db,6.0200000000000005,-64.041,-66.385,-64.763,-28.986,-64.712,-67.812,-65.122,-61.024,-60.904,-60.427,-58.763,-60.165,-63.547,-61.191,-57.302,-58.245,-61.758,-58.858,-59.847,-62.201,-57.56,-57.498,
variance_db,6.04,-65.464,-63.117,-66.122,-29.393,-67.037,-64.4,-66.836,-58.766,-60.415,-62.23,-60.797,-59.495,-58.116,-58.97,-59.118,-58.212,-62.97,-60.616,-59.863,-59.505,-55.877,-60.882,
variance_db,6.0600000000000005,-65.176,-63.923,-64.461,-29.159,-67.067,-64.711,-64.668,-62.401,-60.784,-61.517,-61.857,-62.334,-59.489,-60.028,-58.853,-58.513,-62.423,-60.511,-59.263,-57.926,-59.568,-60.678,
variance_db,6.08,-65.524,-64.04,-65.018,-29.773,-66.991,-64.36,-65.225,-61.899,-60.823,-60.728,-60.79,-63.396,-59.48,-58.684,-59.699,-59.388,-60.599,-57.911,-61.619,-59.663,-59.134,-59.988,
variance_db,6.1000000000000005,-65.467,-63.199,-64.054,-29.738,-67.172,-63.953,-65.029,-60.303,-60.597,-59.33,-60.332,-61.702,-59.509,-60.492,-59.841,-58.945,-59.203,-59.542,-60.244,-59.731,-60.592,-61.169,
variance_db,6.12,-64.612,-65.069,-63.803,-29.229,-65.033,-66.099,-64.126,-61.303,-58.987,-59.974,-57.551,-62.055,-57.577,-61.523,-61.077,-55.477,-58.828,-59.666,-59.131,-58.137,-61.852,-60.873,
variance_db,6.140000000000001,-64.162,-64.219,-64.033,-28.827,-65.31,-65.756,-65.186,-62.399,-60.992,-59.819,-59.442,-60.478,-58.052,-60.165,-60.248,-57.368,-60.264,-59.506,-59.775,-58.172,-58.863,-59.738,
variance_db,6.16,-65.74,-63.755,-64.444,-29.344,-67.666,-64.742,-66.06,-62.995,-59.142,-60.833,-59.219,-59.648,-57.677,-59.56,-59.695,-59.543,-60.826,-59.521,-56.18,-58.908,-57.963,-59.539,
variance_db,6.18,-63.386,-64.334,-66.227,-30.319,-64.523,-64.254,-67.562,-61.502,-60.083,-60.501,-58.285,-60.764,-57.495,-59.408,-59.358,-61.173,-61.639,-58.981,-58.43,-61.673,-60.203,-59.487,
variance_db,6.2,-64.117,-67.887,-66.234,-29.637,-64.883,-68.14,-67.056,-60.671,-59.932,-60.41,-60.642,-60.156,-57.402,-60.227,-59.244,-61.057,-60.428,-60.801,-58.816,-61.338,-60.137,-60.766,
variance_db,6.22,-64.075,-66.064,-66.061,-30.21,-64.58,-66.685,-67.103,-61.856,-60.61,-59.966,-59.535,-58.455,-59.03,-59.257,-59.088,-59.443,-58.768,-61.484,-58.901,-59.936,-59.725,-60.179,
variance_db,6.24,-64.458,-63.957,-63.775,-30.594,-64.798,-65.052,-64.191,-61.896,-61.434,-61.426,-58.47,-60.473,-60.203,-60.938,-58.961,-58.782,-57.846,-60.564,-58.898,-58.34,-59.622,-59.556,
variance_db,6.26,-63.16,-65.552,-62.556,-28.941,-64.458,-66.765,-63.542,-60.791,-58.754,-61.276,-62.174,-61.451,-58.491,-62.697,-61.498,-60.828,-58.768,-60.14,-58.792,-58.195,-59.058,-61.112,
variance_db,6.28,-63.782,-64.669,-65.318,-29.738,-65.026,-65.325,-66.421,-62.974,-61.94,-60.472,-61.572,-61.456,-61.268,-60.653,-60.279,-59.473,-61.333,-59.963,-59.825,-59.201,-59.826,-57.202,
variance_db,6.3,-63.122,-64.078,-64.615,-29.662,-64.527,-64.835,-65.081,-62.699,-60.594,-61.322,-59.763,-61.673,-63.313,-59.026,-59.735,-58.761,-61.26,-59.181,-61.389,-58.147,-57.943,-57.512,
variance_db,6.32,-64.328,-65.013,-63.695,-29.563,-65.638,-66.812,-63.726,-61.703,-59.379,-61.892,-60.505,-61.623,-60.171,-59.923,-61.338,-59.969,-60.059,-58.209,-59.36,-59.165,-59.385,-59.026,
variance_db,6.34,-63.983,-63.15,-64.622,-29.166,-65.493,-64.785,-64.908,-61.786,-59.48,-59.403,-61.169,-60.115,-59.978,-58.62,-60.5,-63.188,-61.09,-59.552,-60.563,-60.018,-61.36,-59.83,
variance_db,6.36,-63.379,-60.399,-63.97,-29.361,-64.78,-61.586,-64.444,-61.29,-61.857,-61.506,-58.275,-59.898,-60.17,-60.308,-59.687,-61.877,-58.764,-58.559,-60.113,-57.613,-61.182,-61.533,
variance_db,6.38,-63.885,-60.848,-63.488,-29.156,-65.108,-62.409,-64.013,-61.838,-60.979,-62.109,-60.956,-61.083,-61.593,-59.51,-58.219,-61.291,-57.892,-58.83,-58.767,-56.802,-59.909,-61.855,
variance_db,6.4,-63.321,-64.097,-65.733,-29.337,-64.742,-65.166,-66.079,-64.545,-60.588,-59.201,-60.745,-62.46,-60.381,-61.585,-61.361,-61.163,-58.334,-61.954,-58.78,-58.147,-60.807,-60.57,
variance_db,6.42,-67.723,-64.973,-65.122,-29.617,-69.432,-65.743,-66.402,-61.035,-61.076,-59.865,-63.984,-61.401,-61.251,-58.825,-59.796,-59.527,-56.544,-61.176,-59.294,-57.76,-58.848,-59.936,
variance_db,6.44,-62.518,-63.776,-65.988,-29.633,-64.247,-64.351,-65.91,-60.166,-61.089,-60.73,-61.42,-60.271,-60.168,-60.104,-59.234,-60.399,-58.342,-61.213,-59.32,-61.342,-57.908,-62.369,
variance_db,6.46,-60.587,-64.627,-65.017,-29.586,-62.057,-65.53,-65.812,-62.302,-60.613,-59.018,-59.8,-60.723,-58.175,-60.1,-59.793,-61.036,-58.722,-59.059,-58.759,-60.358,-58.105,-63.077,
variance_db,6.48,-64.124,-64.72,-65.227,-30.16,-65.149,-65.658,-65.839,-60.829,-61.522,-60.784,-60.432,-61.077,-57.694,-60.607,-59.573,-60.756,-58.447,-58.87,-56.946,-60.07,-59.497,-61.444,
variance_db,6.5,-64.959,-65.0,-63.363,-29.326,-66.218,-65.641,-63.435,-61.372,-60.518,-60.196,-61.058,-59.958,-57.749,-61.534,-61.595,-61.118,-59.351,-59.743,-56.79,-60.498,-59.424,-60.63,
variance_db,6.5200000000000005,-63.921,-65.898,-62.855,-29.268,-65.586,-66.528,-63.284,-60.225,-61.983,-59.032,-59.443,-59.08,-56.869,-60.186,-61.607,-59.206,-59.633,-62.569,-57.341,-61.275,-58.909,-60.726,
variance_db,6.54,-64.512,-64.086,-62.033,-29.789,-66.215,-64.459,-62.662,-60.79,-63.013,-58.075,-60.83,-59.469,-57.891,-59.24,-61.01,-60.944,-60.13,-60.848,-59.292,-61.34,-58.608,-62.165,
variance_db,6.5600000000000005,-63.151,-61.794,-62.855,-29.561,-64.35,-62.932,-63.682,-59.488,-63.634,-60.646,-60.804,-60.034,-60.702,-59.819,-61.398,-61.037,-59.966,-60.018,-59.073,-60.841,-57.368,-61.26,
variance_db,6.58,-62.353,-64.974,-63.136,-29.479,-63.614,-65.573,-64.746,-58.941,-61.782,-60.778,-59.824,-60.243,-59.681,-60.404,-60.047,-59.874,-59.276,-61.419,-59.339,-62.615,-59.523,-57.721,
variance_db,6.6000000000000005,-62.798,-65.939,-63.262,-29.869,-64.275,-67.369,-64.683,-58.948,-60.336,-62.322,-61.101,-58.291,-58.872,-58.022,-58.305,-60.673,-58.652,-60.365,-58.485,-62.194,-59.602,-58.636,
variance_db,6.62,-62.374,-64.039,-63.602,-29.924,-63.621,-64.48,-64.512,-60.144,-59.821,-59.825,-63.013,-59.191,-59.103,-59.387,-56.908,-59.645,-59.456,-58.492,-60.868,-61.857,-59.389,-59.218,
variance_db,6.640000000000001,-63.006,-66.262,-64.405,-28.962,-64.285,-67.248,-64.654,-61.546,-60.021,-62.917,-60.018,-60.869,-60.311,-59.129,-57.056,-58.322,-62.597,-60.654,-63.385,-59.286,-59.465,-59.951,
variance_db,6.66,-62.893,-65.871,-65.366,-29.339,-63.815,-67.459,-65.171,-62.333,-61.447,-62.347,-61.485,-57.287,-63.27,-61.026,-59.327,-59.545,-61.89,-59.431,-60.561,-61.378,-58.973,-61.8,
variance_db,6.68,-65.611,-63.001,-65.326,-29.348,-66.88,-64.102,-65.349,-61.642,-60.999,-62.414,-61.108,-58.23,-62.23,-58.533,-59.587,-61.957,-59.349,-58.803,-59.759,-58.168,-60.35,-60.666,
variance_db,6.7,-65.462,-62.876,-64.308,-29.253,-66.129,-64.04,-64.812,-62.838,-62.33,-60.463,-60.931,-62.822,-60.462,-59.366,-57.671,-62.884,-59.812,-58.079,-60.263,-61.158,-62.081,-61.459,
variance_db,6.72,-62.888,-66.419,-63.601,-29.365,-63.306,-67.11,-63.786,-61.612,-62.196,-60.893,-59.902,-62.396,-58.197,-59.419,-58.181,-58.91,-60.726,-59.503,-60.711,-60.53,-62.677,-60.426,
variance_db,6.74,-63.302,-65.211,-65.687,-29.32,-64.365,-66.995,-65.329,-59.385,-59.195,-63.04,-59.794,-61.839,-58.372,-58.07,-59.277,-56.649,-59.598,-63.958,-61.186,-58.985,-61.643,-59.563,
variance_db,6.76,-65.265,-61.822,-65.268,-29.543,-65.945,-63.671,-65.591,-63.55,-61.027,-61.751,-59.687,-60.388,-60.076,-60.524,-60.6,-58.196,-59.932,-61.053,-58.346,-60.046,-60.563,-57.875,
variance_db,6.78,-64.764,-62.929,-63.483,-29.36,-65.442,-64.029,-64.605,-62.648,-60.681,-59.985,-59.785,-61.153,-62.352,-62.73,-59.158,-58.349,-59.009,-55.621,-60.502,-60.359,-61.249,-58.248,
variance_db,6.8,-64.659,-63.479,-63.03,-29.257,-66.268,-64.7,-63.979,-62.691,-60.578,-60.226,-60.433,-61.01,-62.833,-63.089,-59.635,-59.661,-57.673,-60.873,-61.568,-61.902,-59.929,-59.342,
variance_db,6.82,-67.299,-64.412,-63.909,-29.69,-68.229,-65.649,-64.772,-60.09,-58.659,-60.559,-61.765,-60.454,-60.041,-60.266,-59.389,-59.611,-59.21,-62.906,-59.06,-59.829,-59.486,-59.075,
variance_db,6.84,-64.07,-64.479,-65.223,-29.712,-64.597,-65.727,-66.325,-61.188,-60.464,-62.161,-59.159,-61.745,-61.14,-61.461,-61.992,-62.245,-58.905,-60.907,-61.297,-59.615,-59.401,-60.756,
variance_db,6.86,-61.569,-63.526,-63.616,-29.661,-62.076,-64.561,-64.587,-61.662,-58.945,-62.168,-59.72,-60.313,-61.034,-59.423,-62.315,-60.161,-59.072,-59.106,-61.511,-60.848,-59.408,-58.238,
variance_db,6.88,-63.908,-63.614,-64.107,-29.487,-65.253,-65.094,-64.253,-60.697,-58.919,-58.732,-60.263,-60.016,-61.094,-60.114,-58.837,-60.789,-59.673,-61.652,-59.483,-60.426,-58.774,-57.503,
variance_db,6.9,-63.851,-63.647,-63.852,-29.657,-65.697,-64.419,-63.71,-60.27,-60.802,-59.715,-61.307,-59.329,-61.06,-57.825,-60.825,-60.685,-60.883,-63.159,-59.563,-62.04,-59.18,-56.422,
variance_db,6.92,-62.644,-63.426,-64.122,-29.539,-64.962,-63.619,-64.18,-60.426,-62.73,-59.09,-61.421,-58.51,-62.649,-58.64,-60.831,-60.513,-58.955,-61.994,-59.529,-61.503,-58.945,-58.898,
variance_db,6.94,-65.064,-66.369,-64.461,-29.614,-66.711,-66.948,-65.037,-61.072,-62.727,-59.708,-61.59,-58.507,-60.638,-59.26,-59.186,-60.42,-58.811,-59.957,-58.786,-58.307,-59.862,-58.279,
variance_db,6.96,-65.008,-65.053,-64.171,-29.543,-66.058,-66.769,-64.133,-58.492,-62.126,-59.995,-59.775,-59.529,-58.189,-59.482,-58.637,-61.278,-57.895,-57.547,-57.53,-58.409,-58.11,-58.429,
variance_db,6.98,-64.404,-65.143,-64.768,-29.564,-65.259,-65.905,-65.539,-60.808,-59.959,-60.236,-59.998,-61.203,-58.214,-59.831,-59.88,-61.223,-59.918,-60.224,-58.606,-60.635,-59.468,-62.165,
variance_db,7.0,-64.975,-65.97,-63.813,-29.782,-66.17,-66.159,-64.659,-61.063,-59.981,-60.586,-60.718,-59.799,-59.077,-61.123,-60.717,-59.699,-60.775,-61.4,-60.239,-59.482,-60.482,-60.778,
variance_db,7.0200000000000005,-63.223,-64.599,-64.207,-30.031,-63.859,-65.646,-64.908,-58.659,-61.487,-60.971,-62.013,-57.01,-58.155,-60.128,-59.395,-60.722,-60.441,-60.409,-59.431,-59.268,-60.031,-60.216,
variance_db,7.04,-64.357,-62.817,-65.593,-30.1,-65.214,-63.54,-66.29,-59.186,-60.622,-61.266,-58.413,-58.911,-58.063,-59.91,-59.683,-59.572,-59.936,-59.798,-57.342,-60.763,-60.296,-60.082,
variance_db,7.0600000000000005,-64.31,-63.481,-61.359,-30.5,-66.005,-64.458,-62.3,-59.912,-61.164,-60.32,-60.514,-60.312,-59.36,-62.181,-59.336,-61.85,-60.554,-60.239,-56.16,-60.014,-61.883,-60.293,
variance_db,7.08,-65.417,-63.554,-61.855,-29.936,-66.805,-64.274,-63.085,-62.588,-61.291,-60.865,-62.958,-61.153,-60.761,-60.665,-61.876,-62.501,-59.681,-58.936,-58.998,-57.176,-61.134,-60.938,
variance_db,7.1000000000000005,-64.847,-63.013,-62.889,-30.026,-65.815,-63.813,-64.327,-63.509,-59.573,-63.089,-61.12,-60.287,-57.756,-58.341,-60.418,-60.624,-59.042,-61.909,-61.923,-57.425,-59.643,-60.3,
variance_db,7.12,-63.3,-63.781,-64.707,-29.649,-64.727,-64.169,-65.5,-63.125,-60.958,-60.035,-59.319,-59.293,-58.026,-59.734,-62.363,-60.235,-60.338,-59.725,-61.031,-56.461,-58.529,-58.199,
variance_db,7.140000000000001,-62.028,-65.427,-65.43,-29.9,-63.442,-66.669,-66.055,-62.807,-62.242,-61.533,-59.797,-59.792,-58.079,-59.805,-59.153,-58.567,-60.393,-59.491,-58.849,-61.028,-57.888,-58.593,
variance_db,7.16,-65.787,-63.89,-63.731,-29.707,-66.741,-65.32,-64.718,-62.136,-60.757,-62.61,-59.14,-60.088,-57.624,-59.488,-61.055,-61.172,-58.613,-58.937,-60.463,-59.47,-59.891,-58.263,
variance_db,7.18,-66.025,-62.108,-65.891,-29.221,-66.826,-63.855,-66.136,-62.125,-60.175,-62.128,-60.316,-57.747,-60.618,-60.251,-61.533,-62.746,-59.964,-58.522,-59.069,-60.538,-58.901,-58.664,
variance_db,7.2,-64.136,-64.004,-67.106,-29.547,-65.05,-65.211,-67.152,-62.143,-60.744,-61.941,-59.999,-56.977,-59.924,-61.898,-60.614,-61.932,-62.291,-59.553,-56.415,-58.75,-59.33,-57.837,
variance_db,7.22,-63.611,-64.056,-63.134,-29.455,-65.179,-64.912,-63.076,-61.542,-60.348,-61.861,-61.549,-60.424,-59.387,-61.012,-61.807,-61.284,-60.003,-60.24,-59.092,-57.066,-60.358,-59.952,
variance_db,7.24,-64.476,-62.157,-64.846,-30.098,-65.273,-63.137,-65.247,-62.465,-58.854,-59.866,-59.918,-59.376,-58.308,-60.767,-61.252,-60.47,-62.195,-58.995,-58.794,-59.74,-60.104,-60.996,
variance_db,7.26,-66.013,-63.957,-64.856,-30.005,-67.001,-65.001,-66.119,-61.573,-60.749,-59.645,-58.751,-58.564,-59.475,-59.526,-59.682,-58.236,-63.91,-58.568,-61.078,-60.535,-59.31,-58.702,
variance_db,7.28,-65.651,-66.12,-63.707,-29.797,-66.229,-67.213,-65.109,-62.342,-60.277,-58.762,-59.453,-58.116,-61.548,-59.491,-61.02,-58.656,-60.705,-59.627,-62.25,-60.321,-59.638,-60.706,
variance_db,7.3,-64.554,-64.38,-65.011,-29.196,-65.619,-65.463,-65.366,-61.496,-61.316,-59.026,-58.782,-61.449,-61.389,-62.374,-60.635,-59.022,-60.782,-60.623,-59.542,-60.833,-60.973,-61.521,
variance_db,7.32,-65.877,-65.325,-64.006,-29.069,-66.995,-66.78,-64.838,-61.489,-61.718,-60.561,-59.454,-60.598,-59.187,-62.72,-60.822,-58.893,-60.85,-59.907,-61.74,-58.329,-60.307,-60.996,
variance_db,7.34,-64.223,-64.907,-64.561,-29.393,-65.76,-66.096,-66.23,-61.286,-59.407,-60.157,-59.91,-60.048,-58.593,-62.028,-61.566,-59.797,-57.786,-60.062,-60.917,-59.362,-59.189,-59.463,
variance_db,7.36,-63.369,-65.191,-64.934,-29.817,-64.745,-66.288,-65.456,-61.51,-59.397,-62.01,-61.652,-61.098,-59.634,-62.47,-61.383,-58.075,-57.342,-60.679,-59.867,-60.065,-59.675,-60.972,
variance_db,7.38,-65.07,-64.868,-63.451,-29.485,-66.182,-65.885,-64.078,-61.684,-58.197,-63.232,-58.777,-60.244,-60.325,-60.953,-59.112,-59.888,-59.394,-58.63,-60.993,-58.612,-60.681,-62.67,
variance_db,7.4,-63.27,-66.602,-64.797,-29.447,-64.778,-67.412,-65.152,-59.496,-58.288,-61.346,-58.528,-57.98,-60.232,-59.521,-60.871,-62.467,-59.408,-59.532,-60.101,-62.085,-60.243,-62.145,
variance_db,7.42,-65.661,-65.341,-64.727,-29.86,-66.963,-66.097,-64.795,-60.127,-60.058,-61.138,-63.083,-58.897,-61.409,-61.458,-58.531,-57.966,-60.754,-59.374,-61.593,-60.164,-61.28,-62.673,
variance_db,7.44,-65.676,-64.924,-63.096,-29.53,-67.281,-64.934,-63.272,-59.602,-59.716,-60.031,-61.692,-60.179,-61.465,-60.032,-59.874,-58.433,-59.08,-59.88,-62.771,-59.887,-61.478,-60.619,
variance_db,7.46,-64.929,-66.682,-65.465,-29.885,-66.147,-67.765,-65.877,-59.827,-60.454,-60.722,-61.351,-61.692,-58.806,-59.798,-60.095,-58.453,-59.958,-60.623,-58.673,-61.349,-60.312,-58.921,
variance_db,7.48,-62.971,-64.794,-64.966,-29.646,-64.781,-66.458,-65.893,-63.785,-60.338,-62.033,-59.077,-59.045,-58.259,-58.514,-58.284,-60.139,-60.962,-60.264,-59.059,-58.01,-59.813,-61.266,
variance_db,7.5,-62.778,-65.681,-63.249,-29.464,-64.468,-67.311,-63.921,-63.11,-61.202,-61.139,-60.622,-59.505,-58.905,-59.145,-60.554,-61.708,-59.455,-58.522,-61.643,-59.744,-57.902,-60.259,
variance_db,7.5200000000000005,-63.139,-65.751,-62.882,-29.605,-64.708,-67.655,-62.894,-62.69,-60.369,-60.999,-61.279,-57.81,-59.47,-60.107,-60.637,-59.84,-59.901,-59.849,-61.002,-61.791,-57.858,-60.027,
variance_db,7.54,-63.379,-63.108,-63.256,-29.781,-64.489,-64.53,-63.349,-60.479,-61.189,-61.275,-61.886,-60.04,-60.421,-57.999,-59.903,-60.776,-60.092,-60.236,-60.271,-64.06,-58.815,-61.009,
variance_db,7.5600000000000005,-62.476,-65.018,-64.748,-29.976,-63.507,-66.25,-66.323,-58.182,-62.609,-61.227,-60.63,-61.163,-59.874,-58.373,-60.793,-60.818,-60.636,-58.88,-59.433,-61.415,-59.772,-61.328,
variance_db,7.58,-65.646,-64.946,-63.408,-30.303,-66.971,-65.874,-65.196,-58.941,-61.977,-59.2,-57.368,-61.444,-59.936,-60.453,-61.907,-61.958,-60.019,-58.468,-59.126,-58.142,-59.226,-60.474,
variance_db,7.6000000000000005,-64.231,-64.273,-64.607,-30.096,-65.784,-65.635,-65.756,-61.079,-63.013,-60.579,-58.519,-61.798,-60.901,-59.755,-58.128,-59.425,-58.965,-60.31,-61.484,-59.266,-59.659,-58.878,
variance_db,7.62,-63.425,-63.41,-63.917,-29.973,-65.817,-64.951,-63.439,-61.805,-60.873,-61.564,-60.357,-60.148,-59.822,-59.764,-58.018,-60.781,-61.571,-60.634,-60.23,-57.97,-58.956,-60.998,
variance_db,7.640000000000001,-63.91,-63.693,-64.609,-29.973,-65.853,-65.176,-65.818,-59.125,-60.999,-60.036,-61.388,-59.024,-59.485,-57.863,-59.067,-60.423,-62.812,-59.074,-60.122,-57.821,-60.043,-62.074,
variance_db,7.66,-64.863,-65.05,-64.803,-29.438,-65.726,-66.235,-66.15,-60.438,-62.572,-59.3,-62.349,-60.597,-58.402,-59.534,-59.429,-58.957,-64.301,-59.264,-59.623,-60.866,-58.597,-59.808,
variance_db,7.68,-63.068,-64.256,-65.285,-29.227,-64.147,-65.182,-65.849,-62.79,-61.223,-60.614,-59.698,-60.911,-59.903,-60.864,-59.736,-59.937,-60.599,-60.115,-59.186,-62.576,-59.8,-61.525,
variance_db,7.7,-64.15,-66.179,-63.911,-29.4,-64.792,-67.802,-64.722,-61.938,-60.449,-59.787,-58.392,-59.596,-60.908,-58.578,-60.122,-60.378,-59.147,-62.899,-60.759,-61.776,-60.255,-60.679,
variance_db,7.72,-65.484,-65.698,-63.438,-30.636,-65.894,-66.608,-64.564,-61.866,-61.12,-58.609,-60.309,-62.092,-61.515,-58.331,-59.142,-59.369,-61.324,-64.439,-61.604,-59.767,-59.909,-59.067,
variance_db,7.74,-62.19,-63.349,-63.677,-30.275,-63.474,-65.012,-64.529,-62.319,-60.614,-59.312,-58.927,-62.296,-61.606,-59.181,-59.502,-61.811,-59.74,-64.449,-62.072,-60.077,-60.108,-59.72,
variance_db,7.76,-63.862,-65.411,-62.196,-29.435,-65.262,-66.018,-62.314,-61.707,-59.917,-60.142,-60.047,-61.768,-61.867,-61.627,-60.0,-59.56,-61.106,-60.498,-60.772,-61.305,-61.222,-59.278,
variance_db,7.78,-62.787,-66.156,-65.65,-29.414,-63.712,-66.693,-65.018,-60.3,-60.318,-62.246,-61.096,-61.81,-62.324,-60.62,-60.115,-60.753,-60.261,-60.542,-60.516,-60.786,-59.523,-59.349,
variance_db,7.8,-63.807,-66.034,-65.011,-29.893,-66.067,-66.952,-64.774,-61.988,-62.193,-61.522,-61.314,-61.518,-59.691,-60.37,-59.345,-60.387,-60.317,-60.594,-60.485,-60.822,-58.737,-60.752,
variance_db,7.82,-62.68,-63.047,-64.995,-29.576,-64.755,-64.136,-65.683,-63.19,-61.777,-60.591,-60.743,-60.699,-59.888,-59.774,-59.422,-58.777,-59.154,-61.503,-60.427,-59.238,-61.318,-58.926,
variance_db,7.84,-62.928,-64.486,-64.774,-30.164,-63.972,-66.073,-65.413,-60.919,-61.394,-60.693,-61.242,-62.047,-59.885,-58.681,-59.678,-59.524,-61.543,-60.185,-60.307,-60.491,-59.791,-61.317,
variance_db,7.86,-64.841,-63.288,-65.183,-30.29,-65.741,-64.619,-66.107,-59.917,-60.453,-62.09,-61.297,-62.243,-59.432,-59.732,-58.94,-60.833,-62.287,-60.0,-59.029,-59.68,-60.685,-61.414,
variance_db,7.88,-65.104,-63.257,-64.975,-30.367,-67.02,-64.208,-65.214,-59.781,-60.949,-61.447,-61.57,-60.323,-60.873,-60.797,-59.24,-60.543,-62.299,-59.168,-58.165,-58.399,-58.911,-60.048,
variance_db,7.9,-63.263,-63.471,-65.998,-30.231,-64.251,-64.313,-66.166,-60.769,-61.116,-61.304,-61.506,-56.984,-59.286,-61.759,-61.502,-59.173,-60.583,-60.766,-61.216,-58.263,-57.842,-61.266,
variance_db,7.92,-62.538,-63.2,-62.251,-29.482,-64.725,-64.393,-62.894,-64.011,-61.432,-60.348,-60.629,-56.696,-58.67,-62.051,-59.69,-61.143,-59.22,-60.492,-61.38,-59.709,-60.087,-60.879,
variance_db,7.94,-63.735,-64.618,-63.65,-29.381,-64.157,-65.773,-63.914,-61.226,-61.882,-60.629,-60.595,-58.331,-57.313,-61.622,-60.07,-61.726,-60.376,-59.555,-59.541,-61.018,-60.161,-60.836,
variance_db,7.96,-65.015,-62.694,-64.765,-29.453,-65.776,-63.128,-65.299,-61.962,-61.57,-60.465,-58.687,-62.093,-58.09,-60.801,-60.048,-61.239,-60.755,-58.825,-60.783,-58.805,-59.665,-61.06,
variance_db,7.98,-64.9,-63.129,-64.423,-29.672,-65.772,-65.01,-64.16,-61.173,-60.637,-59.715,-61.268,-62.573,-62.015,-61.531,-58.592,-59.964,-61.799,-61.086,-60.227,-58.9,-59.836,-61.265,
variance_db,8.0,-63.367,-65.225,-65.467,-29.647,-64.277,-66.152,-65.2,-58.571,-58.348,-61.31,-61.698,-61.355,-60.056,-60.629,-59.708,-60.4,-62.213,-59.777,-58.493,-59.299,-58.418,-59.994,
variance_db,8.02,-64.733,-65.555,-65.024,-29.585,-65.663,-65.744,-65.319,-60.64,-58.137,-62.114,-61.503,-59.537,-58.404,-59.797,-57.694,-59.472,-61.521,-57.897,-62.578,-60.135,-60.116,-58.533,
variance_db,8.040000000000001,-62.286,-64.253,-62.508,-29.58,-63.454,-65.902,-62.714,-63.513,-58.431,-62.122,-61.095,-58.833,-59.509,-60.493,-59.247,-59.52,-61.214,-59.376,-63.14,-58.504,-60.394,-61.698,
variance_db,8.06,-62.916,-64.374,-62.934,-29.54,-64.076,-66.347,-64.601,-63.746,-59.651,-60.634,-61.152,-59.558,-60.252,-59.89,-59.77,-59.217,-60.432,-60.625,-59.301,-58.916,-58.238,-60.944,
variance_db,8.08,-63.236,-63.833,-63.521,-29.516,-64.229,-64.305,-64.194,-60.94,-59.589,-60.719,-59.357,-60.319,-59.826,-58.941,-60.724,-59.243,-60.126,-59.098,-59.476,-59.268,-59.991,-61.787,
variance_db,8.1,-63.665,-63.08,-63.647,-29.864,-65.038,-64.266,-64.904,-59.733,-60.736,-61.371,-59.586,-61.048,-59.504,-57.38,-60.334,-58.195,-61.627,-58.398,-58.916,-57.744,-58.942,-62.343,
variance_db,8.120000000000001,-64.163,-64.514,-62.796,-29.816,-64.789,-65.573,-63.094,-60.66,-59.678,-59.766,-58.715,-60.069,-60.939,-57.0,-58.996,-60.926,-62.422,-59.671,-56.987,-59.259,-60.129,-62.554,
variance_db,8.14,-65.355,-64.085,-64.76,-29.612,-65.204,-65.512,-65.335,-63.763,-60.856,-57.687,-60.651,-61.521,-59.716,-58.877,-60.589,-60.972,-59.775,-58.374,-58.909,-61.393,-60.56,-62.478,
variance_db,8.16,-64.174,-64.438,-63.196,-29.765,-65.127,-65.176,-64.8,-61.704,-61.029,-59.309,-60.182,-61.833,-60.213,-59.481,-56.967,-61.252,-62.267,-60.14,-60.688,-62.358,-60.118,-62.899,
variance_db,8.18,-64.326,-64.288,-64.826,-29.687,-65.292,-66.728,-64.632,-62.97,-64.199,-60.663,-61.193,-61.503,-58.364,-59.158,-58.153,-63.863,-61.356,-59.852,-59.49,-59.823,-59.213,-59.996,
variance_db,8.2,-63.392,-65.238,-63.552,-29.721,-64.685,-67.133,-63.069,-61.63,-64.644,-61.722,-60.855,-60.329,-58.096,-60.034,-59.9,-61.847,-59.985,-60.404,-59.521,-58.967,-60.052,-60.648,
variance_db,8.22,-65.393,-64.793,-63.889,-29.46,-66.114,-66.262,-64.558,-60.307,-62.342,-62.592,-59.924,-60.127,-58.802,-60.352,-60.869,-60.352,-61.279,-60.01,-60.335,-58.975,-59.264,-59.459,
variance_db,8.24,-65.287,-65.844,-63.134,-30.352,-65.959,-66.825,-63.822,-61.246,-62.407,-62.624,-59.812,-59.733,-60.274,-59.752,-62.523,-59.426,-60.778,-60.536,-62.047,-59.691,-58.272,-59.73,
variance_db,8.26,-61.713,-64.661,-62.567,-29.745,-62.933,-66.187,-63.581,-62.994,-62.092,-62.512,-60.402,-60.644,-58.569,-58.721,-59.239,-59.112,-59.874,-61.019,-59.314,-59.547,-58.844,-60.378,
variance_db,8.28,-62.269,-63.521,-64.312,-30.02,-63.972,-65.745,-64.89,-60.496,-62.294,-60.651,-60.878,-60.745,-58.228,-59.79,-60.453,-58.139,-59.099,-61.205,-59.774,-59.504,-58.847,-59.868,
variance_db,8.3,-65.056,-62.629,-66.205,-29.425,-66.472,-63.69,-66.399,-63.547,-64.219,-60.393,-60.077,-59.574,-59.185,-59.672,-62.393,-59.229,-58.903,-61.198,-60.72,-59.684,-59.308,-60.269,
variance_db,8.32,-65.431,-64.359,-66.11,-29.971,-66.972,-65.061,-65.52,-64.063,-60.35,-57.524,-61.113,-61.97,-58.974,-59.062,-60.534,-62.048,-61.151,-60.245,-61.797,-61.168,-58.051,-58.099,
variance_db,8.34,-65.6,-65.289,-66.287,-30.331,-66.262,-66.946,-66.785,-62.316,-59.798,-59.65,-63.271,-62.134,-57.145,-58.952,-61.041,-63.39,-60.797,-59.627,-60.386,-60.034,-58.407,-58.51,
variance_db,8.36,-63.958,-63.948,-66.985,-29.47,-64.808,-65.128,-68.186,-62.851,-61.056,-62.21,-61.995,-62.145,-59.54,-59.221,-61.798,-63.345,-57.721,-58.96,-59.46,-60.145,-58.892,-58.778,
variance_db,8.38,-64.04,-64.853,-67.078,-29.432,-65.434,-65.698,-67.802,-63.339,-60.412,-60.974,-62.902,-61.129,-59.492,-59.631,-61.171,-61.995,-60.066,-60.977,-58.549,-62.356,-56.327,-60.359,
variance_db,8.4,-64.142,-64.805,-63.704,-30.301,-65.179,-65.771,-63.527,-63.423,-61.411,-60.66,-62.343,-59.517,-58.195,-59.854,-59.169,-62.03,-59.441,-60.787,-60.021,-60.297,-57.048,-60.743,
variance_db,8.42,-62.332,-65.324,-64.783,-29.703,-62.374,-65.874,-64.911,-63.899,-63.046,-58.813,-61.316,-59.226,-58.352,-60.033,-60.534,-62.631,-61.573,-59.961,-63.312,-60.58,-58.923,-59.266,
variance_db,8.44,-62.394,-64.878,-65.827,-29.999,-62.023,-65.689,-66.668,-60.965,-60.671,-59.689,-60.427,-59.057,-57.494,-60.305,-61.054,-58.37,-62.402,-58.758,-61.39,-62.453,-60.756,-59.603,
variance_db,8.46,-64.766,-65.295,-65.345,-29.816,-65.162,-66.432,-64.879,-60.821,-58.794,-59.777,-59.206,-61.465,-59.471,-61.381,-60.008,-57.642,-63.135,-56.007,-58.793,-61.974,-58.286,-59.772,
variance_db,8.48,-67.046,-64.612,-64.957,-29.946,-67.322,-65.674,-64.13,-63.193,-60.624,-60.44,-58.52,-62.258,-60.344,-59.996,-58.036,-57.843,-62.591,-58.389,-59.243,-60.824,-59.339,-61.232,
variance_db,8.5,-62.84,-63.97,-65.898,-30.091,-63.76,-65.426,-65.992,-63.269,-59.991,-61.982,-59.166,-61.265,-61.506,-59.307,-60.175,-60.515,-62.332,-59.905,-59.345,-61.666,-60.268,-62.515,
variance_db,8.52,-62.721,-63.017,-64.894,-29.883,-64.294,-63.141,-65.238,-62.829,-61.287,-60.446,-60.834,-62.041,-61.172,-59.623,-59.619,-62.067,-59.796,-58.305,-60.164,-60.618,-61.066,-61.002,
variance_db,8.540000000000001,-64.949,-63.776,-64.37,-29.752,-65.302,-64.158,-63.257,-62.082,-60.244,-60.124,-60.662,-60.94,-58.282,-60.998,-60.207,-60.299,-61.82,-58.269,-61.198,-60.401,-59.695,-60.409,
variance_db,8.56,-64.768,-67.348,-64.649,-31.268,-64.592,-67.945,-63.579,-60.454,-59.608,-61.987,-60.818,-62.477,-59.859,-60.9,-60.0,-58.559,-61.021,-58.204,-60.383,-60.214,-60.788,-60.245,
variance_db,8.58,-65.01,-64.042,-66.726,-29.526,-65.283,-64.183,-66.311,-58.863,-60.229,-62.769,-60.339,-59.669,-62.09,-58.704,-61.869,-59.261,-61.126,-61.284,-59.257,-59.332,-60.587,-57.609,
variance_db,8.6,-64.593,-64.463,-64.433,-29.647,-66.28,-64.319,-63.883,-59.947,-60.94,-63.554,-61.369,-60.284,-61.648,-57.62,-61.202,-60.625,-58.35,-59.227,-60.419,-60.864,-58.565,-58.787,
variance_db,8.620000000000001,-65.214,-63.317,-64.772,-30.014,-65.561,-64.172,-64.966,-59.966,-62.083,-61.316,-61.353,-62.184,-59.365,-59.341,-60.53,-58.86,-58.641,-61.67,-59.734,-60.911,-59.745,-60.037,
variance_db,8.64,-64.647,-65.689,-65.176,-30.433,-64.391,-66.586,-64.438,-60.987,-62.292,-60.162,-61.947,-60.863,-60.842,-60.779,-60.24,-57.678,-59.254,-60.766,-61.111,-60.681,-58.827,-60.161,
variance_db,8.66,-64.039,-64.607,-64.108,-30.84,-62.848,-65.96,-64.237,-63.054,-61.361,-59.865,-60.591,-58.551,-59.503,-60.85,-61.416,-60.395,-59.607,-59.172,-60.931,-56.716,-59.966,-59.195,
variance_db,8.68,-64.202,-64.854,-64.481,-29.592,-63.926,-65.648,-64.518,-63.304,-61.481,-61.197,-58.35,-59.562,-60.175,-60.943,-60.6,-62.619,-60.088,-57.914,-58.927,-57.054,-59.404,-60.105,
variance_db,8.700000000000001,-63.818,-63.721,-65.558,-29.547,-63.46,-65.54,-65.455,-63.197,-61.507,-61.872,-59.963,-61.114,-61.212,-60.198,-59.483,-61.365,-60.364,-60.675,-60.459,-59.526,-61.239,-61.981,
variance_db,8.72,-64.751,-64.224,-65.385,-29.693,-65.623,-65.434,-65.124,-60.139,-62.713,-61.197,-59.107,-60.228,-61.362,-61.118,-58.528,-60.895,-58.549,-58.467,-62.413,-59.009,-60.381,-59.348,
variance_db,8.74,-64.779,-64.238,-65.473,-29.518,-66.228,-65.548,-65.043,-60.246,-60.602,-60.174,-59.704,-60.697,-60.128,-59.119,-60.977,-58.8,-58.646,-59.329,-60.25,-58.115,-55.789,-58.519,
variance_db,8.76,-63.529,-63.666,-63.724,-29.769,-63.745,-65.266,-62.954,-59.708,-59.979,-62.033,-59.925,-60.478,-57.753,-57.977,-61.384,-58.811,-59.623,-59.692,-59.321,-57.586,-58.891,-57.72,
variance_db,8.78,-64.031,-63.107,-64.594,-30.168,-64.922,-63.982,-64.156,-61.006,-60.38,-60.707,-59.531,-58.49,-58.878,-60.048,-59.716,-57.251,-59.846,-59.972,-59.682,-57.573,-61.295,-58.335,
variance_db,8.8,-64.792,-63.508,-64.006,-29.817,-65.421,-65.384,-64.346,-60.479,-62.98,-61.16,-60.4,-59.436,-58.089,-58.974,-59.58,-59.007,-59.896,-58.594,-62.271,-59.718,-61.048,-58.896,
variance_db,8.82,-64.868,-64.834,-64.524,-30.634,-64.622,-66.047,-65.061,-62.067,-60.466,-61.961,-60.325,-61.012,-58.986,-58.625,-59.261,-60.331,-60.946,-58.818,-60.252,-58.281,-60.78,-60.248,
variance_db,8.84,-64.059,-64.659,-66.438,-30.072,-62.743,-66.652,-66.25,-63.59,-59.779,-62.199,-58.572,-58.432,-60.78,-57.22,-62.823,-60.365,-59.982,-58.709,-59.074,-60.823,-61.402,-59.379,
variance_db,8.86,-64.763,-63.422,-64.986,-29.88,-64.184,-64.575,-65.388,-61.854,-58.151,-59.414,-60.702,-60.583,-59.928,-58.916,-63.416,-59.853,-61.567,-58.972,-60.356,-60.033,-61.332,-61.621,
variance_db,8.88,-62.952,-62.639,-65.566,-32.555,-63.267,-64.189,-65.2,-61.162,-60.176,-57.007,-61.423,-62.311,-59.564,-58.979,-61.507,-60.051,-62.82,-58.895,-61.413,-58.999,-59.771,-61.646,
variance_db,8.9,-63.064,-64.391,-64.909,-30.481,-63.694,-66.552,-64.195,-60.774,-61.149,-59.098,-59.227,-60.764,-60.623,-57.718,-58.846,-60.148,-60.779,-59.724,-61.274,-60.078,-59.497,-59.443,
variance_db,8.92,-63.116,-60.95,-63.016,-29.91,-64.432,-63.729,-62.969,-59.011,-59.923,-61.078,-58.306,-59.254,-59.052,-60.12,-58.005,-57.705,-61.342,-60.652,-63.006,-62.292,-61.073,-58.31,
variance_db,8.94,-62.269,-61.879,-63.769,-30.098,-62.569,-63.794,-63.465,-59.04,-59.248,-60.689,-58.274,-58.645,-58.698,-62.258,-60.146,-58.594,-59.212,-59.995,-61.581,-60.612,-60.389,-59.148,
variance_db,8.96,-64.547,-65.86,-64.637,-30.812,-65.838,-65.813,-65.196,-58.534,-61.646,-61.177,-56.924,-61.14,-61.363,-61.654,-60.362,-58.845,-57.371,-59.9,-59.047,-59.508,-58.363,-60.575,
variance_db,8.98,-63.264,-64.624,-66.116,-29.83,-64.531,-64.064,-66.607,-62.267,-62.656,-60.439,-59.419,-61.72,-61.696,-60.954,-60.869,-58.572,-58.73,-60.398,-59.304,-58.126,-59.219,-62.191,
variance_db,9.0,-64.607,-64.738,-63.51,-29.86,-64.889,-65.376,-63.594,-63.115,-62.429,-58.318,-60.704,-58.583,-61.083,-59.534,-61.591,-58.314,-60.628,-59.386,-61.103,-59.653,-60.217,-61.534,
variance_db,9.02,-63.459,-63.124,-65.604,-30.284,-62.953,-63.583,-66.04,-62.896,-58.766,-60.039,-59.865,-58.639,-59.24,-59.369,-60.396,-60.378,-59.0,-58.276,-60.884,-60.712,-61.643,-59.343,
variance_db,9.040000000000001,-64.099,-62.401,-65.159,-29.885,-63.975,-62.462,-65.74,-61.805,-59.062,-59.067,-59.065,-60.501,-59.981,-57.258,-60.444,-61.231,-60.716,-58.542,-59.85,-59.227,-61.675,-59.926,
variance_db,9.06,-64.237,-65.631,-67.403,-29.821,-64.6,-65.192,-66.94,-63.088,-59.442,-60.147,-59.541,-61.903,-58.695,-57.289,-59.071,-59.877,-60.001,-58.74,-59.207,-59.647,-64.137,-59.679,
variance_db,9.08,-65.299,-65.144,-65.656,-29.576,-65.996,-65.292,-65.036,-61.995,-58.901,-62.549,-60.716,-59.731,-60.283,-56.801,-61.038,-60.468,-60.8,-58.103,-59.131,-58.47,-61.137,-58.197,
variance_db,9.1,-64.132,-65.328,-65.483,-29.767,-64.296,-65.492,-66.028,-60.446,-58.587,-61.214,-60.616,-58.399,-62.064,-55.146,-61.172,-59.614,-61.443,-60.747,-63.071,-58.213,-57.079,-57.87,
variance_db,9.120000000000001,-63.125,-66.123,-65.687,-30.097,-62.767,-66.589,-66.779,-60.008,-59.812,-62.511,-60.237,-60.491,-61.158,-58.487,-60.831,-61.5,-58.825,-60.774,-62.591,-61.221,-59.833,-60.326,
variance_db,9.14,-63.642,-65.109,-66.212,-30.024,-64.349,-63.786,-65.255,-60.359,-60.578,-60.348,-61.21,-60.465,-59.134,-59.937,-61.566,-60.252,-59.74,-58.691,-62.64,-64.26,-60.218,-58.156,
variance_db,9.16,-64.597,-62.539,-63.389,-30.657,-63.905,-62.772,-63.872,-61.599,-59.607,-59.759,-62.414,-59.284,-60.845,-57.706,-58.947,-58.625,-59.923,-61.663,-61.159,-59.962,-59.911,-59.308,
variance_db,9.18,-65.057,-64.615,-64.839,-29.917,-64.264,-64.388,-64.654,-61.399,-61.775,-60.449,-62.351,-59.777,-62.225,-58.048,-59.502,-61.535,-60.433,-60.842,-59.735,-58.302,-61.533,-61.819,
variance_db,9.200000000000001,-62.262,-67.103,-63.536,-29.984,-61.903,-66.284,-62.838,-58.352,-62.095,-62.374,-61.841,-61.437,-61.706,-58.898,-59.766,-61.647,-59.384,-61.495,-60.068,-58.854,-60.12,-59.971,
variance_db,9.22,-62.813,-64.657,-63.964,-30.085,-63.31,-65.353,-63.982,-60.814,-60.705,-61.911,-62.567,-59.74,-59.011,-58.39,-61.298,-60.194,-61.039,-61.085,-61.44,-58.843,-57.968,-59.149,
variance_db,9.24,-63.387,-62.835,-64.414,-29.917,-64.219,-63.511,-65.051,-63.068,-62.239,-62.084,-61.024,-61.595,-60.134,-59.998,-60.234,-59.205,-60.352,-60.112,-59.916,-55.792,-57.374,-60.143,
variance_db,9.26,-65.568,-64.565,-63.848,-29.763,-65.296,-64.38,-63.301,-61.973,-62.348,-60.937,-61.963,-60.736,-58.646,-60.392,-60.533,-59.393,-61.664,-60.192,-59.446,-58.01,-59.162,-60.4,
variance_db,9.28,-65.298,-64.213,-62.47,-29.828,-64.338,-64.649,-62.615,-60.401,-62.332,-62.227,-60.307,-58.715,-58.861,-58.421,-60.361,-58.112,-59.897,-60.715,-60.668,-60.281,-60.224,-61.06,
variance_db,9.3,-63.751,-65.323,-62.472,-29.919,-64.069,-65.105,-62.783,-60.767,-60.883,-62.315,-60.556,-60.536,-60.282,-58.581,-61.244,-60.666,-60.772,-60.551,-62.771,-59.652,-60.551,-62.472,
variance_db,9.32,-64.245,-65.714,-64.935,-29.825,-64.089,-65.764,-64.688,-62.384,-61.592,-61.035,-62.331,-58.91,-61.383,-59.158,-61.005,-59.131,-59.493,-60.889,-60.926,-59.991,-61.343,-60.884,
variance_db,9.34,-62.025,-64.834,-64.708,-29.731,-61.914,-65.551,-63.857,-63.27,-60.666,-60.35,-59.111,-59.614,-61.634,-58.183,-60.759,-59.054,-58.593,-61.562,-58.365,-61.038,-59.81,-59.385,
variance_db,9.36,-62.723,-62.914,-62.465,-30.088,-61.677,-63.33,-62.438,-64.165,-59.639,-60.956,-57.592,-58.37,-59.385,-58.332,-60.504,-59.896,-59.772,-61.098,-60.809,-59.698,-58.005,-60.292,
variance_db,9.38,-61.82,-64.114,-63.145,-29.76,-62.094,-64.482,-62.808,-61.16,-60.646,-60.909,-58.991,-59.648,-58.876,-57.69,-60.799,-58.987,-59.317,-59.88,-60.875,-60.12,-57.117,-61.121,
variance_db,9.4,-63.918,-64.61,-66.186,-29.8,-64.096,-63.901,-64.231,-57.947,-59.785,-60.987,-60.133,-59.248,-58.739,-61.882,-59.195,-59.917,-56.961,-59.198,-59.058,-58.446,-59.448,-60.408,
variance_db,9.42,-63.564,-64.956,-65.098,-29.69,-63.464,-64.867,-64.1,-58.124,-59.78,-62.802,-59.528,-58.675,-60.268,-61.914,-59.884,-62.787,-57.506,-61.178,-59.132,-59.34,-61.45,-59.009,
variance_db,9.44,-63.486,-66.897,-64.262,-29.807,-62.478,-65.722,-64.742,-61.011,-60.388,-59.066,-58.651,-59.877,-59.265,-57.662,-59.508,-65.295,-60.301,-60.643,-61.361,-60.605,-61.484,-57.513,
variance_db,9.46,-64.763,-66.028,-63.485,-29.676,-64.471,-65.87,-65.337,-62.692,-59.522,-61.454,-58.094,-60.11,-61.755,-58.832,-60.558,-60.336,-59.96,-58.26,-60.692,-61.57,-59.632,-57.256,
variance_db,9.48,-64.044,-65.137,-64.735,-29.593,-64.321,-66.463,-65.337,-63.676,-60.175,-60.417,-58.806,-59.576,-62.328,-59.685,-60.406,-59.435,-59.126,-61.727,-59.485,-59.35,-59.064,-59.359,
variance_db,9.5,-65.794,-63.167,-63.302,-30.152,-64.725,-65.022,-63.705,-62.045,-62.553,-60.063,-61.002,-60.587,-60.999,-57.598,-60.134,-60.96,-59.298,-62.341,-58.349,-59.297,-58.392,-57.601,
variance_db,9.52,-64.681,-65.631,-63.528,-30.283,-62.787,-65.306,-63.519,-59.815,-61.435,-58.479,-61.199,-60.245,-60.345,-58.148,-61.161,-61.543,-62.09,-59.753,-59.799,-58.967,-59.462,-58.398,
variance_db,9.540000000000001,-62.899,-65.794,-63.3,-30.813,-62.404,-67.157,-62.922,-60.61,-62.899,-61.538,-62.134,-60.192,-58.797,-59.85,-60.06,-60.883,-61.136,-60.94,-60.361,-58.332,-59.902,-58.471,
variance_db,9.56,-64.542,-66.053,-63.377,-30.365,-64.986,-67.483,-63.493,-61.183,-60.088,-62.017,-62.091,-61.385,-58.856,-58.841,-61.312,-60.455,-61.115,-60.27,-60.068,-59.185,-60.836,-58.758,
variance_db,9.58,-63.949,-66.001,-62.907,-29.492,-63.323,-66.645,-63.764,-62.916,-60.603,-59.835,-61.576,-62.271,-61.005,-58.011,-62.177,-60.656,-60.926,-60.153,-62.102,-61.272,-61.963,-58.921,
variance_db,9.6,-62.485,-62.855,-65.286,-29.604,-60.938,-62.698,-65.441,-60.753,-63.106,-60.747,-61.289,-61.695,-60.681,-58.81,-59.521,-57.815,-59.978,-60.716,-62.504,-60.09,-59.55,-60.034,
variance_db,9.620000000000001,-63.532,-64.913,-64.824,-29.781,-63.13,-64.285,-64.6,-60.345,-62.421,-61.37,-61.943,-61.347,-58.874,-58.838,-58.021,-59.006,-62.247,-60.341,-60.224,-59.059,-57.439,-61.531,
variance_db,9.64,-62.241,-63.257,-65.048,-29.963,-62.29,-64.069,-63.809,-60.687,-60.015,-61.907,-58.705,-60.259,-59.072,-58.194,-62.597,-59.102,-60.38,-59.928,-60.359,-59.378,-56.83,-61.471,
variance_db,9.66,-62.907,-61.185,-64.292,-29.7,-63.302,-62.226,-64.652,-61.506,-59.513,-60.679,-60.737,-60.702,-58.893,-58.527,-62.424,-59.026,-58.585,-58.976,-58.787,-62.794,-59.269,-60.885,
variance_db,9.68,-61.97,-62.12,-63.067,-29.835,-60.944,-63.957,-63.769,-59.441,-60.276,-58.166,-61.398,-60.467,-58.842,-60.113,-62.56,-58.734,-59.331,-58.813,-57.578,-63.067,-60.858,-60.144,
variance_db,9.700000000000001,-64.681,-61.969,-63.838,-30.067,-65.045,-62.903,-62.76,-59.401,-62.301,-62.006,-58.783,-59.527,-60.372,-57.822,-61.497,-61.21,-60.064,-58.993,-58.877,-59.915,-59.777,-60.028,
variance_db,9.72,-65.023,-62.196,-63.344,-29.908,-63.67,-62.45,-62.209,-62.647,-62.48,-62.827,-57.995,-59.882,-61.478,-59.997,-61.652,-58.152,-60.648,-62.502,-60.828,-60.246,-56.965,-59.739,
variance_db,9.74,-64.025,-64.046,-65.066,-30.053,-62.4,-64.04,-63.815,-62.193,-60.613,-61.671,-59.858,-59.2,-60.256,-61.501,-60.243,-59.098,-60.839,-63.039,-60.341,-60.289,-59.039,-60.793,
variance_db,9.76,-61.431,-64.53,-66.067,-30.173,-61.116,-63.973,-64.818,-60.26,-59.909,-61.479,-61.032,-58.974,-58.769,-58.705,-58.114,-60.349,-57.643,-58.949,-57.349,-56.969,-58.923,-60.141,
variance_db,9.78,-60.138,-64.565,-64.807,-30.242,-60.412,-64.62,-63.542,-60.913,-59.514,-61.404,-60.572,-60.448,-56.639,-58.768,-61.424,-59.057,-59.007,-57.396,-57.616,-58.456,-60.03,-60.529,
variance_db,9.8,-61.748,-65.403,-67.782,-30.126,-61.055,-65.475,-66.436,-61.023,-60.458,-61.904,-59.184,-61.094,-60.097,-60.3,-60.952,-61.304,-60.207,-57.692,-58.376,-59.857,-58.622,-60.792,
variance_db,9.82,-63.671,-64.621,-66.952,-29.908,-63.502,-65.79,-66.284,-62.287,-62.612,-62.579,-59.031,-61.468,-63.138,-62.009,-57.707,-62.104,-60.252,-56.865,-59.808,-60.46,-58.289,-59.073,
variance_db,9.84,-64.112,-64.227,-63.074,-29.811,-62.149,-65.349,-62.337,-61.571,-61.301,-62.669,-62.346,-59.177,-61.738,-61.91,-58.478,-59.867,-61.606,-59.007,-60.653,-59.821,-59.952,-59.049,
variance_db,9.86,-62.643,-63.236,-63.936,-29.702,-61.677,-63.124,-63.057,-58.804,-61.808,-60.332,-60.659,-56.934,-60.489,-62.821,-60.38,-60.018,-63.302,-59.754,-61.036,-58.614,-58.265,-61.644,
variance_db,9.88,-63.336,-65.463,-64.289,-29.965,-60.511,-63.398,-62.58,-58.52,-60.985,-59.851,-60.719,-59.229,-59.706,-58.895,-58.209,-59.682,-61.219,-58.721,-60.818,-59.216,-58.937,-58.663,
variance_db,9.9,-63.748,-63.601,-64.478,-29.719,-62.59,-63.295,-62.786,-59.999,-61.293,-61.137,-59.601,-61.34,-60.667,-58.317,-57.542,-62.226,-59.941,-59.515,-60.73,-59.092,-58.858,-58.843,
variance_db,9.92,-61.283,-62.831,-66.336,-29.948,-62.114,-63.638,-65.619,-61.377,-62.387,-62.558,-60.252,-59.703,-60.269,-58.409,-59.931,-62.121,-60.04,-59.246,-61.529,-60.44,-60.15,-60.894,
variance_db,9.94,-65.183,-62.73,-67.057,-29.967,-64.46,-63.438,-67.679,-61.599,-61.48,-62.984,-61.358,-60.007,-58.667,-57.314,-60.653,-60.951,-59.589,-58.616,-61.426,-57.92,-62.263,-59.856,
variance_db,9.96,-65.545,-63.382,-65.744,-29.573,-65.213,-64.415,-65.763,-60.017,-61.402,-61.16,-60.342,-62.092,-59.13,-58.76,-60.549,-59.813,-59.623,-61.216,-59.969,-58.544,-59.545,-60.006,
variance_db,9.98,-63.347,-63.75,-62.507,-29.643,-63.401,-64.321,-63.218,-60.419,-59.947,-60.206,-60.208,-60.242,-60.662,-60.631,-62.194,-59.401,-59.375,-60.62,-59.746,-59.715,-59.024,-60.284,
variance_db,10.0,-64.297,-63.893,-64.494,-30.551,-64.131,-64.543,-66.27,-62.283,-60.902,-60.792,-59.104,-59.826,-60.905,-59.392,-60.504,-59.995,-58.943,-60.747,-61.304,-59.825,-57.553,-60.252,
variance_db,10.02,-63.211,-64.141,-63.563,-30.272,-63.504,-64.888,-65.267,-63.557,-60.124,-60.067,-57.75,-59.791,-60.194,-58.688,-57.794,-59.567,-59.182,-61.085,-61.945,-58.29,-58.132,-61.604,
variance_db,10.040000000000001,-61.944,-64.236,-63.755,-29.984,-61.819,-64.843,-63.245,-60.748,-61.886,-57.33,-59.992,-58.293,-60.368,-59.417,-59.551,-60.814,-60.826,-62.22,-59.946,-60.071,-60.746,-60.256,
variance_db,10.06,-62.115,-64.04,-63.712,-30.496,-60.692,-64.247,-62.747,-59.794,-60.754,-57.011,-60.046,-59.893,-61.831,-59.732,-60.048,-61.377,-60.041,-61.331,-60.535,-61.123,-59.113,-60.608,
variance_db,10.08,-63.69,-63.693,-64.287,-30.069,-62.074,-65.239,-63.253,-63.946,-59.636,-59.219,-59.998,-61.262,-60.887,-59.389,-59.323,-58.985,-60.957,-59.705,-62.091,-59.288,-59.391,-61.347,
variance_db,10.1,-65.922,-63.408,-63.478,-29.922,-64.687,-63.121,-62.365,-62.541,-60.456,-59.58,-58.448,-61.006,-58.977,-59.021,-61.02,-59.046,-60.091,-60.858,-59.982,-58.78,-60.786,-60.31,
variance_db,10.120000000000001,-66.233,-63.269,-64.825,-30.117,-64.489,-61.949,-62.891,-61.333,-58.315,-62.299,-59.785,-59.451,-59.63,-59.685,-62.415,-60.013,-59.847,-58.764,-60.237,-58.706,-60.72,-61.114,
variance_db,10.14,-64.472,-64.162,-64.913,-30.001,-61.399,-63.446,-62.608,-60.178,-58.945,-61.241,-60.18,-58.778,-59.815,-58.93,-62.184,-60.934,-59.679,-58.184,-59.545,-61.203,-60.441,-60.47,
variance_db,10.16,-64.039,-64.717,-65.912,-30.051,-61.01,-65.707,-63.061,-60.932,-60.109,-59.874,-60.772,-60.685,-58.821,-58.983,-60.316,-60.779,-60.092,-60.089,-58.977,-60.089,-58.485,-61.004,
variance_db,10.18,-66.502,-62.497,-64.084,-30.934,-62.663,-61.827,-60.719,-61.31,-60.715,-60.35,-60.317,-61.17,-60.715,-59.323,-59.969,-60.405,-59.294,-59.825,-61.452,-58.226,-58.014,-60.117,
variance_db,10.200000000000001,-64.047,-64.468,-63.856,-30.628,-62.545,-62.044,-62.655,-63.17,-60.945,-59.069,-61.135,-61.322,-61.006,-60.56,-61.94,-60.178,-60.812,-59.027,-61.948,-58.312,-60.078,-60.461,
variance_db,10.22,-65.272,-62.997,-62.154,-30.282,-63.439,-60.078,-61.526,-62.389,-60.31,-59.538,-60.711,-58.547,-59.08,-58.895,-61.866,-59.943,-59.401,-57.532,-60.375,-60.601,-60.912,-61.605,
variance_db,10.24,-63.842,-63.003,-64.172,-30.221,-60.649,-60.238,-62.01,-60.044,-58.724,-61.897,-60.247,-59.131,-61.61,-59.744,-62.253,-58.039,-59.454,-61.191,-58.381,-62.209,-59.653,-61.842,
variance_db,10.26,-63.149,-64.563,-63.484,-29.798,-59.809,-65.039,-63.726,-58.993,-60.788,-61.889,-59.497,-62.874,-62.255,-62.188,-60.632,-56.597,-60.962,-61.811,-59.19,-59.632,-59.3,-60.369,
variance_db,10.28,-64.544,-64.535,-63.148,-29.748,-61.652,-65.206,-61.647,-60.64,-61.053,-60.506,-57.461,-61.275,-60.794,-60.047,-61.551,-58.992,-59.552,-59.996,-60.022,-57.702,-60.884,-60.297,
variance_db,10.3,-63.231,-63.946,-64.916,-31.122,-60.602,-64.392,-63.074,-60.804,-60.988,-61.064,-57.62,-60.386,-57.801,-58.485,-62.178,-60.092,-60.494,-61.037,-58.023,-59.011,-60.571,-59.708,
variance_db,10.32,-64.497,-62.6,-64.931,-29.718,-61.739,-61.293,-64.216,-61.455,-61.059,-58.976,-57.895,-59.041,-60.617,-59.413,-60.563,-59.215,-59.708,-63.783,-59.323,-60.923,-59.691,-60.298,
variance_db,10.34,-64.145,-63.433,-65.08,-29.699,-61.91,-62.567,-64.637,-61.446,-60.583,-59.52,-58.479,-58.841,-60.477,-60.575,-57.836,-58.292,-58.487,-60.499,-60.93,-58.865,-61.775,-61.8,
variance_db,10.36,-63.228,-64.241,-66.436,-30.085,-61.022,-63.872,-65.673,-61.855,-59.946,-59.997,-58.929,-58.252,-59.667,-60.8,-59.369,-58.006,-58.989,-59.189,-60.614,-58.964,-62.108,-60.421,
variance_db,10.38,-63.951,-66.083,-64.562,-30.012,-61.718,-65.606,-63.639,-63.339,-59.47,-61.482,-58.629,-58.944,-60.051,-59.699,-58.677,-59.339,-58.046,-59.829,-60.198,-58.9,-58.044,-61.133,
variance_db,10.4,-63.186,-67.327,-65.48,-29.862,-60.225,-67.934,-63.469,-64.775,-59.534,-60.934,-58.495,-59.482,-61.408,-60.138,-59.874,-61.448,-59.543,-59.242,-59.788,-58.741,-60.725,-61.963,
variance_db,10.42,-62.749,-66.018,-64.738,-29.884,-60.304,-64.174,-63.777,-63.279,-60.226,-61.263,-63.093,-58.363,-60.339,-61.965,-60.617,-62.599,-60.63,-60.704,-60.454,-58.254,-60.462,-60.642,
variance_db,10.44,-63.559,-64.446,-62.797,-29.969,-62.463,-62.56,-62.55,-61.979,-60.988,-62.193,-61.241,-59.896,-60.842,-61.791,-59.601,-60.741,-61.129,-60.562,-58.886,-60.24,-58.004,-61.105,
variance_db,10.46,-64.308,-64.508,-65.143,-30.32,-61.695,-63.589,-65.392,-60.977,-62.364,-62.365,-61.86,-60.656,-60.396,-60.891,-60.241,-57.62,-58.39,-58.486,-60.144,-59.762,-59.069,-61.397,
variance_db,10.48,-64.454,-63.613,-67.144,-30.522,-62.55,-62.354,-66.583,-62.15,-61.629,-60.732,-61.377,-57.589,-59.441,-60.428,-59.01,-58.259,-59.289,-57.592,-60.694,-60.365,-59.608,-60.558,
variance_db,10.5,-65.538,-66.628,-65.089,-30.585,-63.339,-64.27,-63.743,-61.75,-60.711,-59.578,-59.315,-58.252,-60.376,-61.229,-60.065,-57.064,-60.226,-57.749,-59.808,-57.915,-57.895,-59.499,
variance_db,10.52,-64.866,-66.52,-65.491,-30.968,-61.412,-63.435,-64.384,-61.255,-61.269,-59.398,-59.461,-59.183,-59.816,-59.298,-60.961,-60.391,-60.753,-60.321,-60.797,-58.703,-58.067,-60.857,
variance_db,10.540000000000001,-64.994,-64.334,-64.266,-30.287,-60.513,-62.531,-62.581,-61.773,-62.738,-60.666,-60.206,-59.827,-62.025,-58.291,-62.853,-61.035,-61.321,-60.443,-59.604,-60.265,-58.149,-61.618,
variance_db,10.56,-63.827,-63.152,-65.232,-30.014,-60.071,-62.323,-63.75,-60.504,-61.463,-61.672,-59.554,-59.009,-62.039,-58.135,-59.175,-61.359,-60.776,-58.839,-59.295,-59.958,-59.933,-62.183,
variance_db,10.58,-62.918,-63.869,-63.314,-31.042,-58.645,-62.477,-62.548,-61.033,-60.062,-61.275,-60.444,-60.881,-58.937,-59.429,-59.078,-60.823,-61.517,-60.68,-57.725,-61.003,-57.712,-61.862,
variance_db,10.6,-63.486,-64.282,-62.609,-30.215,-60.854,-62.459,-62.118,-59.991,-61.395,-60.477,-60.211,-61.706,-58.084,-61.5,-59.203,-58.441,-62.294,-61.811,-59.489,-60.864,-58.851,-60.5,
variance_db,10.620000000000001,-62.847,-64.396,-63.792,-29.725,-58.82,-63.206,-63.34,-59.692,-60.64,-59.087,-59.669,-60.672,-58.274,-60.94,-61.408,-61.265,-59.805,-59.21,-61.531,-59.376,-58.71,-61.827,
variance_db,10.64,-64.693,-63.741,-62.868,-30.244,-61.044,-63.969,-63.23,-62.287,-61.001,-59.664,-57.564,-60.913,-60.234,-58.974,-62.613,-61.641,-59.472,-57.739,-61.367,-59.705,-58.049,-63.592,
variance_db,10.66,-64.445,-62.435,-63.145,-30.596,-63.454,-62.22,-61.421,-62.317,-61.189,-61.682,-58.015,-59.544,-60.745,-59.903,-61.226,-60.191,-61.591,-58.618,-58.8,-59.241,-59.188,-63.847,
variance_db,10.68,-64.356,-64.816,-65.713,-30.087,-62.864,-65.559,-64.761,-62.135,-62.002,-60.033,-58.647,-58.906,-59.817,-58.914,-60.808,-58.847,-59.606,-60.654,-58.363,-63.245,-59.576,-60.947,
variance_db,10.700000000000001,-62.779,-65.337,-65.369,-30.561,-59.863,-65.09,-65.743,-61.725,-61.327,-59.13,-58.378,-59.26,-59.915,-57.322,-58.247,-58.943,-60.148,-59.921,-61.362,-62.021,-59.229,-57.833,
variance_db,10.72,-62.744,-64.702,-63.134,-29.805,-61.082,-63.695,-62.899,-63.224,-61.317,-62.116,-59.989,-60.533,-60.989,-56.493,-59.027,-58.519,-60.464,-60.177,-61.982,-59.549,-58.719,-59.54,
variance_db,10.74,-64.866,-65.467,-63.612,-29.953,-62.115,-63.864,-63.602,-60.723,-61.603,-61.52,-59.19,-59.455,-59.625,-59.236,-60.561,-59.344,-59.22,-60.409,-59.017,-59.995,-58.921,-58.09,
variance_db,10.76,-63.843,-62.88,-63.115,-29.863,-62.193,-61.792,-63.267,-60.209,-59.675,-62.523,-57.049,-61.543,-60.326,-58.356,-61.727,-58.891,-57.253,-59.705,-57.613,-59.171,-61.107,-56.568,
variance_db,10.78,-63.98,-62.881,-63.206,-29.616,-63.253,-61.975,-62.817,-58.905,-60.034,-61.488,-58.566,-58.975,-59.145,-57.117,-60.595,-60.478,-59.5,-59.683,-61.312,-61.542,-58.686,-57.839,
variance_db,10.8,-63.196,-62.439,-65.841,-30.167,-64.004,-62.678,-65.089,-60.78,-61.174,-62.37,-59.106,-59.022,-56.502,-57.626,-61.67,-61.612,-58.667,-61.133,-61.659,-61.335,-58.447,-58.579,
variance_db,10.82,-64.675,-63.289,-64.869,-30.373,-62.835,-64.141,-64.067,-60.455,-59.383,-61.43,-57.732,-61.611,-59.523,-58.91,-61.927,-62.582,-57.192,-61.511,-61.82,-59.86,-59.8,-59.878,
variance_db,10.84,-63.418,-63.143,-63.726,-30.56,-61.237,-63.332,-61.099,-61.469,-60.525,-60.474,-59.412,-61.673,-60.667,-59.229,-61.954,-60.194,-59.012,-60.012,-61.727,-58.414,-58.088,-60.157,
variance_db,10.86,-63.427,-64.529,-65.997,-29.643,-61.338,-64.199,-61.548,-61.727,-63.295,-59.41,-59.015,-60.459,-59.96,-62.547,-59.315,-59.842,-60.551,-60.364,-61.411,-59.137,-59.422,-60.751,
variance_db,10.88,-65.797,-64.859,-64.786,-30.142,-62.901,-65.801,-62.375,-62.471,-60.135,-60.975,-58.761,-59.735,-59.458,-60.901,-60.678,-60.232,-58.285,-58.691,-59.067,-58.46,-59.697,-59.229,
variance_db,10.9,-63.471,-66.409,-65.077,-29.833,-60.539,-66.921,-63.214,-62.001,-62.677,-61.21,-59.002,-58.225,-58.23,-59.979,-60.363,-59.031,-58.205,-58.569,-57.932,-58.871,-60.827,-58.324,
variance_db,10.92,-62.554,-65.08,-65.567,-29.771,-60.804,-66.108,-64.099,-62.095,-61.621,-60.83,-60.272,-59.973,-61.016,-60.372,-59.3,-60.913,-59.724,-57.522,-58.099,-58.528,-62.719,-60.002,
variance_db,10.94,-61.966,-63.253,-65.195,-29.872,-60.635,-64.464,-63.25,-61.624,-60.382,-61.006,-60.698,-59.349,-61.76,-59.092,-59.618,-59.495,-58.904,-59.621,-59.86,-59.638,-60.626,-59.577,
variance_db,10.96,-62.567,-64.178,-63.104,-30.353,-60.935,-64.208,-62.639,-61.418,-59.984,-61.125,-60.006,-60.068,-59.911,-59.858,-60.393,-56.962,-58.513,-59.693,-62.937,-60.923,-58.995,-61.292,
variance_db,10.98,-62.329,-64.595,-64.591,-30.114,-60.234,-64.048,-62.705,-62.476,-58.83,-62.305,-59.781,-58.768,-58.137,-59.98,-60.024,-58.111,-59.218,-60.282,-60.943,-58.385,-59.899,-60.358,
variance_db,11.0,-65.45,-63.453,-64.826,-30.093,-63.248,-63.141,-61.906,-63.084,-59.01,-61.711,-59.163,-59.939,-60.988,-59.007,-61.816,-58.992,-60.701,-61.532,-59.201,-57.654,-59.744,-60.077,
variance_db,11.02,-66.8,-62.839,-65.001,-29.819,-65.0,-65.379,-62.768,-60.76,-59.994,-60.914,-59.276,-57.34,-62.763,-60.052,-60.085,-57.854,-59.008,-59.24,-60.403,-58.992,-59.328,-61.76,
variance_db,11.040000000000001,-63.051,-62.428,-64.78,-29.84,-60.996,-62.601,-62.487,-63.478,-59.841,-60.3,-60.342,-60.139,-60.669,-60.069,-60.142,-58.122,-57.949,-59.573,-60.039,-59.801,-60.998,-62.056,
variance_db,11.06,-64.07,-64.631,-65.548,-29.595,-61.147,-64.743,-61.699,-61.841,-61.372,-61.713,-58.217,-62.34,-58.925,-59.955,-60.209,-59.039,-58.519,-59.588,-60.287,-60.958,-58.264,-62.347,
variance_db,11.08,-65.804,-63.871,-63.826,-29.621,-63.076,-63.764,-62.209,-61.347,-61.019,-60.201,-57.498,-62.367,-59.161,-57.831,-59.641,-60.848,-60.162,-57.379,-60.35,-59.129,-58.219,-62.193,
variance_db,11.1,-62.415,-62.044,-63.81,-29.886,-59.897,-61.772,-61.871,-63.163,-60.369,-59.003,-59.665,-60.118,-59.84,-60.03,-56.85,-56.892,-59.614,-62.648,-59.881,-58.716,-59.578,-60.871,
variance_db,11.120000000000001,-62.309,-62.887,-66.359,-30.121,-58.865,-63.988,-63.029,-63.167,-60.498,-59.684,-58.887,-61.985,-60.937,-60.849,-57.233,-57.613,-59.155,-61.744,-59.777,-58.457,-60.074,-59.243,
variance_db,11.14,-65.158,-62.909,-64.097,-30.211,-62.741,-64.443,-61.614,-60.125,-61.101,-61.764,-58.172,-58.946,-58.807,-60.123,-59.3,-58.564,-60.027,-59.033,-58.619,-59.508,-61.288,-58.296,
variance_db,11.16,-65.431,-63.584,-64.206,-31.119,-61.952,-63.61,-61.338,-62.459,-62.387,-60.839,-57.683,-59.096,-59.155,-58.266,-59.38,-60.65,-58.845,-59.672,-59.92,-60.082,-62.57,-61.557,
variance_db,11.18,-63.147,-64.935,-63.73,-30.99,-61.606,-64.05,-61.738,-62.171,-61.723,-60.397,-58.249,-57.714,-60.194,-59.01,-61.548,-60.822,-61.27,-61.072,-61.896,-58.976,-59.341,-62.324,
variance_db,11.200000000000001,-64.708,-63.751,-62.984,-30.152,-62.285,-64.964,-61.406,-61.376,-60.407,-61.185,-59.67,-59.322,-58.629,-59.137,-61.133,-59.754,-61.353,-60.951,-60.206,-59.246,-59.702,-60.217,
variance_db,11.22,-64.554,-62.491,-64.311,-29.726,-61.869,-64.338,-61.395,-62.515,-59.351,-59.44,-60.388,-60.791,-59.238,-61.897,-60.962,-61.872,-58.111,-61.73,-59.164,-59.501,-59.698,-59.423,
variance_db,11.24,-64.795,-65.214,-62.492,-29.893,-61.74,-66.104,-61.278,-63.239,-58.921,-59.745,-59.692,-61.776,-60.071,-59.237,-61.426,-61.9,-57.914,-58.728,-57.617,-59.73,-58.947,-59.676,
variance_db,11.26,-63.621,-63.797,-64.774,-29.784,-61.529,-63.211,-60.489,-59.986,-59.576,-59.601,-58.942,-59.584,-61.762,-57.931,-62.398,-60.77,-59.254,-58.052,-59.264,-59.025,-61.087,-59.966,
variance_db,11.28,-62.932,-61.635,-64.616,-29.7,-60.491,-60.162,-61.405,-59.404,-61.577,-60.275,-59.449,-60.053,-60.988,-59.244,-59.917,-61.595,-58.547,-57.317,-61.669,-59.202,-59.415,-57.003,
variance_db,11.3,-64.569,-63.184,-62.689,-29.656,-61.529,-62.457,-61.562,-60.47,-63.937,-58.468,-57.925,-60.1,-58.65,-58.34,-59.492,-59.611,-59.526,-56.483,-60.932,-59.815,-61.027,-60.854,
variance_db,11.32,-63.411,-66.423,-61.085,-30.07,-62.207,-66.688,-59.973,-59.313,-63.135,-58.614,-59.894,-60.855,-58.865,-57.547,-58.969,-58.711,-57.173,-59.604,-59.172,-59.188,-62.76,-61.138,
variance_db,11.34,-63.397,-63.223,-64.102,-30.89,-62.972,-62.736,-62.959,-59.273,-62.992,-59.633,-59.623,-60.57,-61.515,-58.597,-60.405,-60.165,-58.522,-57.944,-57.289,-60.91,-61.973,-62.489,
variance_db,11.36,-62.195,-63.24,-65.575,-30.621,-60.759,-64.223,-63.71,-61.091,-64.422,-59.361,-59.821,-59.962,-61.933,-59.53,-58.706,-61.291,-59.853,-57.61,-60.213,-60.112,-60.823,-62.238,
variance_db,11.38,-61.705,-64.892,-64.308,-30.114,-59.835,-64.557,-63.143,-61.34,-60.106,-61.405,-60.31,-60.274,-60.638,-58.943,-58.927,-58.466,-58.996,-59.947,-60.982,-60.409,-60.379,-60.809,
variance_db,11.4,-62.823,-66.622,-64.111,-30.298,-60.199,-65.928,-62.941,-59.67,-59.454,-60.556,-57.697,-59.557,-61.32,-55.863,-60.065,-60.117,-57.81,-61.509,-58.575,-63.653,-61.187,-60.855,
variance_db,11.42,-64.29,-64.978,-66.629,-29.984,-62.197,-66.025,-64.059,-60.339,-61.035,-60.961,-59.579,-60.09,-60.454,-57.651,-62.152,-61.195,-59.548,-58.755,-56.985,-61.117,-60.402,-61.132,
variance_db,11.44,-64.971,-64.356,-68.271,-30.41,-61.022,-64.646,-67.136,-61.958,-60.519,-60.962,-60.28,-60.017,-58.558,-57.29,-62.317,-59.734,-59.165,-57.337,-58.109,-61.157,-60.124,-60.744,
variance_db,11.46,-61.624,-65.038,-65.727,-30.419,-57.901,-64.386,-63.402,-62.668,-60.853,-60.215,-60.094,-57.534,-59.389,-56.536,-59.707,-60.506,-59.503,-58.186,-58.859,-58.666,-58.478,-58.935,
variance_db,11.48,-62.1,-63.18,-62.348,-30.182,-59.477,-62.796,-59.156,-62.064,-60.078,-62.228,-60.208,-55.66,-58.735,-57.299,-61.017,-60.376,-59.818,-55.667,-59.683,-60.69,-60.595,-59.581,
variance_db,11.5,-63.481,-64.655,-62.848,-29.909,-59.486,-64.528,-62.297,-59.427,-59.1,-60.306,-59.807,-56.83,-59.103,-58.606,-61.998,-59.203,-58.903,-56.618,-58.911,-61.595,-62.981,-61.275,
variance_db,11.52,-64.139,-64.458,-65.782,-29.953,-58.811,-63.331,-63.169,-58.757,-57.585,-58.015,-61.78,-59.476,-61.248,-59.237,-60.071,-60.516,-58.701,-57.686,-58.984,-61.532,-62.471,-59.749,
variance_db,11.540000000000001,-64.798,-62.935,-66.889,-30.14,-60.287,-62.141,-65.022,-61.106,-55.452,-60.347,-61.587,-58.307,-62.309,-57.583,-59.295,-60.99,-62.513,-60.35,-58.556,-62.958,-60.068,-59.205,
variance_db,11.56,-64.008,-63.263,-63.444,-30.954,-60.656,-62.409,-62.979,-61.481,-60.048,-62.394,-58.703,-58.192,-60.804,-58.668,-60.492,-60.58,-60.517,-58.855,-61.547,-61.049,-60.813,-57.866,
variance_db,11.58,-63.223,-65.774,-65.045,-30.343,-59.842,-64.016,-63.202,-63.241,-61.138,-62.113,-60.531,-58.356,-60.609,-59.586,-60.422,-60.261,-58.22,-60.792,-59.756,-59.832,-59.723,-58.722,
variance_db,11.6,-63.036,-66.134,-66.831,-30.415,-59.634,-63.114,-65.994,-61.126,-59.599,-63.221,-61.782,-60.833,-60.15,-59.199,-60.994,-59.983,-60.145,-61.71,-58.601,-61.755,-60.79,-61.442,
variance_db,11.620000000000001,-63.362,-64.604,-65.401,-29.682,-60.372,-63.534,-64.365,-61.68,-58.814,-63.131,-58.921,-60.569,-58.983,-57.84,-62.538,-60.309,-60.365,-60.28,-59.547,-60.194,-60.585,-60.293,
variance_db,11.64,-64.849,-65.829,-65.09,-30.17,-58.861,-63.691,-63.42,-60.941,-58.33,-62.189,-58.836,-59.189,-60.862,-59.399,-62.574,-61.181,-59.081,-60.432,-61.772,-60.869,-57.962,-58.861,
variance_db,11.66,-64.722,-64.768,-65.086,-29.99,-58.213,-62.434,-62.925,-60.572,-58.976,-60.654,-60.269,-56.707,-58.148,-58.333,-59.659,-60.402,-58.57,-59.73,-58.977,-60.477,-58.605,-60.344,
variance_db,11.68,-63.364,-64.536,-64.625,-29.554,-59.178,-62.148,-62.084,-63.092,-61.866,-61.035,-59.376,-56.815,-59.344,-58.48,-58.293,-58.62,-59.197,-61.503,-56.637,-59.263,-58.978,-60.918,
variance_db,11.700000000000001,-64.291,-63.156,-65.912,-29.616,-59.515,-61.62,-63.691,-64.019,-62.984,-58.131,-58.495,-58.623,-60.684,-59.208,-59.745,-57.955,-57.367,-59.451,-60.267,-60.492,-59.52,-63.861,
variance_db,11.72,-63.35,-63.024,-65.813,-29.687,-59.648,-61.176,-64.581,-63.926,-60.223,-58.333,-58.843,-60.72,-58.782,-58.395,-59.956,-57.637,-59.127,-58.568,-60.76,-61.363,-60.759,-61.34,
variance_db,11.74,-63.786,-62.193,-65.233,-30.21,-59.493,-59.133,-63.845,-62.816,-60.827,-60.247,-60.598,-59.495,-57.566,-59.54,-59.099,-58.711,-60.701,-57.619,-61.854,-62.004,-59.574,-59.985,
variance_db,11.76,-63.402,-64.215,-64.358,-30.458,-58.804,-59.821,-63.004,-61.67,-59.813,-59.816,-60.413,-59.517,-60.14,-60.358,-59.513,-59.078,-59.477,-58.748,-61.287,-62.604,-59.301,-56.403,
variance_db,11.78,-64.368,-66.302,-65.205,-30.811,-60.182,-62.502,-63.34,-63.975,-61.257,-61.201,-60.062,-59.234,-60.029,-59.437,-61.686,-58.749,-60.036,-59.018,-60.839,-59.211,-59.534,-58.098,
variance_db,11.8,-65.103,-65.267,-64.49,-30.039,-60.174,-62.178,-63.404,-64.236,-59.744,-62.131,-58.66,-60.083,-60.975,-59.351,-61.134,-59.036,-60.996,-58.953,-62.033,-57.549,-60.899,-59.688,
variance_db,11.82,-63.161,-66.44,-63.789,-30.191,-58.438,-61.685,-62.984,-59.854,-61.204,-59.832,-58.397,-59.486,-61.033,-61.466,-59.224,-62.044,-57.795,-59.037,-60.806,-58.111,-58.337,-61.675,
variance_db,11.84,-63.301,-64.139,-66.041,-30.895,-58.068,-60.252,-62.32,-60.702,-60.674,-59.884,-58.424,-59.79,-61.812,-60.931,-60.315,-61.459,-55.968,-61.379,-59.657,-59.155,-58.64,-62.049,
variance_db,11.86,-64.525,-63.704,-64.131,-30.61,-59.04,-59.888,-63.929,-62.025,-60.257,-62.107,-59.88,-59.149,-58.822,-61.318,-60.374,-60.366,-59.148,-60.453,-60.374,-60.151,-60.021,-59.615,
variance_db,11.88,-63.588,-64.392,-66.42,-30.329,-58.484,-58.703,-64.439,-62.593,-59.713,-60.924,-61.015,-61.094,-57.838,-61.004,-60.036,-62.142,-60.188,-59.736,-59.873,-59.783,-59.599,-60.754,
variance_db,11.9,-64.754,-61.102,-65.843,-31.198,-58.881,-56.96,-63.776,-63.141,-60.441,-59.433,-58.126,-60.149,-58.403,-58.471,-61.843,-61.028,-60.681,-61.101,-61.441,-59.176,-58.779,-62.066,
variance_db,11.92,-65.462,-63.944,-63.569,-30.642,-58.303,-58.57,-62.557,-59.956,-60.749,-60.607,-59.941,-59.925,-58.012,-58.408,-58.726,-61.985,-60.021,-61.218,-60.436,-60.139,-59.608,-62.212,
variance_db,11.94,-63.572,-66.942,-61.416,-30.157,-57.873,-58.619,-59.641,-59.079,-61.221,-61.108,-63.379,-59.858,-58.103,-59.748,-58.203,-61.97,-58.858,-60.133,-63.116,-59.599,-59.659,-60.289,
variance_db,11.96,-63.695,-64.694,-62.151,-30.166,-58.38,-56.105,-61.063,-62.339,-61.545,-60.298,-62.386,-62.082,-59.36,-59.49,-58.757,-61.363,-61.12,-58.818,-61.844,-60.076,-57.475,-60.844,
variance_db,11.98,-62.94,-66.122,-64.911,-29.806,-57.994,-56.993,-61.921,-64.849,-59.479,-59.696,-63.162,-62.702,-59.125,-59.295,-60.374,-61.036,-60.321,-61.25,-61.209,-59.635,-57.925,-59.152,
variance_db,12.0,-61.672,-64.413,-65.941,-29.791,-60.385,-58.761,-62.56,-64.029,-61.518,-60.25,-61.059,-60.497,-60.353,-60.948,-62.667,-60.942,-58.119,-61.283,-61.404,-59.619,-60.98,-61.932,
variance_db,12.02,-64.072,-64.325,-63.213,-30.096,-60.118,-57.729,-59.37,-62.256,-64.04,-61.788,-58.736,-59.944,-60.662,-57.606,-59.545,-61.018,-56.074,-60.202,-61.429,-59.967,-60.437,-63.042,
variance_db,12.040000000000001,-65.98,-62.746,-63.228,-29.859,-61.174,-56.237,-60.001,-62.463,-63.216,-61.361,-60.167,-60.325,-59.176,-57.605,-59.236,-62.153,-55.908,-57.641,-61.105,-59.77,-60.726,-62.777,
variance_db,12.06,-64.895,-63.298,-65.465,-29.874,-59.469,-58.628,-62.328,-60.974,-62.676,-60.602,-58.868,-60.144,-60.231,-59.121,-60.117,-61.602,-57.786,-55.787,-61.229,-59.788,-59.688,-61.305,
variance_db,12.08,-64.116,-64.448,-63.822,-30.511,-58.192,-59.102,-63.013,-60.28,-62.284,-61.384,-59.843,-57.006,-60.852,-59.288,-60.369,-63.031,-60.307,-58.986,-60.781,-60.508,-61.78,-60.249,
variance_db,12.1,-63.412,-62.987,-64.517,-30.388,-57.471,-59.04,-62.221,-60.963,-58.353,-61.268,-57.151,-58.428,-61.609,-59.977,-60.25,-60.597,-59.845,-58.798,-60.493,-59.629,-60.403,-61.735,
variance_db,12.120000000000001,-66.97,-63.722,-63.447,-30.098,-58.003,-60.035,-62.541,-59.909,-59.921,-61.32,-58.983,-57.86,-58.66,-58.316,-60.216,-61.639,-59.615,-59.025,-61.41,-59.226,-61.973,-60.317,
variance_db,12.14,-65.906,-62.923,-63.341,-29.834,-60.733,-60.291,-60.899,-60.126,-59.582,-60.622,-60.597,-59.886,-58.048,-57.429,-62.056,-61.957,-61.127,-60.783,-59.654,-60.216,-61.152,-60.527,
variance_db,12.16,-64.696,-64.7,-65.225,-30.228,-61.012,-60.978,-62.5,-63.504,-59.186,-60.509,-62.665,-64.241,-57.852,-59.532,-60.766,-59.697,-60.539,-62.113,-61.784,-59.148,-59.095,-62.323,
variance_db,12.18,-65.847,-64.304,-65.561,-29.958,-60.801,-62.279,-61.737,-62.307,-60.475,-61.175,-59.099,-61.559,-57.134,-58.074,-59.493,-59.203,-59.201,-59.812,-61.879,-59.796,-58.917,-62.321,
variance_db,12.200000000000001,-65.146,-65.157,-64.886,-29.816,-59.31,-61.347,-60.387,-62.179,-60.745,-61.112,-54.929,-58.933,-58.05,-59.286,-58.781,-59.967,-58.386,-59.649,-58.562,-59.49,-60.429,-58.854,
variance_db,12.22,-62.86,-66.871,-63.362,-29.802,-58.45,-62.707,-57.87,-62.383,-59.409,-61.584,-57.248,-60.033,-58.519,-60.194,-57.951,-62.052,-57.384,-59.519,-57.08,-59.045,-61.629,-59.756,
variance_db,12.24,-62.933,-63.983,-62.786,-30.183,-56.676,-62.248,-59.35,-62.498,-60.799,-60.146,-58.564,-59.384,-57.882,-58.624,-59.517,-61.493,-59.914,-59.692,-59.557,-60.771,-62.771,-60.972,
variance_db,12.26,-64.572,-63.883,-62.585,-30.13,-54.667,-62.531,-60.545,-60.367,-60.029,-60.414,-56.798,-60.208,-56.602,-59.193,-61.748,-60.914,-60.253,-59.14,-60.075,-59.042,-61.644,-60.156,
variance_db,12.280000000000001,-64.989,-62.886,-63.623,-30.646,-55.911,-60.225,-62.374,-60.189,-60.456,-60.953,-56.802,-61.586,-57.184,-58.988,-61.261,-61.359,-58.384,-59.283,-59.154,-59.233,-61.787,-62.289,
variance_db,12.3,-62.763,-63.416,-64.414,-30.313,-54.099,-62.265,-62.547,-61.913,-62.66,-61.325,-58.632,-60.633,-59.193,-57.78,-60.529,-60.739,-57.954,-60.045,-57.75,-60.207,-61.204,-60.822,
variance_db,12.32,-65.314,-64.238,-65.758,-30.527,-57.652,-64.682,-62.551,-61.888,-63.026,-60.181,-58.2,-60.917,-59.992,-58.301,-60.405,-60.117,-56.339,-59.74,-59.696,-61.552,-58.926,-59.714,
variance_db,12.34,-64.735,-65.282,-64.761,-30.021,-57.761,-63.434,-60.881,-58.55,-60.619,-60.868,-58.334,-59.715,-58.148,-57.254,-61.896,-61.582,-56.973,-59.222,-58.855,-60.371,-58.934,-60.261,
variance_db,12.36,-65.937,-64.789,-64.138,-30.996,-56.574,-62.696,-60.479,-60.788,-57.922,-59.24,-57.937,-60.637,-60.72,-58.757,-59.038,-61.981,-57.052,-59.092,-58.919,-59.222,-59.434,-58.66,
variance_db,12.38,-65.363,-65.06,-68.3,-30.315,-57.5,-66.405,-64.496,-61.808,-60.965,-60.0,-56.927,-60.04,-60.311,-60.51,-59.324,-61.698,-57.68,-59.506,-59.73,-58.942,-59.4,-57.665,
variance_db,12.4,-63.142,-65.66,-67.399,-29.88,-58.064,-64.047,-66.639,-61.248,-62.337,-62.377,-58.667,-60.907,-59.716,-58.239,-61.607,-61.362,-57.528,-59.897,-59.284,-58.684,-59.703,-58.992,
variance_db,12.42,-63.124,-67.009,-65.441,-29.929,-57.525,-63.631,-63.476,-62.277,-59.173,-61.334,-59.538,-58.715,-58.684,-59.166,-60.286,-60.531,-58.071,-60.801,-58.909,-58.908,-60.261,-60.507,
variance_db,12.44,-63.294,-64.029,-64.776,-30.652,-57.554,-62.312,-63.183,-62.324,-59.36,-59.47,-61.061,-59.026,-61.194,-59.114,-60.681,-58.828,-58.578,-60.037,-59.209,-60.196,-59.464,-61.164,
variance_db,12.46,-64.079,-65.653,-62.985,-29.903,-59.308,-63.62,-61.514,-62.356,-62.781,-61.196,-60.942,-61.127,-59.752,-59.291,-61.38,-59.608,-59.781,-60.011,-61.384,-59.118,-59.462,-61.279,
variance_db,12.48,-65.564,-64.156,-63.584,-29.615,-57.276,-64.165,-60.779,-61.684,-62.113,-60.01,-61.652,-62.682,-57.222,-60.424,-61.848,-59.633,-58.983,-61.655,-61.279,-57.608,-58.146,-61.174,
variance_db,12.5,-63.756,-64.891,-63.362,-29.962,-57.934,-62.645,-61.864,-61.878,-61.642,-59.921,-61.076,-59.623,-57.701,-59.612,-60.341,-60.452,-59.734,-59.831,-59.073,-59.582,-59.755,-61.147,
variance_db,12.52,-63.303,-65.204,-64.279,-30.389,-55.507,-64.596,-62.248,-61.038,-62.219,-60.735,-60.35,-59.472,-58.571,-58.426,-58.244,-60.492,-58.692,-57.814,-61.025,-60.326,-60.026,-59.587,
variance_db,12.540000000000001,-64.399,-66.451,-64.313,-29.587,-55.236,-64.401,-59.541,-60.331,-61.39,-59.451,-60.93,-58.722,-58.447,-60.534,-59.02,-61.078,-58.363,-59.356,-61.28,-60.465,-60.59,-59.469,
variance_db,12.56,-64.272,-64.344,-64.924,-30.153,-59.042,-64.07,-60.224,-60.414,-59.793,-56.631,-61.029,-59.399,-58.626,-59.162,-58.526,-59.737,-58.322,-61.402,-61.847,-58.833,-60.617,-57.933,
variance_db,12.58,-63.148,-64.586,-66.036,-30.057,-58.279,-64.754,-62.932,-61.808,-59.104,-58.692,-60.343,-58.799,-58.95,-58.453,-59.218,-59.575,-58.657,-60.954,-61.652,-58.896,-60.286,-60.173,
variance_db,12.6,-63.336,-65.181,-66.799,-29.74,-57.255,-65.668,-62.666,-60.696,-60.834,-61.222,-59.755,-57.595,-59.614,-59.367,-60.915,-61.044,-56.316,-58.78,-58.491,-59.722,-60.041,-61.45,
variance_db,12.620000000000001,-61.737,-63.823,-65.667,-30.443,-56.362,-63.246,-62.277,-59.619,-60.262,-57.847,-59.762,-58.717,-59.133,-59.148,-60.464,-61.549,-56.946,-59.003,-60.067,-58.031,-60.015,-59.322,
variance_db,12.64,-61.998,-63.3,-64.083,-30.611,-55.713,-60.759,-62.049,-60.37,-59.442,-59.873,-61.081,-59.149,-59.082,-60.91,-58.821,-61.623,-57.84,-57.781,-58.432,-59.343,-61.518,-58.609,
variance_db,12.66,-64.133,-63.91,-64.156,-29.973,-57.21,-62.304,-60.91,-63.03,-59.362,-60.847,-60.687,-58.807,-58.443,-61.857,-60.755,-61.027,-57.489,-59.184,-58.636,-60.338,-60.573,-58.784,
variance_db,12.68,-63.046,-64.063,-64.658,-30.158,-55.455,-63.966,-62.078,-64.555,-59.288,-62.096,-58.616,-58.015,-58.541,-60.146,-60.518,-58.842,-57.504,-59.318,-60.285,-59.888,-59.525,-57.723,
variance_db,12.700000000000001,-59.828,-62.652,-65.83,-30.018,-55.324,-61.468,-63.948,-62.563,-59.193,-63.12,-58.955,-58.252,-60.56,-60.649,-60.893,-58.815,-58.952,-58.968,-59.068,-60.638,-59.552,-57.123,
variance_db,12.72,-61.848,-63.158,-66.504,-30.131,-57.998,-61.593,-61.855,-59.97,-59.468,-63.389,-60.99,-59.731,-62.439,-59.86,-62.555,-59.935,-60.046,-58.016,-59.776,-61.367,-61.137,-58.391,
variance_db,12.74,-65.435,-62.61,-66.303,-30.081,-60.654,-63.493,-59.062,-59.695,-63.075,-59.486,-59.532,-59.312,-60.673,-57.533,-62.452,-60.554,-58.67,-59.21,-59.004,-60.059,-61.263,-58.957,
variance_db,12.76,-65.541,-62.725,-63.519,-30.319,-62.392,-63.37,-56.663,-59.618,-61.24,-58.643,-58.934,-60.05,-60.87,-58.823,-60.831,-58.584,-60.129,-58.158,-58.098,-59.724,-61.587,-59.051,
variance_db,12.780000000000001,-64.859,-64.734,-65.823,-29.843,-60.188,-65.214,-59.251,-60.009,-61.903,-60.445,-60.827,-60.098,-60.601,-59.833,-60.511,-60.291,-61.423,-60.213,-60.194,-61.74,-60.557,-59.554,
variance_db,12.8,-62.255,-64.217,-65.281,-29.835,-58.568,-64.762,-60.305,-61.123,-64.317,-61.848,-60.135,-59.286,-59.968,-59.312,-61.279,-61.056,-60.531,-59.687,-61.419,-58.669,-59.557,-59.693,
variance_db,12.82,-62.12,-64.746,-65.786,-30.025,-58.168,-63.369,-60.18,-61.214,-62.176,-64.063,-60.323,-59.124,-60.652,-58.048,-58.769,-59.845,-60.268,-58.414,-61.56,-59.906,-59.122,-60.579,
variance_db,12.84,-63.405,-62.813,-65.343,-30.157,-58.312,-61.809,-58.763,-61.352,-61.56,-61.948,-60.374,-59.246,-60.12,-57.775,-58.107,-61.774,-60.033,-60.718,-62.023,-59.797,-59.015,-60.968,
variance_db,12.86,-64.695,-65.056,-63.373,-30.009,-58.913,-64.604,-57.633,-61.365,-59.601,-61.154,-60.433,-59.891,-58.227,-59.889,-59.107,-60.947,-58.969,-60.885,-60.284,-59.815,-58.424,-61.217,
variance_db,12.88,-64.129,-65.335,-63.23,-30.508,-60.056,-64.122,-59.836,-59.901,-59.913,-60.017,-58.496,-59.456,-57.758,-60.292,-60.255,-60.664,-59.801,-58.955,-60.033,-61.839,-61.123,-60.026,
variance_db,12.9,-63.89,-64.184,-64.327,-30.49,-61.213,-63.364,-60.709,-59.694,-58.089,-59.54,-59.056,-60.41,-60.89,-59.832,-60.541,-60.835,-59.105,-57.916,-61.979,-59.936,-60.067,-58.423,
variance_db,12.92,-65.404,-64.246,-65.202,-30.351,-61.997,-61.866,-61.391,-59.704,-57.704,-60.93,-60.099,-59.263,-59.418,-60.291,-60.855,-61.063,-58.136,-59.109,-59.391,-57.386,-57.78,-59.232,
variance_db,12.94,-64.839,-64.986,-64.863,-30.645,-58.839,-63.087,-60.02,-60.53,-59.155,-61.663,-60.71,-57.928,-59.557,-62.131,-59.553,-61.844,-58.231,-59.164,-56.849,-58.213,-59.233,-62.435,
variance_db,12.96,-66.014,-65.271,-63.408,-30.047,-59.093,-63.659,-57.831,-63.599,-59.149,-61.32,-59.621,-59.471,-60.107,-59.598,-58.442,-60.877,-58.803,-60.571,-58.805,-58.458,-60.15,-60.786,
variance_db,12.98,-63.322,-65.906,-65.773,-30.558,-58.295,-63.518,-60.465,-62.479,-59.342,-60.954,-57.567,-58.803,-59.413,-59.683,-59.795,-57.896,-59.37,-62.071,-61.05,-59.253,-59.571,-58.374,
variance_db,13.0,-60.512,-63.197,-64.589,-30.411,-58.825,-62.626,-59.591,-62.007,-60.999,-60.18,-58.248,-60.436,-57.813,-60.187,-60.981,-58.774,-60.689,-59.892,-61.408,-59.832,-57.908,-57.848,
variance_db,13.02,-61.587,-64.216,-64.044,-30.06,-58.16,-64.282,-57.272,-59.265,-61.27,-60.298,-61.437,-59.049,-58.426,-57.98,-60.152,-60.206,-60.02,-60.081,-58.256,-61.682,-57.156,-59.472,
variance_db,13.040000000000001,-63.081,-61.712,-65.799,-30.113,-59.713,-61.591,-58.468,-58.545,-59.886,-61.343,-61.154,-59.987,-61.238,-56.91,-58.876,-61.657,-59.498,-58.873,-58.744,-60.747,-60.767,-59.483,
variance_db,13.06,-63.926,-61.687,-65.095,-30.656,-59.982,-61.65,-57.245,-60.117,-58.553,-63.804,-59.758,-58.497,-60.437,-56.773,-58.885,-60.327,-59.055,-59.465,-60.259,-59.04,-60.878,-60.512,
variance_db,13.08,-63.15,-63.561,-65.086,-30.123,-58.151,-63.195,-57.763,-60.849,-58.719,-63.208,-57.812,-60.094,-57.421,-58.507,-58.983,-61.989,-60.874,-56.916,-59.119,-58.583,-58.818,-58.404,
variance_db,13.1,-64.298,-64.499,-64.58,-29.707,-58.316,-64.551,-56.748,-59.185,-59.641,-61.072,-59.044,-60.126,-57.356,-60.347,-60.268,-61.239,-61.33,-57.552,-57.236,-58.678,-56.918,-58.874,
variance_db,13.120000000000001,-63.903,-65.107,-62.514,-30.304,-58.916,-64.244,-55.677,-59.775,-57.808,-57.352,-60.99,-61.625,-57.406,-59.983,-62.503,-59.222,-60.124,-60.34,-58.902,-58.655,-60.589,-57.1,
variance_db,13.14,-63.234,-62.335,-64.849,-29.738,-59.03,-61.801,-58.169,-61.559,-61.335,-61.162,-58.808,-61.224,-59.097,-60.453,-60.645,-59.372,-61.556,-60.302,-59.889,-59.129,-59.768,-56.918,
variance_db,13.16,-61.436,-62.828,-65.105,-30.664,-58.795,-63.242,-58.125,-60.948,-62.72,-60.805,-59.988,-59.635,-59.725,-61.662,-60.223,-59.918,-59.208,-59.185,-57.765,-58.542,-60.025,-58.276,
variance_db,13.18,-61.224,-64.183,-65.18,-31.431,-58.317,-64.592,-59.153,-60.804,-61.143,-60.575,-59.33,-61.28,-59.835,-59.876,-57.751,-61.072,-56.592,-58.559,-59.543,-61.509,-59.621,-59.254,
variance_db,13.200000000000001,-63.624,-65.482,-62.006,-30.794,-59.955,-65.459,-59.616,-61.39,-63.001,-63.057,-58.845,-57.761,-58.533,-60.184,-59.485,-61.024,-57.836,-56.321,-59.572,-61.254,-58.829,-60.444,
variance_db,13.22,-66.222,-65.074,-61.675,-30.008,-61.918,-65.161,-59.539,-62.602,-60.509,-62.972,-59.551,-56.958,-58.984,-59.631,-59.587,-59.678,-58.062,-56.606,-59.143,-60.526,-62.128,-59.621,
variance_db,13.24,-66.283,-66.285,-63.843,-30.72,-62.76,-65.914,-57.936,-61.479,-59.108,-62.292,-60.213,-58.663,-58.496,-59.07,-59.771,-61.163,-60.004,-58.584,-59.156,-58.538,-61.136,-58.47,
variance_db,13.26,-64.831,-67.487,-66.587,-30.115,-61.686,-65.982,-57.324,-60.927,-60.534,-60.147,-61.052,-60.499,-58.554,-59.598,-60.224,-60.13,-59.893,-58.808,-60.357,-58.105,-61.052,-58.88,
variance_db,13.280000000000001,-64.606,-67.153,-67.546,-30.012,-59.606,-65.741,-59.396,-60.132,-59.346,-61.062,-60.099,-60.693,-59.115,-57.944,-60.615,-59.825,-60.121,-58.332,-59.559,-59.214,-58.856,-59.443,
variance_db,13.3,-63.231,-63.527,-66.559,-30.126,-60.017,-61.566,-59.072,-61.121,-59.804,-60.959,-59.145,-61.206,-59.34,-56.403,-58.201,-60.238,-60.842,-57.791,-59.186,-59.811,-58.961,-60.809,
variance_db,13.32,-63.041,-64.681,-64.011,-29.985,-60.111,-63.03,-57.745,-61.633,-58.436,-59.681,-59.106,-62.0,-59.193,-60.063,-59.229,-61.015,-60.534,-58.155,-58.872,-59.868,-60.239,-61.05,
variance_db,13.34,-61.124,-65.833,-62.696,-30.84,-60.282,-65.821,-56.719,-62.013,-61.058,-63.103,-60.471,-61.755,-57.495,-61.363,-60.105,-59.085,-59.051,-58.479,-59.727,-58.551,-60.206,-61.118,
variance_db,13.36,-61.574,-66.832,-64.224,-31.32,-58.176,-67.488,-57.109,-64.251,-62.419,-61.321,-61.141,-59.866,-60.494,-59.435,-59.701,-60.322,-58.813,-59.243,-60.052,-58.209,-59.786,-60.792,
variance_db,13.38,-63.746,-67.248,-64.22,-29.863,-60.077,-66.368,-59.501,-60.671,-60.395,-60.906,-62.192,-57.705,-59.433,-56.778,-59.371,-60.508,-58.99,-58.567,-61.721,-58.179,-60.407,-61.753,
variance_db,13.4,-64.399,-65.615,-63.544,-29.79,-62.091,-64.467,-60.024,-61.107,-58.138,-62.242,-60.427,-60.686,-59.587,-56.537,-59.948,-59.865,-60.602,-57.998,-61.803,-59.276,-60.288,-58.797,
variance_db,13.42,-66.064,-66.159,-64.645,-29.618,-63.841,-66.423,-59.468,-62.216,-57.418,-64.223,-58.762,-59.063,-58.274,-56.906,-57.93,-60.043,-59.829,-59.373,-58.826,-59.484,-60.664,-59.897,
variance_db,13.44,-64.335,-64.042,-65.744,-29.88,-62.515,-64.669,-58.823,-62.168,-60.761,-63.569,-59.112,-58.086,-59.492,-58.718,-59.817,-61.699,-59.896,-60.196,-59.579,-60.499,-60.353,-61.23,
variance_db,13.46,-62.15,-61.291,-66.209,-30.279,-59.505,-62.825,-63.36,-61.711,-60.492,-59.042,-59.965,-59.294,-60.095,-60.142,-61.373,-62.246,-59.449,-58.546,-60.308,-59.632,-58.367,-59.56,
variance_db,13.48,-62.373,-60.775,-65.062,-31.397,-60.278,-61.313,-61.507,-62.376,-58.597,-59.586,-61.226,-60.446,-60.139,-58.515,-60.714,-61.914,-58.905,-58.529,-59.903,-59.903,-59.032,-58.449,
variance_db,13.5,-64.062,-62.801,-64.039,-30.586,-61.5,-61.588,-59.906,-64.315,-59.743,-58.96,-59.19,-61.707,-57.946,-58.243,-58.985,-62.153,-58.853,-58.411,-59.751,-59.531,-60.718,-60.507,
variance_db,13.52,-64.443,-65.713,-63.676,-29.932,-60.866,-65.533,-59.886,-62.152,-59.092,-59.342,-59.596,-60.549,-58.31,-58.792,-58.37,-61.575,-59.121,-59.771,-59.856,-57.363,-60.248,-62.512,
variance_db,13.540000000000001,-63.38,-66.495,-64.827,-29.858,-59.091,-64.847,-60.562,-59.46,-58.566,-60.879,-59.083,-60.193,-58.821,-60.359,-59.947,-62.116,-61.747,-60.014,-59.828,-59.221,-59.325,-60.39,
variance_db,13.56,-63.485,-65.914,-63.052,-29.963,-59.461,-64.675,-59.626,-63.063,-58.303,-60.244,-60.36,-59.141,-59.32,-60.417,-60.019,-60.271,-59.69,-59.507,-59.916,-57.672,-57.58,-60.204,
variance_db,13.58,-62.643,-63.337,-61.122,-30.052,-60.915,-62.566,-56.481,-63.532,-59.402,-60.142,-58.014,-58.577,-61.634,-56.696,-60.78,-59.949,-57.164,-57.85,-58.324,-58.732,-57.434,-60.307,
variance_db,13.6,-62.453,-61.833,-62.422,-30.295,-60.269,-62.383,-59.503,-61.758,-60.796,-61.122,-58.711,-60.182,-61.291,-58.861,-58.016,-59.575,-58.678,-57.574,-60.785,-60.695,-58.983,-59.895,
variance_db,13.620000000000001,-63.276,-62.277,-63.659,-29.931,-60.271,-63.702,-61.931,-63.027,-60.902,-62.118,-61.122,-59.787,-59.836,-60.611,-58.579,-63.19,-59.404,-59.565,-60.474,-60.26,-60.865,-60.69,
variance_db,13.64,-62.839,-66.813,-63.685,-30.19,-61.16,-66.529,-61.761,-61.354,-61.164,-62.527,-61.144,-56.53,-60.919,-58.342,-59.384,-58.949,-61.258,-57.34,-58.393,-60.136,-60.955,-59.99,
variance_db,13.66,-64.088,-63.295,-64.731,-30.336,-62.527,-64.109,-60.887,-60.358,-60.4,-59.602,-59.11,-59.427,-59.506,-59.965,-58.36,-57.816,-60.966,-55.94,-57.952,-59.124,-60.857,-60.327,
variance_db,13.68,-64.372,-63.362,-65.563,-30.904,-60.213,-62.345,-58.978,-60.643,-60.752,-60.134,-59.124,-59.979,-60.066,-60.525,-58.364,-57.581,-60.769,-57.166,-59.674,-59.395,-60.723,-62.445,
variance_db,13.700000000000001,-63.553,-63.85,-62.858,-30.927,-60.331,-64.067,-56.335,-61.453,-60.186,-60.669,-58.502,-56.449,-59.178,-55.349,-60.296,-59.986,-59.216,-61.239,-58.665,-58.966,-60.568,-58.803,
variance_db,13.72,-64.351,-63.599,-64.278,-30.403,-61.2,-63.764,-57.612,-60.964,-62.008,-60.429,-60.231,-57.931,-59.248,-58.788,-61.453,-61.693,-58.113,-60.61,-56.881,-59.432,-60.944,-59.632,
variance_db,13.74,-63.229,-62.839,-65.118,-29.993,-61.345,-61.447,-59.607,-59.887,-60.839,-59.714,-60.184,-59.167,-59.328,-57.307,-59.002,-61.568,-59.061,-59.706,-57.437,-59.325,-60.36,-59.365,
variance_db,13.76,-64.421,-64.456,-64.283,-30.508,-62.589,-63.704,-57.756,-61.503,-59.695,-60.742,-61.166,-59.847,-58.804,-58.584,-59.545,-61.645,-60.107,-59.721,-61.13,-60.53,-60.038,-58.746,
variance_db,13.780000000000001,-63.621,-64.498,-66.532,-30.226,-61.169,-62.495,-60.061,-63.395,-60.034,-60.011,-61.508,-59.741,-59.872,-57.295,-60.685,-60.89,-60.139,-59.777,-62.508,-59.862,-57.649,-59.262,
variance_db,13.8,-64.187,-64.514,-67.84,-30.329,-61.434,-62.148,-60.926,-60.955,-61.528,-60.063,-60.375,-59.039,-59.205,-57.295,-61.899,-60.293,-59.124,-60.065,-60.1,-58.772,-58.25,-60.37,
variance_db,13.82,-63.401,-61.311,-64.372,-30.454,-60.289,-59.836,-59.503,-57.87,-60.95,-61.197,-59.878,-59.825,-57.893,-56.891,-62.925,-60.304,-59.51,-60.737,-61.178,-58.324,-60.023,-60.808,
variance_db,13.84,-64.603,-60.624,-64.491,-29.935,-60.683,-60.574,-61.161,-58.624,-60.032,-60.855,-59.008,-58.428,-59.924,-59.273,-63.284,-60.531,-61.025,-61.118,-60.518,-57.876,-60.155,-58.9,
variance_db,13.86,-64.953,-64.143,-64.142,-30.501,-62.275,-62.951,-59.384,-59.802,-60.13,-59.419,-58.937,-57.505,-62.472,-60.39,-63.548,-59.849,-60.666,-59.414,-59.282,-60.465,-60.296,-59.08,
variance_db,13.88,-64.711,-64.569,-62.108,-30.066,-62.496,-63.198,-56.552,-61.936,-59.539,-60.125,-58.029,-58.478,-61.358,-60.871,-63.816,-57.183,-60.562,-56.878,-59.34,-61.212,-59.783,-59.351,
variance_db,13.9,-63.275,-65.207,-64.112,-30.745,-60.828,-64.861,-57.783,-62.081,-60.108,-61.387,-57.279,-59.393,-61.46,-59.131,-60.545,-59.061,-58.547,-59.516,-59.742,-58.127,-58.726,-59.322,
variance_db,13.92,-63.105,-63.976,-64.557,-30.831,-60.806,-62.535,-62.272,-62.175,-60.418,-60.58,-58.698,-57.236,-62.724,-58.786,-62.998,-60.98,-60.175,-61.354,-61.28,-60.681,-58.037,-60.741,
variance_db,13.94,-61.537,-64.421,-63.879,-30.315,-59.805,-63.395,-62.269,-64.184,-61.629,-62.377,-59.793,-57.854,-61.489,-59.287,-61.519,-60.848,-59.717,-61.469,-60.681,-60.299,-58.189,-59.341,
variance_db,13.96,-61.678,-64.608,-63.974,-30.098,-61.983,-63.977,-59.537,-62.858,-62.919,-61.02,-61.021,-59.1,-61.522,-61.647,-60.341,-59.862,-58.987,-62.27,-61.443,-60.046,-60.344,-60.592,
variance_db,13.98,-62.848,-64.496,-64.875,-30.734,-62.725,-62.385,-59.979,-62.228,-63.288,-61.523,-60.444,-60.192,-59.153,-61.554,-58.948,-60.615,-58.413,-60.954,-58.481,-59.854,-61.48,-58.102,
variance_db,14.0,-63.658,-63.67,-64.251,-29.754,-64.117,-62.31,-63.122,-62.353,-60.334,-61.96,-60.578,-60.08,-57.957,-58.972,-60.653,-59.214,-58.411,-60.833,-58.861,-58.934,-60.787,-58.761,
variance_db,14.02,-61.843,-64.792,-61.372,-29.846,-61.455,-64.237,-61.657,-62.452,-61.509,-61.037,-58.821,-59.711,-60.818,-57.977,-60.165,-59.509,-59.013,-59.65,-61.415,-59.339,-60.943,-60.498,
variance_db,14.040000000000001,-62.133,-64.702,-63.94,-30.27,-61.389,-65.833,-62.614,-60.616,-61.004,-58.975,-59.91,-61.097,-58.668,-56.102,-58.898,-59.207,-58.642,-58.835,-60.327,-61.03,-61.474,-61.666,
variance_db,14.06,-66.034,-66.145,-64.385,-29.79,-64.298,-66.389,-64.397,-58.495,-61.54,-60.151,-61.054,-61.537,-60.793,-59.48,-57.976,-59.672,-58.356,-56.134,-61.66,-58.829,-60.068,-62.713,
variance_db,14.08,-65.303,-67.726,-62.098,-30.445,-62.927,-64.964,-60.574,-59.557,-63.36,-59.401,-60.887,-60.512,-58.48,-60.13,-60.285,-61.971,-60.088,-55.865,-61.044,-56.654,-58.709,-60.105,
variance_db,14.1,-65.108,-63.919,-63.627,-30.465,-62.676,-61.058,-61.614,-60.961,-59.786,-60.511,-60.724,-59.191,-56.687,-60.714,-59.945,-61.238,-59.538,-59.138,-60.764,-58.531,-59.327,-59.49,
variance_db,14.120000000000001,-65.741,-63.859,-63.67,-30.534,-63.099,-63.201,-61.123,-61.355,-58.235,-64.112,-62.155,-57.236,-57.645,-62.453,-60.824,-59.778,-60.633,-61.559,-59.78,-60.974,-59.957,-57.427,
variance_db,14.14,-63.614,-64.705,-63.874,-29.966,-62.337,-63.515,-60.044,-62.294,-62.097,-62.405,-60.44,-58.805,-57.453,-57.903,-59.342,-60.552,-61.479,-59.525,-62.909,-59.379,-57.929,-59.499,
variance_db,14.16,-63.7,-62.199,-64.664,-29.827,-61.261,-59.767,-61.05,-62.856,-62.55,-60.72,-62.951,-60.835,-60.817,-56.292,-58.044,-61.379,-59.863,-60.35,-59.379,-60.307,-60.307,-59.836,
variance_db,14.18,-65.145,-63.367,-61.388,-30.05,-60.905,-61.704,-58.912,-60.329,-62.488,-59.917,-62.427,-62.158,-61.256,-57.355,-60.056,-59.561,-59.375,-60.149,-59.035,-58.829,-59.035,-60.397,
variance_db,14.200000000000001,-65.08,-61.817,-63.325,-29.847,-61.386,-60.654,-60.238,-61.572,-62.177,-60.848,-60.93,-62.438,-57.724,-59.226,-60.805,-57.329,-59.379,-58.947,-58.796,-57.021,-57.61,-61.299,
variance_db,14.22,-63.138,-61.063,-66.147,-30.121,-62.067,-60.501,-64.878,-60.264,-60.485,-60.899,-62.592,-61.518,-58.01,-61.004,-61.504,-58.187,-59.683,-59.289,-59.415,-58.485,-59.455,-58.466,
variance_db,14.24,-62.506,-62.395,-64.151,-30.575,-62.516,-61.632,-65.048,-59.102,-60.299,-59.667,-60.009,-58.677,-57.61,-62.658,-59.595,-58.927,-60.334,-58.249,-59.372,-59.126,-61.585,-59.536,
variance_db,14.26,-62.408,-63.332,-62.382,-30.099,-60.145,-62.243,-62.244,-57.574,-60.633,-60.634,-59.234,-59.746,-60.319,-61.581,-57.799,-59.229,-61.682,-58.481,-62.001,-59.833,-61.315,-59.223,
variance_db,14.280000000000001,-62.452,-66.592,-64.182,-30.252,-60.277,-64.649,-63.541,-60.157,-61.649,-60.077,-60.422,-59.262,-61.194,-59.737,-61.813,-59.873,-59.686,-59.791,-61.825,-59.498,-60.045,-60.241,
variance_db,14.3,-62.956,-66.772,-64.846,-30.425,-61.414,-66.128,-63.108,-58.85,-61.421,-62.088,-58.891,-59.412,-58.993,-58.583,-61.403,-59.221,-58.652,-61.007,-60.93,-60.313,-62.993,-58.816,
variance_db,14.32,-64.463,-63.744,-64.064,-30.18,-62.867,-63.155,-61.441,-60.448,-59.38,-62.274,-58.772,-60.518,-59.709,-57.405,-61.423,-60.621,-60.309,-58.903,-59.025,-60.552,-61.453,-58.698,
variance_db,14.34,-64.709,-65.388,-61.792,-30.166,-63.487,-63.539,-58.971,-61.141,-60.204,-62.381,-61.136,-59.984,-59.121,-58.662,-58.449,-58.373,-60.14,-59.104,-60.607,-61.322,-60.618,-59.818,
variance_db,14.36,-65.643,-65.68,-64.421,-29.944,-65.126,-63.778,-61.112,-59.546,-61.441,-63.136,-60.522,-61.914,-58.403,-61.257,-59.304,-59.334,-59.428,-60.929,-60.338,-60.491,-59.93,-55.567,
variance_db,14.38,-64.34,-63.229,-64.358,-29.882,-62.847,-61.828,-60.607,-60.849,-62.051,-62.148,-60.541,-60.409,-58.129,-60.539,-58.907,-59.987,-58.476,-59.7,-59.122,-61.203,-58.281,-58.65,
variance_db,14.4,-63.921,-63.953,-62.073,-29.76,-61.533,-63.812,-59.681,-62.213,-62.46,-61.083,-60.936,-61.405,-60.141,-60.997,-58.685,-58.956,-61.432,-58.611,-58.306,-60.667,-58.835,-60.268,
variance_db,14.42,-63.636,-63.145,-65.197,-29.698,-62.424,-62.898,-63.672,-61.396,-59.261,-61.986,-60.638,-62.962,-60.437,-60.698,-61.651,-59.385,-60.736,-59.963,-59.644,-59.505,-59.703,-59.295,
variance_db,14.44,-61.954,-61.364,-65.204,-30.131,-60.493,-61.174,-64.224,-61.131,-59.936,-61.711,-60.579,-61.824,-59.751,-58.859,-59.874,-58.098,-59.598,-60.366,-59.55,-59.204,-59.61,-61.002,
variance_db,14.46,-64.095,-62.726,-64.472,-31.248,-61.3,-61.574,-62.169,-62.643,-62.071,-62.064,-60.37,-61.322,-59.884,-59.03,-58.119,-58.731,-58.942,-61.725,-59.412,-57.929,-59.516,-61.504,
variance_db,14.48,-66.888,-63.207,-64.495,-30.172,-64.696,-61.235,-60.799,-62.376,-62.468,-61.363,-58.587,-59.695,-60.856,-61.02,-56.671,-58.856,-60.712,-60.517,-60.59,-58.191,-60.167,-61.619,
variance_db,14.5,-65.46,-64.799,-65.348,-30.172,-63.526,-65.064,-62.201,-59.391,-61.042,-61.467,-55.758,-59.565,-60.284,-60.306,-60.302,-61.447,-61.119,-58.932,-59.669,-59.569,-60.927,-61.281,
variance_db,14.52,-63.881,-66.418,-63.144,-29.762,-62.076,-66.098,-60.84,-58.463,-60.842,-61.442,-58.364,-60.012,-59.651,-60.056,-59.783,-61.67,-59.379,-58.014,-60.011,-61.387,-58.676,-59.749,
variance_db,14.540000000000001,-63.036,-64.786,-65.379,-30.604,-63.961,-63.377,-60.833,-60.772,-60.073,-61.171,-60.922,-58.636,-59.67,-59.078,-57.73,-62.846,-58.415,-60.418,-59.696,-61.018,-58.281,-60.803,
variance_db,14.56,-63.68,-63.844,-66.075,-30.459,-63.817,-63.231,-64.175,-62.294,-59.715,-61.437,-61.888,-60.224,-59.258,-59.943,-60.79,-61.37,-58.089,-59.573,-60.176,-60.061,-59.32,-60.1,
variance_db,14.58,-64.217,-64.338,-64.465,-30.399,-63.29,-62.573,-62.946,-64.664,-60.101,-60.833,-63.132,-63.226,-60.271,-59.934,-60.718,-61.535,-60.716,-60.187,-60.301,-60.22,-61.639,-59.917,
variance_db,14.6,-65.4,-63.318,-65.993,-30.198,-64.3,-60.301,-62.318,-62.124,-61.582,-61.935,-59.045,-62.638,-60.367,-60.236,-60.987,-62.504,-60.549,-60.794,-61.205,-60.341,-62.878,-60.105,
variance_db,14.620000000000001,-64.585,-62.125,-65.461,-29.909,-64.483,-59.719,-62.263,-60.207,-61.749,-62.833,-60.848,-61.778,-59.589,-59.487,-60.266,-60.103,-57.819,-60.018,-60.775,-58.736,-61.06,-61.36,
variance_db,14.64,-64.605,-63.159,-65.032,-29.817,-62.467,-61.353,-62.121,-61.535,-60.91,-61.688,-61.158,-58.337,-60.981,-58.711,-58.666,-60.721,-57.431,-61.028,-58.214,-58.706,-60.86,-61.348,
variance_db,14.66,-64.301,-63.546,-65.949,-30.29,-62.564,-63.117,-63.491,-61.712,-61.58,-60.675,-57.516,-60.886,-63.154,-59.383,-60.318,-60.593,-57.883,-60.904,-57.398,-60.012,-60.416,-58.741,
variance_db,14.68,-63.678,-64.652,-64.038,-31.474,-62.359,-63.026,-61.685,-62.268,-61.42,-61.348,-56.232,-63.07,-58.958,-60.301,-59.668,-60.776,-58.356,-60.024,-60.388,-61.729,-59.117,-59.889,
variance_db,14.700000000000001,-63.112,-64.62,-66.463,-30.805,-61.429,-61.621,-63.294,-62.469,-60.737,-62.501,-58.05,-62.641,-57.322,-58.402,-58.69,-59.537,-58.895,-60.623,-61.869,-62.879,-57.825,-60.462,
variance_db,14.72,-63.907,-64.073,-67.596,-29.988,-62.499,-62.595,-64.229,-61.199,-60.716,-63.029,-57.442,-59.853,-57.817,-58.626,-58.812,-60.773,-59.199,-61.186,-59.036,-59.932,-57.447,-60.047,
variance_db,14.74,-63.511,-63.383,-66.163,-29.842,-62.973,-61.666,-64.301,-60.833,-61.554,-60.812,-57.21,-58.779,-58.971,-61.362,-58.992,-60.812,-58.661,-60.216,-58.628,-58.333,-58.507,-59.62,
variance_db,14.76,-64.156,-62.814,-63.532,-30.377,-64.596,-60.296,-61.304,-61.793,-60.874,-62.391,-57.716,-57.746,-58.783,-60.496,-59.109,-59.019,-58.584,-58.554,-58.331,-60.977,-59.065,-60.099,
variance_db,14.780000000000001,-66.445,-64.418,-63.134,-30.337,-64.316,-61.972,-59.355,-64.399,-62.706,-62.978,-58.33,-59.396,-59.975,-57.457,-59.266,-57.455,-59.045,-60.457,-57.442,-60.706,-58.264,-61.584,
variance_db,14.8,-66.777,-65.702,-63.029,-30.417,-63.514,-63.856,-59.637,-62.162,-60.676,-61.207,-59.253,-60.479,-61.68,-59.403,-61.935,-61.022,-59.526,-60.008,-56.068,-57.833,-59.323,-59.933,
variance_db,14.82,-64.118,-65.032,-64.729,-30.902,-63.137,-64.461,-63.296,-60.947,-60.215,-63.215,-59.507,-59.999,-59.965,-60.091,-61.288,-62.639,-58.492,-59.066,-55.169,-57.971,-59.251,-58.523,
variance_db,14.84,-63.56,-63.771,-65.386,-30.834,-64.227,-63.137,-63.135,-60.519,-59.514,-60.55,-60.191,-61.661,-59.717,-59.211,-60.42,-58.606,-60.927,-57.799,-58.059,-60.169,-60.974,-58.684,
variance_db,14.86,-62.839,-63.121,-64.551,-30.125,-63.06,-63.777,-61.513,-61.599,-59.727,-60.732,-59.469,-59.748,-61.716,-58.737,-60.039,-59.554,-59.919,-57.466,-57.799,-59.211,-61.037,-59.603,
variance_db,14.88,-64.858,-61.63,-64.982,-30.477,-63.822,-61.34,-61.93,-60.894,-61.553,-60.478,-59.92,-60.374,-60.568,-58.485,-59.911,-60.268,-61.308,-59.446,-58.096,-56.632,-58.73,-58.666,
variance_db,14.9,-65.345,-61.628,-63.332,-29.925,-62.872,-61.618,-60.436,-60.17,-61.426,-59.288,-58.801,-60.688,-60.724,-58.232,-58.645,-61.501,-58.874,-60.08,-59.664,-57.125,-58.573,-59.435,
variance_db,14.92,-64.214,-64.323,-65.69,-30.502,-61.812,-62.589,-62.319,-61.084,-60.446,-60.609,-58.126,-62.405,-61.814,-59.288,-61.342,-59.253,-57.529,-62.696,-59.671,-61.052,-60.473,-59.912,
variance_db,14.94,-64.486,-62.705,-67.496,-30.364,-61.628,-62.047,-64.506,-61.961,-59.708,-62.205,-60.626,-61.746,-61.185,-60.762,-58.306,-60.832,-59.236,-59.569,-59.426,-59.472,-58.235,-57.341,
variance_db,14.96,-64.156,-63.899,-65.632,-30.083,-62.084,-63.035,-62.179,-62.497,-59.91,-60.481,-60.187,-61.047,-59.095,-60.284,-57.377,-62.189,-60.162,-58.112,-58.643,-57.2,-57.408,-57.452,
variance_db,14.98,-64.566,-63.446,-65.474,-30.087,-61.174,-63.425,-63.276,-60.349,-60.198,-62.722,-57.879,-59.081,-58.649,-58.732,-57.471,-62.411,-60.283,-60.808,-58.513,-57.636,-59.673,-61.255,
variance_db,15.0,-62.537,-63.431,-64.156,-30.097,-60.23,-61.503,-62.064,-62.083,-60.562,-60.579,-57.801,-59.986,-58.213,-59.355,-59.469,-61.415,-59.135,-56.59,-61.472,-57.827,-59.154,-58.381,
variance_db,15.02,-62.034,-63.623,-64.456,-30.009,-59.241,-62.37,-60.375,-64.297,-60.832,-58.564,-59.71,-62.749,-57.863,-58.55,-60.361,-59.546,-59.118,-58.612,-61.148,-55.627,-59.56,-57.273,
variance_db,15.040000000000001,-63.401,-62.916,-62.562,-30.423,-60.748,-63.691,-59.967,-63.937,-60.537,-61.019,-60.941,-62.075,-59.352,-59.712,-57.938,-58.564,-60.38,-60.677,-59.3,-59.084,-58.55,-59.022,
variance_db,15.06,-64.195,-63.144,-62.601,-29.944,-62.852,-63.57,-62.086,-61.543,-60.962,-62.654,-60.429,-60.792,-60.606,-59.919,-57.034,-59.291,-59.31,-60.134,-59.183,-61.058,-58.457,-58.74,
variance_db,15.08,-64.469,-63.354,-62.587,-30.056,-61.264,-63.006,-62.0,-61.096,-59.671,-61.047,-59.955,-58.972,-61.251,-57.086,-58.92,-61.375,-61.389,-58.556,-59.188,-58.708,-59.161,-58.284,
variance_db,15.1,-64.523,-64.026,-66.076,-30.355,-61.068,-63.197,-63.302,-60.497,-58.716,-60.925,-58.978,-58.429,-61.219,-57.371,-58.555,-61.237,-59.346,-57.984,-59.519,-59.97,-60.207,-57.649,
variance_db,15.120000000000001,-64.149,-64.569,-64.236,-30.839,-62.565,-64.537,-63.748,-61.273,-59.824,-61.137,-57.882,-59.129,-62.641,-59.703,-60.42,-59.884,-57.03,-59.603,-57.831,-60.228,-59.339,-59.383,
variance_db,15.14,-63.75,-64.475,-62.625,-30.141,-61.621,-64.883,-62.981,-61.69,-61.542,-63.388,-58.494,-59.874,-63.112,-60.383,-61.388,-59.015,-58.38,-59.928,-58.111,-59.826,-57.641,-61.431,
variance_db,15.16,-62.409,-62.805,-62.731,-29.617,-61.364,-63.961,-61.967,-59.832,-60.96,-62.298,-60.305,-62.132,-59.812,-59.298,-62.211,-59.816,-60.577,-59.699,-60.104,-58.04,-59.439,-60.335,
variance_db,15.18,-64.027,-61.821,-62.818,-29.71,-60.756,-61.902,-60.579,-62.095,-60.64,-61.131,-58.771,-61.908,-59.659,-58.576,-61.377,-58.555,-61.492,-59.096,-60.186,-58.42,-58.595,-60.325,
variance_db,15.200000000000001,-62.303,-64.152,-62.136,-29.848,-62.076,-61.728,-60.709,-62.153,-60.947,-61.865,-59.35,-60.343,-60.325,-58.291,-59.696,-58.877,-61.528,-59.243,-60.415,-60.855,-57.009,-59.019,
variance_db,15.22,-65.754,-63.324,-63.18,-29.799,-63.596,-61.636,-62.449,-62.114,-61.048,-59.579,-60.192,-60.712,-59.518,-59.362,-60.549,-59.644,-60.203,-61.098,-62.257,-60.413,-58.877,-60.117,
variance_db,15.24,-63.996,-67.463,-64.959,-29.792,-64.341,-64.831,-64.509,-60.727,-60.942,-58.96,-60.591,-59.928,-57.755,-60.614,-59.623,-59.961,-60.837,-59.345,-61.671,-59.063,-59.615,-59.148,
variance_db,15.26,-63.88,-68.007,-66.451,-29.825,-63.176,-63.604,-63.695,-60.706,-61.727,-58.8,-61.025,-58.594,-58.3,-57.596,-56.147,-61.373,-58.655,-59.385,-60.018,-59.877,-58.355,-57.665,
variance_db,15.280000000000001,-63.931,-65.363,-64.82,-30.034,-62.598,-63.299,-62.489,-60.432,-61.757,-59.76,-60.859,-60.293,-58.301,-57.29,-60.697,-61.35,-59.276,-58.192,-61.452,-57.51,-59.534,-58.694,
variance_db,15.3,-63.539,-65.491,-62.415,-30.006,-61.975,-63.441,-61.524,-62.542,-60.082,-59.806,-59.587,-62.238,-60.813,-57.093,-59.699,-59.014,-61.36,-58.289,-60.074,-58.064,-60.164,-60.093,
variance_db,15.32,-62.623,-65.423,-63.977,-30.39,-61.534,-62.81,-61.856,-60.861,-57.869,-59.376,-61.648,-62.241,-61.911,-58.49,-58.499,-57.771,-59.92,-58.281,-60.625,-59.168,-56.93,-60.68,
variance_db,15.34,-64.088,-64.853,-63.722,-30.683,-62.548,-62.762,-62.008,-61.044,-59.518,-62.101,-60.993,-59.002,-60.554,-60.49,-58.898,-58.012,-59.468,-59.631,-60.781,-59.707,-55.472,-61.005,
variance_db,15.36,-65.628,-62.084,-63.796,-30.255,-63.503,-62.029,-62.104,-61.445,-57.953,-61.645,-61.217,-59.212,-59.746,-60.378,-57.456,-60.511,-59.32,-60.475,-61.008,-59.258,-59.387,-62.966,
variance_db,15.38,-65.365,-64.151,-62.855,-29.997,-65.411,-64.476,-62.576,-60.528,-59.661,-61.146,-61.348,-60.489,-60.632,-57.851,-59.843,-61.289,-60.113,-59.656,-61.469,-60.528,-60.2,-62.367,
variance_db,15.4,-65.628,-63.994,-63.426,-30.291,-64.56,-64.637,-62.016,-60.797,-59.436,-60.801,-60.385,-59.822,-60.167,-58.796,-60.156,-60.85,-60.771,-60.092,-59.652,-61.655,-60.442,-59.376,
variance_db,15.42,-65.574,-64.575,-63.594,-29.98,-61.949,-63.545,-61.952,-62.258,-62.028,-60.588,-60.784,-63.027,-59.451,-59.344,-62.606,-61.447,-60.26,-61.013,-58.941,-61.199,-59.82,-58.113,
variance_db,15.44,-64.507,-62.136,-63.832,-29.951,-62.487,-60.422,-62.165,-62.878,-63.752,-60.388,-60.684,-60.634,-60.562,-59.406,-62.046,-61.083,-60.67,-58.958,-60.628,-59.348,-59.601,-61.032,
variance_db,15.46,-63.736,-62.548,-64.012,-30.055,-62.555,-61.251,-60.557,-61.811,-61.42,-60.579,-59.407,-58.987,-60.033,-60.004,-59.273,-61.675,-60.161,-57.103,-61.08,-60.398,-59.933,-63.36,
variance_db,15.48,-62.595,-63.026,-63.476,-30.208,-61.237,-62.097,-60.438,-60.666,-59.683,-62.001,-58.609,-58.661,-60.529,-59.965,-60.446,-62.466,-61.705,-58.817,-60.309,-59.072,-60.717,-59.942,
variance_db,15.5,-65.101,-61.793,-64.175,-30.144,-62.525,-61.638,-62.632,-59.55,-58.836,-60.265,-59.904,-59.606,-59.052,-58.284,-60.299,-59.678,-59.873,-59.365,-59.949,-58.61,-60.701,-60.066,
variance_db,15.52,-65.31,-64.372,-64.884,-30.076,-61.873,-64.389,-63.114,-62.516,-59.222,-59.352,-58.894,-60.427,-59.221,-58.23,-60.709,-58.75,-58.382,-61.395,-59.239,-58.933,-59.999,-61.15,
variance_db,15.540000000000001,-63.718,-62.608,-64.212,-29.768,-62.492,-62.516,-62.126,-64.388,-60.446,-62.093,-60.685,-58.022,-59.434,-58.848,-60.147,-58.295,-58.445,-60.059,-58.849,-57.921,-58.015,-61.133,
variance_db,15.56,-62.192,-62.931,-65.699,-30.428,-62.091,-62.631,-62.472,-63.318,-61.205,-61.639,-60.216,-59.365,-59.835,-60.723,-59.004,-59.493,-60.302,-60.071,-58.128,-60.175,-58.744,-62.106,
variance_db,15.58,-63.681,-64.065,-65.558,-29.909,-60.949,-63.675,-60.764,-63.619,-61.939,-60.825,-59.786,-59.792,-59.547,-61.035,-61.307,-60.424,-63.42,-60.827,-58.78,-59.199,-59.25,-59.376,
variance_db,15.6,-65.896,-63.229,-64.584,-29.994,-62.518,-62.54,-61.333,-63.839,-61.282,-60.091,-60.757,-59.732,-58.618,-61.092,-61.321,-61.427,-60.957,-60.928,-60.032,-58.957,-59.199,-58.785,
variance_db,15.620000000000001,-63.856,-63.408,-64.439,-31.144,-62.236,-61.476,-62.596,-62.48,-62.186,-61.407,-61.142,-59.843,-60.363,-62.048,-60.832,-59.255,-56.564,-59.8,-60.786,-60.485,-59.338,-58.992,
variance_db,15.64,-65.078,-66.016,-62.362,-30.667,-62.472,-64.859,-61.405,-61.541,-61.692,-63.172,-60.141,-61.165,-60.114,-61.127,-60.157,-59.481,-59.413,-58.442,-60.066,-62.861,-59.996,-58.314,
variance_db,15.66,-64.11,-65.807,-62.09,-30.137,-61.818,-66.83,-62.592,-59.13,-61.918,-63.417,-59.698,-59.84,-59.417,-61.155,-58.514,-60.466,-59.14,-60.427,-59.149,-61.438,-59.412,-61.378,
variance_db,15.68,-63.356,-63.771,-65.024,-30.249,-61.818,-62.992,-60.658,-59.15,-61.22,-61.646,-60.243,-60.705,-58.881,-58.705,-59.385,-60.13,-60.151,-59.056,-60.435,-59.981,-59.543,-59.972,
variance_db,15.700000000000001,-64.021,-63.746,-63.907,-30.397,-63.105,-62.816,-60.727,-61.684,-60.76,-62.087,-59.822,-62.649,-60.027,-57.325,-61.932,-59.153,-60.547,-58.758,-61.223,-59.04,-60.479,-60.43,
variance_db,15.72,-65.543,-62.878,-66.207,-30.219,-62.752,-63.061,-62.949,-63.288,-60.105,-60.606,-61.548,-62.354,-63.3,-59.265,-59.206,-58.724,-59.929,-60.231,-61.488,-60.086,-60.306,-59.744,
variance_db,15.74,-63.101,-64.006,-66.43,-29.666,-60.844,-63.003,-63.729,-62.014,-59.627,-60.5,-62.034,-59.126,-61.0,-60.591,-57.916,-59.19,-59.843,-60.391,-59.507,-61.211,-58.698,-60.83,
variance_db,15.76,-63.952,-63.679,-63.206,-29.983,-61.709,-64.713,-61.39,-60.805,-61.654,-60.883,-60.28,-58.685,-59.837,-59.748,-58.918,-58.418,-59.362,-60.485,-57.736,-59.712,-58.534,-58.401,
variance_db,15.780000000000001,-65.033,-62.889,-63.867,-30.672,-61.127,-64.923,-62.048,-60.23,-61.147,-61.687,-60.84,-56.232,-60.468,-60.194,-61.747,-60.47,-58.307,-59.219,-57.448,-58.724,-57.501,-58.863,
variance_db,15.8,-64.749,-63.928,-65.288,-30.392,-61.309,-64.755,-61.868,-59.44,-60.432,-59.598,-62.078,-57.504,-59.09,-60.994,-61.587,-59.15,-58.109,-59.144,-59.511,-58.669,-57.092,-57.922,
variance_db,15.82,-63.669,-65.585,-65.12,-29.959,-63.72,-63.078,-62.289,-59.593,-59.446,-60.746,-62.488,-59.734,-60.019,-62.111,-59.923,-58.988,-58.497,-59.558,-58.926,-61.169,-60.435,-58.664,
variance_db,15.84,-64.618,-63.879,-63.148,-30.152,-65.109,-61.767,-61.237,-59.604,-61.931,-61.045,-60.78,-59.953,-59.042,-62.404,-58.668,-59.512,-59.087,-60.861,-60.091,-62.769,-60.074,-59.593,
variance_db,15.860000000000001,-63.788,-63.716,-63.84,-30.457,-61.907,-63.184,-60.907,-61.16,-60.327,-60.305,-61.282,-59.398,-58.464,-60.741,-58.998,-57.796,-58.855,-60.345,-61.071,-62.185,-59.091,-60.412,
variance_db,15.88,-64.758,-63.773,-63.802,-30.592,-62.404,-63.723,-60.777,-61.513,-58.54,-61.36,-61.568,-58.382,-59.182,-59.259,-58.694,-55.99,-59.679,-59.594,-59.848,-60.688,-58.34,-59.259,
variance_db,15.9,-66.491,-65.063,-64.227,-30.771,-64.043,-65.389,-61.369,-61.795,-58.945,-60.375,-60.422,-57.989,-58.67,-60.223,-59.239,-59.99,-60.062,-59.985,-59.065,-58.264,-57.801,-60.941,
variance_db,15.92,-64.634,-65.201,-63.772,-30.304,-62.531,-64.575,-61.067,-58.904,-62.131,-60.715,-60.095,-58.715,-59.482,-60.76,-59.477,-58.681,-59.25,-59.585,-57.438,-58.323,-58.313,-59.787,
variance_db,15.94,-62.5,-61.63,-64.375,-30.19,-60.902,-60.693,-62.991,-60.647,-62.98,-60.22,-62.824,-60.414,-61.825,-60.147,-59.253,-57.762,-59.64,-59.244,-59.626,-61.252,-58.844,-57.776,
variance_db,15.96,-64.196,-61.889,-64.349,-30.016,-63.015,-62.507,-64.1,-60.382,-62.048,-59.76,-59.691,-58.995,-60.756,-62.422,-61.582,-58.41,-60.602,-56.434,-59.528,-60.39,-60.47,-56.337,
variance_db,15.98,-64.709,-63.388,-62.797,-30.555,-63.038,-64.308,-61.364,-60.354,-60.613,-60.509,-59.015,-58.445,-57.72,-60.046,-60.261,-60.487,-60.165,-56.339,-57.676,-58.56,-59.382,-59.952,
variance_db,16.0,-65.126,-64.051,-65.075,-30.172,-64.047,-64.849,-63.199,-60.109,-60.129,-60.385,-60.755,-58.837,-60.506,-57.882,-59.374,-59.582,-61.568,-56.509,-57.801,-59.987,-59.357,-60.809,
